"","baseMean","log2FoldChange","lfcSE","stat","pvalue","padj"
"ENSMUSG00000009185",851.549246538723,6.85046627441925,0.479564491484965,14.2847654404247,2.72324845503899e-46,4.4832839315307e-42
"ENSMUSG00000069792",477.324464240053,4.18308291365565,0.351524787729294,11.899823453921,1.185977846578e-32,9.76237664410684e-29
"ENSMUSG00000074195",27044.3522122239,8.12525779776191,0.726484606115181,11.1843495779093,4.86459129292814e-29,2.66952554851586e-25
"ENSMUSG00000090290",379.243576453815,-1.75877777415236,0.1590940553488,-11.0549559522912,2.07438632565371e-28,8.53765551980924e-25
"ENSMUSG00000026656",1748.76601144496,2.6106440375004,0.242171521161715,10.7801446882645,4.27213254381981e-27,1.19697337731353e-23
"ENSMUSG00000021091",8173.87745907543,3.83244032589605,0.35557262693161,10.7782209192193,4.36241284327351e-27,1.19697337731353e-23
"ENSMUSG00000030218",2274.53056845969,1.91536041830975,0.185311871366569,10.3358754308888,4.84963546356959e-25,1.14056498052494e-21
"ENSMUSG00000022650",1697.38922269394,9.72924504017044,0.947245035621532,10.2710963629243,9.51174785849229e-25,1.95739881242948e-21
"ENSMUSG00000027068",734.200454163018,4.01315825522232,0.395345667524252,10.1510110894946,3.2794794628807e-24,5.99889671082277e-21
"ENSMUSG00000056749",311.839209039097,2.96577586708268,0.298017687918817,9.95167732423517,2.47968013781667e-23,4.08229741088758e-20
"ENSMUSG00000018774",627.190673963815,1.93997552835798,0.199072438611785,9.74507341089624,1.93638860702655e-22,2.8980696034071e-19
"ENSMUSG00000021322",207.580224852914,2.9120075751703,0.301544319202525,9.65698038308766,4.59199657986496e-22,6.29983664119307e-19
"ENSMUSG00000031621",269.657760164026,7.62864428280908,0.796985794510082,9.57186983175592,1.04989414925644e-21,1.32956979840067e-18
"ENSMUSG00000059089",385.005999538515,4.90851622385983,0.515842022919465,9.51554159174458,1.80768791779819e-21,2.12571187076512e-18
"ENSMUSG00000040809",372.415468293504,4.71621131313461,0.51034182711086,9.24127920267472,2.43567660055722e-20,2.67323625833156e-17
"ENSMUSG00000026712",1732.31679724189,1.39044241204149,0.151597572393577,9.17193059287008,4.646221346325e-20,4.78067137653428e-17
"ENSMUSG00000024672",403.884165214826,2.26253367270269,0.247143237064865,9.1547464521915,5.44856063213474e-20,5.27645021687261e-17
"ENSMUSG00000019888",3218.52943326782,2.80656818798636,0.30868432066562,9.09203351156455,9.72037244002689e-20,8.89036063778682e-17
"ENSMUSG00000028194",824.687249328557,2.56351063920213,0.282370948214475,9.07852119848753,1.10059968569594e-19,9.53640664505909e-17
"ENSMUSG00000030732",260.296177204619,3.79305700637463,0.419093093564311,9.05063114764161,1.42144336140897e-19,1.1700611029438e-16
"ENSMUSG00000049037",239.901810710006,2.53265884920126,0.282885822549648,8.95293665258452,3.46148516769567e-19,2.71363953884637e-16
"ENSMUSG00000079012",246.921884953635,5.2193764675068,0.58563699660945,8.91230659559493,4.99816933985014e-19,3.74022099281604e-16
"ENSMUSG00000043832",203.042289048556,2.96285336600303,0.33332918769091,8.88867064575942,6.18443486554775e-19,4.42671092137012e-16
"ENSMUSG00000024679",458.259571198926,2.95646426581549,0.335365697100971,8.81564301707748,1.19000087544321e-18,8.16291017184232e-16
"ENSMUSG00000028859",272.208061515794,4.14396340629071,0.481223816215946,8.6113015745487,7.22356845983976e-18,4.75686430217368e-15
"ENSMUSG00000049971",254.286789019322,-1.75428799026787,0.205269950356577,-8.54624842662296,1.27154163050384e-17,8.05130379345569e-15
"ENSMUSG00000059498",933.148674244463,2.46465245395968,0.293051798445735,8.41029629243537,4.08976276151732e-17,2.49369497566147e-14
"ENSMUSG00000064325",659.730239329738,-1.70060575676977,0.202569734337523,-8.39516210223291,4.65251917097669e-17,2.73551511113533e-14
"ENSMUSG00000027225",1404.29253473365,3.14796013174508,0.376972496646775,8.35063608020914,6.78963174563104e-17,3.85440370442496e-14
"ENSMUSG00000023349",309.160377825547,2.59942833604918,0.31315614755004,8.30074183881,1.03463298218514e-16,5.49456864055289e-14
"ENSMUSG00000021704",665.185667850859,-1.14035131319437,0.137917222305666,-8.26837500154265,1.35797179894007e-16,6.98634053935949e-14
"ENSMUSG00000074677",153.15206758328,4.67218275798686,0.573129263290062,8.1520575849959,3.5778384523196e-16,1.78490771031932e-13
"ENSMUSG00000034652",387.219504672596,2.60004450287796,0.31923311173027,8.14465795476385,3.80355549337331e-16,1.8417039437472e-13
"ENSMUSG00000061808",220.500171193142,-2.48584826048349,0.305633394049174,-8.13343145377476,4.17306095751847e-16,1.96288864410362e-13
"ENSMUSG00000028415",2881.5847998586,1.8319465860729,0.228250441737867,8.02603741804271,1.0067152785098e-15,4.60376489725191e-13
"ENSMUSG00000022938",1198.57193034754,2.04495643379252,0.255310649280021,8.0096793438085,1.15007910515869e-15,5.11723035357498e-13
"ENSMUSG00000074818",153.986646474251,-2.36117825809912,0.295517683916657,-7.98997280570537,1.34968522681605e-15,5.8473336550191e-13
"ENSMUSG00000069516",8858.59905217815,2.23308947634565,0.28131193469644,7.93812562113777,2.05259399208068e-15,8.66457817733954e-13
"ENSMUSG00000025491",1195.32215670454,2.7125484149896,0.342512342785272,7.91956398689594,2.3834488597244e-15,9.8096796444107e-13
"ENSMUSG00000058715",529.395500631689,2.70550264188488,0.341885128782159,7.91348442537484,2.50283162413766e-15,1.00497846410191e-12
"ENSMUSG00000058818",768.417100547832,2.15990358948507,0.273580356587073,7.89495129120368,2.90428639993727e-15,1.13841111909922e-12
"ENSMUSG00000021190",3578.71159009679,1.80089149678881,0.229245173601106,7.85574443509298,3.97404648609635e-15,1.52150528606056e-12
"ENSMUSG00000034641",173.461932468669,3.26400319867758,0.416445933101989,7.83775981281634,4.58655254965176e-15,1.71610033238448e-12
"ENSMUSG00000027962",1819.62614699848,2.28360573212442,0.292797654493359,7.79926238164662,6.22700725710324e-15,2.27811601052646e-12
"ENSMUSG00000040552",380.687711060522,1.79634665351946,0.231188264397161,7.77005986096898,7.84490433837813e-15,2.80762304614607e-12
"ENSMUSG00000079419",616.562198453559,2.52085860774984,0.325604788455101,7.74208088188929,9.78027365635317e-15,3.42580096179877e-12
"ENSMUSG00000036905",1709.37025378927,2.09883559139267,0.272001390912423,7.71626786301415,1.19785437095419e-14,4.02454622633036e-12
"ENSMUSG00000008540",2120.61688307144,1.25483724568729,0.162579158029306,7.71831556330914,1.17877072295107e-14,4.02454622633036e-12
"ENSMUSG00000022122",691.327031487908,1.36624801885657,0.178112692821579,7.67069430714397,1.71067805849943e-14,5.63257857541523e-12
"ENSMUSG00000024610",17548.585538102,2.38520644514372,0.312564545022899,7.6310844691901,2.32787083082146e-14,7.51445833094385e-12
"ENSMUSG00000028655",235.411075965507,4.52706118822868,0.596857062027239,7.5848330802226,3.32915375836285e-14,1.05399727546014e-11
"ENSMUSG00000041961",271.353319811346,-1.13858510382143,0.150934403249432,-7.5435757475373,4.5725703837195e-14,1.39404122642915e-11
"ENSMUSG00000055373",556.495494750097,-4.26515059998053,0.565328262833955,-7.54455575703857,4.53831837755447e-14,1.39404122642915e-11
"ENSMUSG00000012428",1049.64899784021,2.69274870847286,0.357179900864492,7.53891442927087,4.73899793478568e-14,1.41851132727958e-11
"ENSMUSG00000073418",7147.79145362021,2.04164456635688,0.271012025826999,7.53340948663349,4.94322822275669e-14,1.42772572335515e-11
"ENSMUSG00000039109",1058.47044430329,1.03978521971421,0.138069525350089,7.53088139528062,5.03989520813e-14,1.43054818640421e-11
"ENSMUSG00000042684",134.561708702504,2.1638127101781,0.288236092307233,7.50708453218854,6.04586901039159e-14,1.68700239861147e-11
"ENSMUSG00000060904",4445.63224400978,1.03848044323604,0.138430337859302,7.50182697879087,6.29344098623602e-14,1.72681531594006e-11
"ENSMUSG00000036896",1573.07167318232,1.87744510013658,0.250720968086615,7.48818542966054,6.98323218747032e-14,1.88467133610367e-11
"ENSMUSG00000028581",1923.90396071719,1.93769087557172,0.259190958540443,7.47592001851936,7.66655765958457e-14,2.0357183669313e-11
"ENSMUSG00000049103",1137.49993048836,2.56931058804232,0.344466220815679,7.45881724471654,8.73025990820275e-14,2.24572295107409e-11
"ENSMUSG00000024397",292.961690436658,2.91127958868175,0.396052482698442,7.35074192401522,1.97109672092392e-13,4.99233312562622e-11
"ENSMUSG00000079547",715.335498565001,2.66044055476452,0.362441462394172,7.34033169712566,2.13065147232563e-13,5.31468411952983e-11
"ENSMUSG00000000290",763.782736617126,2.0710125729399,0.28306121721841,7.3164829618531,2.54554326313962e-13,6.25481772254739e-11
"ENSMUSG00000135102",1047.76590932285,3.45436186738663,0.473204552235603,7.2999337201362,2.87909519154585e-13,6.97037413800285e-11
"ENSMUSG00000036594",6070.21246269742,2.42714182017813,0.333014550064291,7.28839571637203,3.13667541165683e-13,7.48392569595745e-11
"ENSMUSG00000071856",535.847588722156,-1.37611311097192,0.189904307616756,-7.24635016573211,4.28152333722727e-13,1.00695312429675e-10
"ENSMUSG00000060550",1779.85800564984,2.49732770790532,0.345200082495143,7.23443543192217,4.6746967762283e-13,1.08393708488798e-10
"ENSMUSG00000023044",637.603044783463,-1.01694934317278,0.140619061583609,-7.23194516959654,4.76124443318948e-13,1.08867176532775e-10
"ENSMUSG00000046805",4550.25127006263,2.27568574151066,0.315296214908674,7.21761199121853,5.2908419477003e-13,1.19319357513685e-10
"ENSMUSG00000031722",1106.74401184489,6.89413171117328,0.955443649857272,7.2156340273999,5.36832562470367e-13,1.19430736161482e-10
"ENSMUSG00000037902",1468.5200444144,1.49474456722606,0.207880017405382,7.19041967516869,6.45924689360768e-13,1.41784775479284e-10
"ENSMUSG00000021939",14622.8775749211,1.03617621714569,0.144381667227143,7.17664671038582,7.14419824495376e-13,1.54756494350886e-10
"ENSMUSG00000024421",1686.19912187639,-1.5784500720594,0.220109860516761,-7.17119200545406,7.43475428558587e-13,1.58958908835844e-10
"ENSMUSG00000042429",360.536107116382,2.23030764751698,0.311442934704733,7.16120803842107,7.99691800140896e-13,1.6878623212461e-10
"ENSMUSG00000024300",442.852548375177,2.12200925654838,0.296492596222218,7.1570396144326,8.24378809998479e-13,1.71794282898797e-10
"ENSMUSG00000059824",309.371512197244,-2.78267601749276,0.389039258371514,-7.15268692712608,8.50955342759014e-13,1.75115972598021e-10
"ENSMUSG00000022488",782.503540299225,1.45778381502557,0.203942624395285,7.14800949212103,8.80452254863003e-13,1.78949203355674e-10
"ENSMUSG00000015947",322.458902106899,3.19199939224959,0.447311365306023,7.13596756046164,9.61086763149445e-13,1.92955748557675e-10
"ENSMUSG00000078763",143.822193226843,4.7013831814001,0.659345849671556,7.13037502813134,1.00095821623939e-12,1.98539459204207e-10
"ENSMUSG00000032028",1066.88288492141,-1.87013323325332,0.262423136603861,-7.12640378228679,1.03025197848354e-12,2.01917122878268e-10
"ENSMUSG00000035373",156.238723449252,3.85094410044965,0.540571598525121,7.12383726957992,1.04962962619145e-12,2.03294735717528e-10
"ENSMUSG00000030579",440.543855635906,2.49352762862878,0.350149943088328,7.12131381954777,1.06903070726049e-12,2.04644796902668e-10
"ENSMUSG00000140105",788.92465259795,2.64887082387212,0.372539851547651,7.11030192573452,1.15789368759219e-12,2.19108089411842e-10
"ENSMUSG00000079227",482.793744090674,2.98835657506266,0.420586343810604,7.10521541899697,1.201350071667e-12,2.24748025339248e-10
"ENSMUSG00000025804",447.025428215642,2.41377710922592,0.340336014494707,7.09233524054051,1.31867592631483e-12,2.4392541320136e-10
"ENSMUSG00000076668",38.3850825223185,3.41327384148679,0.482920388148144,7.0679845482931,1.57200046875874e-12,2.87553819079724e-10
"ENSMUSG00000037095",1721.45581971183,3.8009422745924,0.53931230646126,7.04775735516324,1.8182433727093e-12,3.28942204889156e-10
"ENSMUSG00000036887",1837.08782005583,2.05699505800429,0.29282452133956,7.02466804553912,2.14575781955389e-12,3.79845279390492e-10
"ENSMUSG00000079017",551.441991584754,3.31978181837689,0.472536848700005,7.02544537533937,2.13384482810712e-12,3.79845279390492e-10
"ENSMUSG00000039621",754.560782987986,1.6980994322282,0.241814666786184,7.02231777251826,2.18217519708992e-12,3.82182449677568e-10
"ENSMUSG00000021775",1531.72005642622,-1.33822531119304,0.190694652569322,-7.0176341767453,2.25656424245122e-12,3.91050706562889e-10
"ENSMUSG00000004730",637.439962566449,1.70446379000117,0.242943757228107,7.01587811701125,2.28509192862198e-12,3.91869462717747e-10
"ENSMUSG00000017002",1642.85522759762,3.86049532089474,0.55073339476384,7.00973530495669,2.38769410617964e-12,4.05243382165314e-10
"ENSMUSG00000139678",1015.35124686495,1.38797173659475,0.198071310619545,7.00743450554917,2.42727576386174e-12,4.07757560208732e-10
"ENSMUSG00000047798",189.870530322638,3.39579309799598,0.486236534863236,6.98382958604934,2.87240458817313e-12,4.77660573081759e-10
"ENSMUSG00000066363",212.287263609639,5.14725094556327,0.745601897987582,6.90348423127135,5.07422913614385e-12,8.35370342683362e-10
"ENSMUSG00000002699",333.397285358479,2.30833526186366,0.335267923535411,6.88504655477383,5.77686396071811e-12,9.41628825597052e-10
"ENSMUSG00000073421",6163.47167936532,2.32989585788907,0.339266989623593,6.86744047947023,6.53640095338174e-12,1.05498793034827e-09
"ENSMUSG00000073411",22374.9134079929,1.51491613365158,0.22099417504016,6.85500481348109,7.13101181119366e-12,1.1288254562277e-09
"ENSMUSG00000023274",338.026662254589,2.12210703517769,0.310342182614942,6.83795872445321,8.03295324116356e-12,1.25949056389786e-09
"ENSMUSG00000089929",190.401017448593,2.81311584292416,0.411550420918623,6.83540995206614,8.17708496062867e-12,1.26999386515877e-09
"ENSMUSG00000048163",434.568360775442,2.01320680610689,0.294922395290281,6.82622560462173,8.71777985175535e-12,1.328896386106e-09
"ENSMUSG00000022994",5431.26673114372,-1.12465707254323,0.164747508222288,-6.82654981965354,8.69810980400715e-12,1.328896386106e-09
"ENSMUSG00000099974",98.8044036032783,3.64307829783613,0.53438809858218,6.8172893586175,9.2774285686587e-12,1.40123216996173e-09
"ENSMUSG00000120788",45.8202386326736,4.1056563605162,0.602591849074712,6.81332873456635,9.53658772331064e-12,1.42728039717148e-09
"ENSMUSG00000032068",2090.73073972481,6.16812685794145,0.906280606104659,6.80597909344331,1.00364287744075e-11,1.48855609831595e-09
"ENSMUSG00000025492",2658.41940942478,2.11360622082937,0.310678055653329,6.80320409622959,1.02317529575443e-11,1.50397632982189e-09
"ENSMUSG00000079523",6015.94863150777,1.8529113187134,0.273310052588681,6.7795212842096,1.20574734470547e-11,1.75665650760054e-09
"ENSMUSG00000044894",1520.24744774869,1.2129148463958,0.179245170646299,6.7667923326605,1.31668851703733e-11,1.90145991719172e-09
"ENSMUSG00000026177",322.736436070699,2.00492789743837,0.297348911139313,6.74267778468182,1.55493794466622e-11,2.22599507678609e-09
"ENSMUSG00000023992",128.108161580316,1.66397687950196,0.246985158450982,6.73715331697633,1.6151972646208e-11,2.27273440747455e-09
"ENSMUSG00000074785",194.214092881343,2.24993212845195,0.334450991731191,6.72724011612526,1.7291127845904e-11,2.4124054044671e-09
"ENSMUSG00000040522",108.360282584708,2.18416906197064,0.324782290002647,6.72502512976565,1.75562140367818e-11,2.428806316702e-09
"ENSMUSG00000091649",83.3631433885644,3.89442535729515,0.579346275971142,6.72210303029399,1.79120219006019e-11,2.45738013791341e-09
"ENSMUSG00000019122",682.659275224961,2.16884160473722,0.323414837027077,6.70606712009207,1.99939784874147e-11,2.72033775072983e-09
"ENSMUSG00000027313",82.8852076426141,4.77306410761115,0.713037244439581,6.69398989300003,2.17166423281364e-11,2.93050067744352e-09
"ENSMUSG00000026938",292.067900270765,1.41940648687988,0.212151606984614,6.69052903748602,2.22365228695609e-11,2.9762591544844e-09
"ENSMUSG00000049988",195.999631149817,2.61066635954745,0.390509850044895,6.68527659224809,2.30488894773108e-11,3.0601118343949e-09
"ENSMUSG00000121828",63.2885413791528,2.3560103280886,0.352627800547667,6.68129490763201,2.36840065830813e-11,3.11927840301813e-09
"ENSMUSG00000027808",3893.30106737805,1.02154156786272,0.15309959988971,6.67239867771453,2.51655793837448e-11,3.28810264598881e-09
"ENSMUSG00000060802",13300.5034036493,2.17484957794511,0.326056120803154,6.67016945606766,2.55508229247323e-11,3.31215116385722e-09
"ENSMUSG00000035186",440.507144331048,4.29061555469465,0.64397515603752,6.66270354448995,2.6883560434961e-11,3.45768793313096e-09
"ENSMUSG00000044811",176.209634995225,2.84567314645678,0.429000419510183,6.63326425113025,3.28343215011836e-11,4.15808796056912e-09
"ENSMUSG00000038147",323.14507921106,1.44316270880576,0.21755764364075,6.63347278751022,3.27879447113041e-11,4.15808796056912e-09
"ENSMUSG00000022769",499.074700155034,1.59160514200391,0.240040470665794,6.63056999342369,3.34393061828432e-11,4.20237631823014e-09
"ENSMUSG00000035692",460.627476656443,3.74587367812687,0.56532670815778,6.62603344946055,3.44827065108461e-11,4.30067270672772e-09
"ENSMUSG00000052160",537.903679472255,1.97335071960347,0.298737429190919,6.60563600934764,3.95814320627923e-11,4.89946703796805e-09
"ENSMUSG00000033777",253.51861770298,1.88280565183188,0.285095160576001,6.60413052269246,3.99857123891995e-11,4.91257300793575e-09
"ENSMUSG00000015340",1183.17439392931,2.14210457736089,0.324995529120038,6.59118167920918,4.36339530912958e-11,5.32107977586669e-09
"ENSMUSG00000006344",636.329252477547,1.77003056980161,0.269140156429099,6.57661269609873,4.8128625155648e-11,5.82604085248112e-09
"ENSMUSG00000043461",375.5913206681,9.6580934059431,1.47000170389385,6.5701239531628,5.02733940081247e-11,6.04124733982304e-09
"ENSMUSG00000060586",5068.37135694783,2.20246399005954,0.335478914872374,6.56513388001573,5.19861332325021e-11,6.20179501019335e-09
"ENSMUSG00000073412",66.2297687989327,3.48152231255074,0.530682382870024,6.56046332972663,5.36408450380918e-11,6.35315994145399e-09
"ENSMUSG00000020826",4151.1382471992,5.94196145342139,0.906525663038998,6.55465332718968,5.57712859323087e-11,6.55830485931141e-09
"ENSMUSG00000079293",493.495171147483,2.91805097151944,0.447206600479423,6.52506239485548,6.7973231913465e-11,7.93647742547074e-09
"ENSMUSG00000001123",1602.94825033125,1.89850234984149,0.29109292719975,6.52198034526177,6.93851091993896e-11,8.04427501936304e-09
"ENSMUSG00000064246",187.722745911357,4.8506306567865,0.748256819416516,6.48257460662901,9.01704699886829e-11,1.0380954177788e-08
"ENSMUSG00000028874",250.490805195521,2.23047138456119,0.344162362530563,6.48086957609466,9.11954794433837e-11,1.0426049847753e-08
"ENSMUSG00000075602",11346.2705816804,2.93316351081089,0.45286897484127,6.47684799304027,9.36584597941504e-11,1.06337877489041e-08
"ENSMUSG00000073616",482.474170705717,1.0620553891321,0.164331536553562,6.46288236212004,1.0272715299785e-10,1.15047423115892e-08
"ENSMUSG00000073409",933.621977733145,2.31954065484424,0.359398268366358,6.45395612334943,1.08967371485286e-10,1.2121147545691e-08
"ENSMUSG00000003283",295.783820879363,2.26981210057474,0.353223513331157,6.42599378271493,1.31010757155687e-10,1.44753697654636e-08
"ENSMUSG00000030187",159.408605767143,3.35951690766124,0.523194209259135,6.42116607601306,1.35234389829192e-10,1.48424250650533e-08
"ENSMUSG00000000983",711.252135413916,3.86108852903633,0.601833734182246,6.41554022272059,1.40324357858983e-10,1.52990722081618e-08
"ENSMUSG00000040829",197.295371499801,1.95391030129184,0.304783627958966,6.41081121836013,1.44747344378001e-10,1.5677470595362e-08
"ENSMUSG00000029380",139.509633100732,4.20054949231303,0.656450065830015,6.398886542881,1.56514083463446e-10,1.684111997424e-08
"ENSMUSG00000015355",169.362143242925,2.01282793459514,0.315005906109233,6.38981014501094,1.66091840433533e-10,1.77556491497224e-08
"ENSMUSG00000071713",1001.88726574008,2.04757080628697,0.320521058740281,6.38825671653021,1.67787494946434e-10,1.78211969632461e-08
"ENSMUSG00000009687",615.627755023932,1.47127094234623,0.230546009664323,6.38168036171353,1.75155265336112e-10,1.84844944437719e-08
"ENSMUSG00000040747",633.986091694392,2.01918580048951,0.317308829332114,6.36347184142206,1.97243567504533e-10,2.06829353619562e-08
"ENSMUSG00000029377",1367.45552167428,3.43019312202289,0.539193004148192,6.36171666849025,1.99511217643777e-10,2.07883112409462e-08
"ENSMUSG00000023903",90.1082987272132,3.44779157479131,0.543149750815786,6.34777346323529,2.18453439056324e-10,2.26188614288318e-08
"ENSMUSG00000024965",445.638551667761,1.70961682038861,0.270132346727073,6.32881193645392,2.47055995729409e-10,2.54205178605828e-08
"ENSMUSG00000095788",43.1078731145163,4.61199187218492,0.729336891722913,6.32354118449981,2.55636028667351e-10,2.58192388954025e-08
"ENSMUSG00000085566",142.072033409922,-1.32197580122836,0.209037173962661,-6.32411822341463,2.54682686701177e-10,2.58192388954025e-08
"ENSMUSG00000029816",600.076489947313,1.55461553395591,0.245806501019297,6.32455011364351,2.53971421821329e-10,2.58192388954025e-08
"ENSMUSG00000002111",433.118421292126,1.99164275102018,0.31562403370833,6.31017456947105,2.78720901259019e-10,2.797915974041e-08
"ENSMUSG00000062593",220.087489010114,2.20904533558133,0.350515910568621,6.30226836778316,2.93320708470836e-10,2.92662959003356e-08
"ENSMUSG00000022389",1223.16407803806,-1.62929927291379,0.258566939167096,-6.30126681377804,2.9522268099285e-10,2.92786204649717e-08
"ENSMUSG00000068227",218.660699758877,2.72579337846336,0.43304807986107,6.29443589575054,3.0851974001672e-10,3.04141346101513e-08
"ENSMUSG00000021423",293.644603672031,2.45095154900394,0.39015823886668,6.28194231172303,3.34368929991459e-10,3.27661648479131e-08
"ENSMUSG00000060063",330.505772701767,2.19414517055706,0.349513668207542,6.27770920035714,3.43597782224278e-10,3.34713034837768e-08
"ENSMUSG00000024737",380.689384903951,2.43377833950965,0.388087022538934,6.27121804688919,3.58234528100835e-10,3.44889768194389e-08
"ENSMUSG00000050075",103.102329921843,3.4984970775305,0.557829964015757,6.27161913703095,3.57312740012604e-10,3.44889768194389e-08
"ENSMUSG00000035171",736.667428138783,1.00860476874315,0.160939707894846,6.26697278090095,3.68134471784084e-10,3.52360337731475e-08
"ENSMUSG00000002985",12788.2805921516,1.60408072771818,0.256383914531516,6.25655759507874,3.93567800310227e-10,3.73556472619956e-08
"ENSMUSG00000025044",432.39189621838,1.9520874322905,0.312031300170848,6.25606287324913,3.94817628839655e-10,3.73556472619956e-08
"ENSMUSG00000030786",916.829194835991,2.06387050123244,0.330602549835821,6.24275433525049,4.29931882697438e-10,4.04455347705595e-08
"ENSMUSG00000006519",1216.1448077032,1.52819555060278,0.245368958205627,6.22815356016673,4.71964359950213e-10,4.41474389651157e-08
"ENSMUSG00000022181",64.1437334718466,4.93645498862013,0.793148379813472,6.22387325531832,4.85028957153234e-10,4.51131735684389e-08
"ENSMUSG00000030748",1894.88637729009,1.57233122979403,0.252828062830856,6.21897431870897,5.00415193770865e-10,4.60507159262128e-08
"ENSMUSG00000000416",275.484407811327,-1.22186597758299,0.196818807343062,-6.20807530579752,5.36374486731143e-10,4.90574065280823e-08
"ENSMUSG00000026385",1685.23296176567,1.27203092267879,0.20563933076054,6.1857375141919,6.18127883388693e-10,5.56078652690058e-08
"ENSMUSG00000030413",2660.48596471023,1.28234971182555,0.207571809845832,6.17786062942737,6.49760327281882e-10,5.81358927610957e-08
"ENSMUSG00000087107",202.199497484628,2.17545614649291,0.352688603223146,6.16820653293551,6.9068892842938e-10,6.11333969286714e-08
"ENSMUSG00000027398",519.945213426602,5.05581523891812,0.821477828028922,6.15453645419644,7.52974034899261e-10,6.59372954071624e-08
"ENSMUSG00000067235",126.110959980974,2.12991736811134,0.3463842549341,6.1490016874946,7.79721496542901e-10,6.79182804105067e-08
"ENSMUSG00000035493",3612.57844742959,1.17085124197064,0.190675029761436,6.14055885259625,8.22316608889984e-10,7.08634929135858e-08
"ENSMUSG00000058099",357.874120270053,1.83031031533042,0.298107646743129,6.1397630531348,8.26446616012177e-10,7.08634929135858e-08
"ENSMUSG00000028766",169.024336509407,2.72173673346339,0.44347746837788,6.13726046425483,8.39566730356331e-10,7.16154771080636e-08
"ENSMUSG00000026489",634.871231470601,-1.49541449845971,0.244094102256711,-6.12638521223671,8.98980079099246e-10,7.62881909392314e-08
"ENSMUSG00000015437",97.8794318209301,4.41439825248829,0.721025322200361,6.12239004174892,9.21820301337154e-10,7.78252698508388e-08
"ENSMUSG00000024675",177.466638694629,3.44453167919208,0.563064188050318,6.11747603966647,9.50690493447671e-10,7.98531509879031e-08
"ENSMUSG00000068452",6846.72293534165,1.85256623863094,0.303271948921384,6.10859739985769,1.00510513920311e-09,8.39951568868059e-08
"ENSMUSG00000058427",119.063212783961,5.06991241862455,0.830130043504129,6.10737131886413,1.01285413445443e-09,8.42152404824406e-08
"ENSMUSG00000038352",93.7076078605002,2.28700189574392,0.374605926768302,6.10508732596337,1.02744490662797e-09,8.49991231046046e-08
"ENSMUSG00000098112",216.16524144794,1.70139622498017,0.278740674200971,6.10386779703871,1.03531931645253e-09,8.522230953379e-08
"ENSMUSG00000042499",313.554056670528,-2.33931335243376,0.383382226147853,-6.10177831126576,1.04894797002338e-09,8.59145792561935e-08
"ENSMUSG00000025930",73.6508762011215,2.36919812739681,0.389755202670456,6.07868249394482,1.21174021773638e-09,9.87568277455153e-08
"ENSMUSG00000028214",594.147758893179,1.50203514420666,0.247249348058206,6.07498121229854,1.24002238452662e-09,1.00563982839713e-07
"ENSMUSG00000031101",229.806017321546,1.67880280351024,0.276839405758075,6.06417572279185,1.32632084351289e-09,1.06728655490076e-07
"ENSMUSG00000035352",51.5187210785535,2.87680779332056,0.474419275039999,6.0638509956789,1.32900287769335e-09,1.06728655490076e-07
"ENSMUSG00000036908",1686.68291341152,1.3168720052003,0.217746855940783,6.04771995219269,1.46910028454359e-09,1.17406786332238e-07
"ENSMUSG00000022227",61.1987240441727,4.26652909035638,0.705732557963025,6.04553246440972,1.48917359465243e-09,1.18436062264556e-07
"ENSMUSG00000018920",864.754744033823,1.69047612124696,0.279947964742569,6.03853692167924,1.55517846022143e-09,1.23090879762622e-07
"ENSMUSG00000050578",628.508312399037,3.6682356794402,0.609526293678803,6.01817463410893,1.76394838276796e-09,1.38946804906741e-07
"ENSMUSG00000050982",2700.63033518501,6.79269943061175,1.13055433013861,6.00829102107718,1.87489078878779e-09,1.46285910217125e-07
"ENSMUSG00000112023",650.144442430463,2.27760933583915,0.379734272789044,5.99790300493748,1.99881844644292e-09,1.55219566432971e-07
"ENSMUSG00000063296",339.572927972192,-1.12948515915501,0.188538777384506,-5.99073132235042,2.08899509530502e-09,1.61460686638528e-07
"ENSMUSG00000005413",399.834845292692,1.90893002862216,0.31873572749373,5.98906825925158,2.11046580988639e-09,1.62357937514765e-07
"ENSMUSG00000075511",210.731531715672,-1.38661874143702,0.231601760407419,-5.98708204548088,2.13639030806964e-09,1.63587877403491e-07
"ENSMUSG00000121655",555.184021206843,1.48367228407869,0.247941743416525,5.98395519703283,2.17783242583093e-09,1.65989144566919e-07
"ENSMUSG00000073490",346.10168250705,1.8077092281763,0.302284238629697,5.98016369087231,2.2291350071093e-09,1.69116357705255e-07
"ENSMUSG00000000682",547.143456316141,2.17161691537706,0.363250811968508,5.97828509620875,2.25498838843674e-09,1.70292999260706e-07
"ENSMUSG00000048865",765.09562028812,1.5933715768594,0.267647419807192,5.9532484116874,2.62871830108314e-09,1.96711769957871e-07
"ENSMUSG00000043740",55.3705696651956,4.36988516259604,0.734361692213794,5.95058975560484,2.67178004526882e-09,1.98132949933606e-07
"ENSMUSG00000053862",324.091138233349,2.78308593161333,0.46767980917939,5.95083618533082,2.66775995752393e-09,1.98132949933606e-07
"ENSMUSG00000020676",493.636222076927,2.01640576601319,0.338905934392793,5.94975053955878,2.68551475244668e-09,1.98258427666053e-07
"ENSMUSG00000041481",712.780109025584,3.42898800769082,0.577248271957583,5.94023087511778,2.84620948666363e-09,2.09183690977426e-07
"ENSMUSG00000009378",98.5073415520261,-1.28600045659829,0.216576826236745,-5.93784884072748,2.88786110728519e-09,2.11301588485494e-07
"ENSMUSG00000023132",104.503315964498,5.35674632895719,0.902518300886839,5.93533263945285,2.9325032824436e-09,2.13142236697439e-07
"ENSMUSG00000022146",1009.30587308556,1.32139419625206,0.222653847537848,5.9347467419239,2.94299426977148e-09,2.13142236697439e-07
"ENSMUSG00000048521",68.1168561077148,3.10882535837221,0.525076436472153,5.92071009558069,3.20554494791552e-09,2.27590654894173e-07
"ENSMUSG00000015568",1496.80380750329,2.1276095824546,0.359355728701345,5.9206224154084,3.20725456693484e-09,2.27590654894173e-07
"ENSMUSG00000033880",3692.43635962506,1.43343780759448,0.242086156141417,5.92118868109552,3.19622894551198e-09,2.27590654894173e-07
"ENSMUSG00000028957",543.42171844339,-2.02810544665561,0.342445076562255,-5.92242547919041,3.17227572059315e-09,2.27590654894173e-07
"ENSMUSG00000024411",5953.78193962175,2.22009025314487,0.375223451223698,5.9167150824518,3.28434901631298e-09,2.32061106676226e-07
"ENSMUSG00000035004",251.247685288613,1.97548364930112,0.333975829462236,5.91504975818765,3.31775268934862e-09,2.33419497969001e-07
"ENSMUSG00000001128",415.553640542109,1.70649486755855,0.288597779098677,5.91305613261518,3.3581766974028e-09,2.35258140295073e-07
"ENSMUSG00000138080",177.305591262624,1.71531965736568,0.290465428378075,5.90541761525229,3.5175453757599e-09,2.45378599665827e-07
"ENSMUSG00000134173",308.49139676114,-1.18228987530058,0.200514981903428,-5.89626702243126,3.71817110034303e-09,2.58279539345769e-07
"ENSMUSG00000058927",1809.58358751256,1.22731612805607,0.208338264685577,5.89097797232943,3.83916733163597e-09,2.64452768957e-07
"ENSMUSG00000024164",14901.4416643591,2.7596592959205,0.468592221567021,5.88925545262343,3.87939396793274e-09,2.66110262058653e-07
"ENSMUSG00000085396",2008.93259949988,-1.13191401959121,0.192383127973872,-5.88364495115668,4.0132829189357e-09,2.74152185454102e-07
"ENSMUSG00000071356",21543.8020590712,18.0146782277938,3.06658374713574,5.87451043677512,4.24094761878506e-09,2.88507110115944e-07
"ENSMUSG00000026928",72.7288054728216,2.20090498929133,0.374937517035909,5.87005804778011,4.35642582660032e-09,2.95143367832597e-07
"ENSMUSG00000107495",399.207538484544,-1.69984197745755,0.290100717491998,-5.85948904971059,4.64293499259649e-09,3.13264913045557e-07
"ENSMUSG00000027248",10968.4851762199,1.03834557900204,0.177339809119554,5.8551183975959,4.76670310617759e-09,3.20302992804089e-07
"ENSMUSG00000049775",13152.891882581,1.53523484310097,0.262345750552062,5.8519523943892,4.85835705278861e-09,3.25134683577475e-07
"ENSMUSG00000064065",84.5293405377159,2.31029977709833,0.395030293615876,5.8484116647136,4.96289078118847e-09,3.30785712270064e-07
"ENSMUSG00000034266",50.9866744744969,3.15128436274118,0.538992768060031,5.84661715236633,5.01670296310892e-09,3.33024116458315e-07
"ENSMUSG00000031444",70.6198072445375,4.7355496867791,0.810626879934542,5.84183648975654,5.16284684766981e-09,3.41349187362201e-07
"ENSMUSG00000123342",2103.87512187501,1.43512650437681,0.245923082161078,5.83567224257872,5.35741190996663e-09,3.52796289095123e-07
"ENSMUSG00000022148",477.619927259677,1.52994120646704,0.262354109867012,5.83158848642611,5.49021838751442e-09,3.60101455432868e-07
"ENSMUSG00000035385",252.476898688004,3.89857593322972,0.668803740748793,5.82917782257747,5.57011238898628e-09,3.63891905793179e-07
"ENSMUSG00000095028",42.976042480387,4.44948166124506,0.764541773380339,5.81980189463312,5.89174166633792e-09,3.83382383608384e-07
"ENSMUSG00000121069",6832.09388109838,1.46001392977306,0.251036435870778,5.81594430588795,6.02925397856992e-09,3.90785859248805e-07
"ENSMUSG00000022831",684.996451833958,1.97078471741717,0.339384535475606,5.80693729799843,6.36259501306974e-09,4.09169537891278e-07
"ENSMUSG00000030142",114.996716378355,7.13317011545259,1.22885232166244,5.80474153786237,6.44653681055305e-09,4.12893474455484e-07
"ENSMUSG00000005824",39.3293681057533,3.25258197525353,0.560524801657447,5.80274408132483,6.52383258252375e-09,4.13685685503048e-07
"ENSMUSG00000101304",114.566298918867,5.26694794022568,0.90770319952322,5.80250013770161,6.5333340357646e-09,4.13685685503048e-07
"ENSMUSG00000031903",403.016604986742,1.16953471407675,0.201738966758327,5.7972672948097,6.74042142329449e-09,4.24856314054646e-07
"ENSMUSG00000030017",3677.77523345515,12.2529236251417,2.11375863581108,5.7967468080574,6.76136513893684e-09,4.24856314054646e-07
"ENSMUSG00000040026",1924.93566981439,7.64961030561605,1.32090637301797,5.79118282860459,6.98924439715599e-09,4.37505439202962e-07
"ENSMUSG00000021728",403.081467907431,2.448472220263,0.424622271538758,5.76623598048721,8.10615371143581e-09,5.03590975665539e-07
"ENSMUSG00000023224",4745.44939284546,1.3468433714911,0.233565236922394,5.7664547568721,8.09564294665922e-09,5.03590975665539e-07
"ENSMUSG00000025877",251.408354456643,3.26547460995898,0.567001585482066,5.75919837540255,8.45143321369578e-09,5.23067462395014e-07
"ENSMUSG00000037649",616.877371552694,2.35269804706963,0.408574865893728,5.75830341869725,8.49635350769052e-09,5.23878156543479e-07
"ENSMUSG00000078771",210.19860228848,1.92081560868135,0.333775945613887,5.75480538343932,8.67416661492210e-09,5.32846287244263e-07
"ENSMUSG00000030707",1225.79678699103,1.96018101590543,0.340792362103428,5.7518337670682,8.82805833908765e-09,5.40283733964312e-07
"ENSMUSG00000054203",317.112760930412,2.73590731392184,0.475956811009987,5.74822599579195,9.01846464879337e-09,5.45849204092225e-07
"ENSMUSG00000024371",346.89375188099,2.59112707932671,0.450709411029468,5.74899706089628,8.97743784686456e-09,5.45849204092225e-07
"ENSMUSG00000028544",851.773152231145,2.00868605229884,0.349442410450779,5.7482606353008,9.01661764730951e-09,5.45849204092225e-07
"ENSMUSG00000056054",358.578711208753,7.08816780943181,1.23356743720722,5.74607240401815,9.13402070550439e-09,5.50818252288347e-07
"ENSMUSG00000095675",417.334060403003,1.55810606193935,0.271245955883733,5.74425545576509,9.23263171425561e-09,5.52715694224692e-07
"ENSMUSG00000096596",417.334060403003,1.55810606193935,0.271245955883733,5.74425545576509,9.23263171425561e-09,5.52715694224692e-07
"ENSMUSG00000027994",122.164410151938,1.95250568822551,0.34052371168454,5.73383180444804,9.81867025553896e-09,5.85669450786007e-07
"ENSMUSG00000120140",98.5000719379154,1.97566380164968,0.344717604043291,5.73125299803826,9.96914402535130e-09,5.90366971544455e-07
"ENSMUSG00000015134",1428.84407297168,2.43200130149939,0.424493316845427,5.72918631457504,1.00913510617234e-08,5.93335401889829e-07
"ENSMUSG00000027952",404.060249587976,1.02950737250598,0.179842840571346,5.7244834947853,1.03748893179684e-08,6.07835597301472e-07
"ENSMUSG00000114532",55.3278636576872,-2.08145920640601,0.36391662160479,-5.71960466446201,1.06772187459503e-08,6.23329972392126e-07
"ENSMUSG00000123750",903.955639196997,1.53786696068978,0.269013643023303,5.71668761259279,1.08620533816293e-08,6.31879805023898e-07
"ENSMUSG00000036473",422.594132918456,-1.1001673693238,0.192766397330228,-5.70725699375449,1.1481136537259e-08,6.60887939905226e-07
"ENSMUSG00000064147",73.6145106069646,3.59839310878333,0.630967761436243,5.70297458715241,1.17734540668604e-08,6.7535322056698e-07
"ENSMUSG00000026180",93.5426239673711,5.61291717827805,0.98600574977144,5.69258057529496,1.25133512922009e-08,7.12828035721467e-07
"ENSMUSG00000049625",349.711143805903,1.9717888190244,0.346615390095345,5.68869379539673,1.28014777508639e-08,7.26726649008523e-07
"ENSMUSG00000127564",147.313201732527,3.32862594092815,0.585256694819036,5.68746324543519,1.28940342285715e-08,7.29465585927741e-07
"ENSMUSG00000020077",830.794282217781,2.27782261399469,0.401916339120436,5.66740486087114,1.44976505390424e-08,8.14589832164693e-07
"ENSMUSG00000038463",864.695600437757,1.15263427459972,0.20346822437996,5.66493504384876,1.47080242433723e-08,8.23599330335504e-07
"ENSMUSG00000092517",85.8201935848065,5.17288895542081,0.913877597459529,5.66037396014612,1.5104348876915e-08,8.38062098683791e-07
"ENSMUSG00000120878",181.393589321525,2.05973109994887,0.363896757461039,5.66020734650101,1.51190210356002e-08,8.38062098683791e-07
"ENSMUSG00000008318",84.4375625937181,2.13721941442081,0.377628215522051,5.6595861394155,1.5173847260236e-08,8.38278682702232e-07
"ENSMUSG00000028965",58.3896669015969,4.03780357115801,0.714355426861844,5.65237334151157,1.58247402058214e-08,8.71313371265675e-07
"ENSMUSG00000063564",388.210017496053,1.12053934918061,0.198574927500575,5.64290448590176,1.67205116610258e-08,9.17565944918226e-07
"ENSMUSG00000030220",692.765921177036,1.82282877178332,0.323091188311879,5.64183994403385,1.68242465364945e-08,9.20191264884749e-07
"ENSMUSG00000022096",548.205481389594,-1.27067420488705,0.225578790485689,-5.63295069607912,1.77152116552097e-08,9.65713673773897e-07
"ENSMUSG00000027219",170.26827839701,1.99904203375284,0.355899915015049,5.61686572380414,1.94452416284804e-08,1.05652479514744e-06
"ENSMUSG00000052384",343.802021281726,1.63129398394204,0.290672678569614,5.61213386813495,1.99846734616775e-08,1.08226210263025e-06
"ENSMUSG00000016024",891.026116712789,2.25720401712461,0.40299405676541,5.60108512577535,2.13014089823074e-08,1.14978720024829e-06
"ENSMUSG00000042759",273.002365396376,1.86957742749578,0.333901055709093,5.59919591606392,2.15348316120273e-08,1.15858801578041e-06
"ENSMUSG00000112148",702.701880156283,2.07461390324422,0.371189750234023,5.58909264584016,2.28259154972404e-08,1.2200748273736e-06
"ENSMUSG00000037405",735.839813939457,1.86811638635278,0.334409450511455,5.5863145718389,2.31938946458237e-08,1.23573167493267e-06
"ENSMUSG00000022439",148.013903456169,1.94202050671789,0.348083956571098,5.57917269686407,2.41665216827695e-08,1.28339821439817e-06
"ENSMUSG00000001823",90.8630704701823,-2.76122511307006,0.495019183999185,-5.57801637254247,2.43276762512323e-08,1.28780236052745e-06
"ENSMUSG00000024401",146.166530194292,2.99556084668353,0.537344025315395,5.57475417154826,2.47879648113084e-08,1.30796238682234e-06
"ENSMUSG00000024340",55.7896411243324,2.87042141004402,0.515043251702246,5.57316574978338,2.50151359722768e-08,1.31573221569199e-06
"ENSMUSG00000101389",293.360016035671,2.00209746014234,0.360061377582871,5.56043381709703,2.69104888920212e-08,1.40643612263284e-06
"ENSMUSG00000023078",1547.96786099274,2.67182882962892,0.480849455809348,5.55647676699934,2.75274340872903e-08,1.43412704866791e-06
"ENSMUSG00000004207",21818.7013396146,1.02318478971428,0.184162923066279,5.55586744974745,2.76236442015149e-08,1.43459954097647e-06
"ENSMUSG00000024798",54.6446267702516,3.32567754608922,0.598952803422287,5.55248681880612,2.81633959127278e-08,1.45346077401642e-06
"ENSMUSG00000045868",2321.4917297869,2.89899305825722,0.524059648389278,5.53179980020863,3.16961549196211e-08,1.63066812013038e-06
"ENSMUSG00000095609",75.7465575261923,2.52908082700414,0.457283270699832,5.53066553940101,3.19018078234749e-08,1.63613539625504e-06
"ENSMUSG00000140700",249.295906388817,2.79918874132762,0.506398230683997,5.52764320986417,3.2456126413599e-08,1.65939505946298e-06
"ENSMUSG00000062939",86.0964466859972,2.83023746515378,0.513936764943186,5.5069760682847,3.65049863637491e-08,1.85488145218025e-06
"ENSMUSG00000029299",178.915380662359,1.48554674768575,0.269896164918578,5.50414174330303,3.70971000594545e-08,1.87916787162707e-06
"ENSMUSG00000054091",1010.45676041721,1.04148130645834,0.189445493627882,5.49752483690145,3.85159080693885e-08,1.93319327605592e-06
"ENSMUSG00000020143",501.454802486497,1.4262133054279,0.260075287964881,5.48384783724814,4.16172773371319e-08,2.06992518671058e-06
"ENSMUSG00000009356",280.114498519355,1.9881239397949,0.362954893776273,5.47760609895615,4.31118510278427e-08,2.12500120799813e-06
"ENSMUSG00000026009",99.2100917243161,2.96259561844401,0.54171883485959,5.4688805849106,4.52886732207878e-08,2.22563411114576e-06
"ENSMUSG00000020437",386.317887590192,1.67497368766594,0.306860350438577,5.4584233032127,4.80381288180942e-08,2.35372534146513e-06
"ENSMUSG00000022372",401.623088531656,1.70689251740855,0.312882330984166,5.45538161915231,4.88677794375512e-08,2.38727078006055e-06
"ENSMUSG00000048058",568.476099487795,-1.26337295858466,0.231684289881092,-5.452993637303,4.95288420556093e-08,2.41240629219378e-06
"ENSMUSG00000120115",137.950141516892,2.40913021388902,0.44190591151216,5.45168134466726,4.98958047523232e-08,2.42250448985214e-06
"ENSMUSG00000022876",143.827760632786,2.4079338582236,0.441725292516643,5.45120213629805,5.00304638613696e-08,2.42250448985214e-06
"ENSMUSG00000032322",151.40661093762,2.12716248207831,0.390476549478116,5.44760622608792,5.10522261269149e-08,2.46472961503636e-06
"ENSMUSG00000003484",204.895562284953,2.38682691323638,0.438476628050295,5.44345299280719,5.22575286239868e-08,2.51554296414238e-06
"ENSMUSG00000023272",811.137731506748,1.80703451240218,0.332039087855164,5.44223429860285,5.26164067112913e-08,2.52482607800672e-06
"ENSMUSG00000059743",1123.89402514305,1.18567560838593,0.217884634404331,5.4417587161546,5.27571020369503e-08,2.52482607800672e-06
"ENSMUSG00000032089",493.609476510641,2.08263692625087,0.382764488931742,5.44104008201833,5.29703932625373e-08,2.52768575153957e-06
"ENSMUSG00000024621",2481.53237945928,1.34755326517284,0.247819899755081,5.43763138676362,5.39935329494632e-08,2.56165859638909e-06
"ENSMUSG00000051735",148.291557276899,1.74164766692443,0.320617123851662,5.43217294822416,5.56719256597131e-08,2.63187127456465e-06
"ENSMUSG00000025026",2833.42740728712,-1.03973396543054,0.19141663385599,-5.43178481663601,5.57931771137134e-08,2.63187127456465e-06
"ENSMUSG00000022014",696.770416536291,1.10176738439638,0.202894077267347,5.4302589766808,5.62723315102154e-08,2.6468896961505e-06
"ENSMUSG00000058624",4480.01927286358,1.48756050538763,0.274031417836662,5.42843049578462,5.68517771365181e-08,2.66652651566524e-06
"ENSMUSG00000079018",2536.00244293869,2.47274612218902,0.456034624812996,5.42227714223017,5.88445543700729e-08,2.74435665324224e-06
"ENSMUSG00000006403",834.446154952712,2.47035972919834,0.455883762567825,5.41883684403173,5.99880298571074e-08,2.78978230377841e-06
"ENSMUSG00000041476",43.0900013471099,-2.477035773572,0.457336103977921,-5.41622616720324,6.08700970512575e-08,2.8228293176193e-06
"ENSMUSG00000033220",502.585581423747,2.04130249116707,0.376939628140145,5.4154626862637,6.11304199102198e-08,2.82693849152233e-06
"ENSMUSG00000121093",1754.11706887462,1.41497355766618,0.261456823465017,5.41188230972103,6.23656748057742e-08,2.8759834855111e-06
"ENSMUSG00000089942",75.038874585491,2.20910166812174,0.408440357885601,5.40862729520105,6.35096393601346e-08,2.92055640442988e-06
"ENSMUSG00000116929",78.6029140772677,1.64732987300985,0.304744140541347,5.40561623296035,6.4585950848293e-08,2.9617785760876e-06
"ENSMUSG00000026536",324.647623394045,2.76345923460967,0.511558335078191,5.40204126316753,6.58867884686339e-08,3.00469307080088e-06
"ENSMUSG00000001763",279.833393357293,-1.48668285762476,0.275417533125061,-5.39792380229361,6.74164861177488e-08,3.05751407976997e-06
"ENSMUSG00000001281",305.89458950173,1.85945183043865,0.344452708101342,5.39827902845688,6.72831698078953e-08,3.05751407976997e-06
"ENSMUSG00000073489",444.429212713397,2.43882318826225,0.451854899877292,5.39735917199205,6.76289185454766e-08,3.05872221432468e-06
"ENSMUSG00000006731",726.173811228038,2.63392530900303,0.488533617374992,5.39149244867883,6.98748960945921e-08,3.15164497097334e-06
"ENSMUSG00000025746",56.3225531348962,7.70371099167706,1.42913888398242,5.39045650357648,7.02789252290849e-08,3.16120750285908e-06
"ENSMUSG00000049608",100.249958184638,1.86103118740216,0.345369987111339,5.38851451154673,7.104242753062e-08,3.18684328184359e-06
"ENSMUSG00000046618",167.578821132122,-1.01247109006162,0.187949430438205,-5.38693353686167,7.16699213798048e-08,3.20625520564056e-06
"ENSMUSG00000043613",1037.22945995836,4.97480780901181,0.923922887758538,5.38444049273509,7.26703401192563e-08,3.24220002542904e-06
"ENSMUSG00000068758",141.354221043962,1.839553749201,0.341811210134052,5.38178296867315,7.3751653473671e-08,3.28154992199202e-06
"ENSMUSG00000015950",508.152293143632,1.5989507567407,0.297245639230315,5.37922359729483,7.48077511923307e-08,3.31064518247135e-06
"ENSMUSG00000023913",997.257548285854,1.60630262903682,0.298640267829961,5.37872082927347,7.50169274715008e-08,3.31100181491506e-06
"ENSMUSG00000001131",226.382071922302,3.2717598341503,0.608440659147121,5.37728665065953,7.56167339424018e-08,3.32186834815913e-06
"ENSMUSG00000053158",502.050767570711,1.12507223822479,0.20923138321327,5.3771677123503,7.56666847208695e-08,3.32186834815913e-06
"ENSMUSG00000027322",351.693649893907,2.09611422793903,0.390231469955573,5.37146383447154,7.81000331428646e-08,3.41050622183284e-06
"ENSMUSG00000026073",113.714312539654,4.3469637591669,0.809388829025527,5.37067427085753,7.84427857585761e-08,3.41641159244296e-06
"ENSMUSG00000118667",2240.81103461584,-2.12867552230864,0.3965000565146,-5.36866385599179,7.93221044100744e-08,3.44559315277851e-06
"ENSMUSG00000058908",157.686939476509,3.78831911278804,0.707052114484802,5.35790648974782,8.4191792578449e-08,3.63659434474709e-06
"ENSMUSG00000038156",1706.10937435453,1.68464247941918,0.314404172795774,5.35820649083262,8.40521451715979e-08,3.63659434474709e-06
"ENSMUSG00000031548",3791.06208640961,1.94327676765376,0.362720890825919,5.35749888358758,8.43818890659897e-08,3.63659434474709e-06
"ENSMUSG00000022226",36.0070715029068,4.15877667810707,0.777080608767454,5.35179572258714,8.70856761669314e-08,3.74331980871068e-06
"ENSMUSG00000089712",35.5344347600416,-2.07769790844025,0.388573135177887,-5.34699319212864,8.94273785339535e-08,3.82400761767396e-06
"ENSMUSG00000091756",137.902799205545,-1.27135927650946,0.237814692712772,-5.3460081124802,8.99151798615466e-08,3.83490571518301e-06
"ENSMUSG00000042118",23.5932772542512,6.97012326935245,1.3039178085644,5.34552348589093,9.01561064224949e-08,3.83524542644324e-06
"ENSMUSG00000021998",2409.23526749618,1.5909604845873,0.297797000630439,5.34243286943531,9.1707338281223e-08,3.89118018073138e-06
"ENSMUSG00000061353",4826.94500699251,1.45900379312135,0.273682116761438,5.33101618178847,9.76647149387132e-08,4.13330129058107e-06
"ENSMUSG00000000031",44.9321864824793,4.10040690998541,0.76961858852886,5.32784287061389,9.93860440695283e-08,4.19536523978627e-06
"ENSMUSG00000029771",367.479624577369,1.71095266777921,0.321185802149308,5.326987233962,9.9855178934104e-08,4.20438826289554e-06
"ENSMUSG00000028602",197.878908327774,4.00734623840983,0.752593316468458,5.32471675036165,1.01110470928687e-07,4.24638184413005e-06
"ENSMUSG00000042228",1102.19605827491,1.06052773374817,0.199396349156103,5.31869183280737,1.04515985459666e-07,4.36712352442255e-06
"ENSMUSG00000121486",125.8690521168,-1.34134144164084,0.252187829617447,-5.31881908685114,1.04442922258498e-07,4.36712352442255e-06
"ENSMUSG00000026580",281.123077789242,1.8554035646347,0.349054899338241,5.3155064379623,1.06361088969766e-07,4.43296862711205e-06
"ENSMUSG00000095079",24203.3704837691,1.62714479295752,0.306469814015293,5.30931504032667,1.10037987491607e-07,4.57463481836951e-06
"ENSMUSG00000053317",1186.68092945673,1.00837955544147,0.190153602672673,5.30297370793064,1.1393133584954e-07,4.70088115812274e-06
"ENSMUSG00000086141",206.402589530697,-1.35099458269236,0.254744398564536,-5.30333381344246,1.13706718895705e-07,4.70088115812274e-06
"ENSMUSG00000071714",623.213853131594,1.56607369424331,0.295974724425843,5.29124132907402,1.21488929251914e-07,5.00018060568566e-06
"ENSMUSG00000013418",937.556157332785,2.64859356126171,0.501636506323299,5.27990592366242,1.29250231899829e-07,5.29315066608676e-06
"ENSMUSG00000018008",653.878878390609,1.30596495082198,0.247491346824425,5.27681055349565,1.31451656248189e-07,5.36994693998495e-06
"ENSMUSG00000035448",47.1353398002834,5.9392289632307,1.12578295231697,5.27564301005552,1.32291397155019e-07,5.39087443406703e-06
"ENSMUSG00000026068",119.982484656763,2.31525590006844,0.438900945016479,5.27512170196288,1.32668015084421e-07,5.39287291934522e-06
"ENSMUSG00000028909",352.342473489049,-1.48069983982932,0.280924068956073,-5.27081871386697,1.35816565511207e-07,5.50726137441131e-06
"ENSMUSG00000030830",509.138638782226,1.89418789116718,0.359705207168699,5.26594515013185,1.39469924575576e-07,5.62767982423459e-06
"ENSMUSG00000026011",94.5921419162327,3.81303031980206,0.725574792778048,5.25518576135054,1.47875137948376e-07,5.95224546710051e-06
"ENSMUSG00000004707",123.829602264458,1.9734243094068,0.375583603008186,5.25428771011547,1.48598433656416e-07,5.96677076411115e-06
"ENSMUSG00000049001",50.832184156558,-1.90781363222222,0.363153952291785,-5.25345688841447,1.49270628412565e-07,5.97917848067167e-06
"ENSMUSG00000055172",2700.08956541179,1.47033934292802,0.280305050827531,5.24549714172899,1.55861476425105e-07,6.21294790892616e-06
"ENSMUSG00000031304",485.056013744221,1.94677051698174,0.372399602051653,5.22763855346902,1.71688730586378e-07,6.79449897029696e-06
"ENSMUSG00000044309",447.629591017134,3.02359531858462,0.57878340212391,5.22405325980184,1.75048394565709e-07,6.91084345260257e-06
"ENSMUSG00000013653",4115.60305718384,5.61171496371678,1.07442195181762,5.22300847839464,1.76039326643995e-07,6.93333836014375e-06
"ENSMUSG00000086427",1417.569731842,-1.56489962007151,0.299705705022577,-5.22145422608363,1.77523512389855e-07,6.97510640685961e-06
"ENSMUSG00000024677",508.44756294376,1.9180789138865,0.367568273605998,5.21829290398037,1.80579737238461e-07,7.04474932264642e-06
"ENSMUSG00000129327",159.739346133731,3.27464915809408,0.627516399230425,5.21842801576191,1.80448083046399e-07,7.04474932264642e-06
"ENSMUSG00000020932",201.497556893921,1.53290501603655,0.294042860559445,5.21320263692188,1.85607953943426e-07,7.22379136115984e-06
"ENSMUSG00000025163",57.7452420759792,3.06512695710412,0.588315406758466,5.21000626856354,1.88834251244652e-07,7.33202424113374e-06
"ENSMUSG00000036040",189.641509405986,3.71163702428779,0.712491435407669,5.20937774103079,1.89475010671493e-07,7.33959317808187e-06
"ENSMUSG00000030560",3944.84629989576,1.35597043109136,0.260475747858583,5.20574541867727,1.93219394120494e-07,7.46706780611664e-06
"ENSMUSG00000055978",4210.639940157,1.37794004464541,0.264849785257501,5.20272290689494,1.96389581591682e-07,7.57180721719872e-06
"ENSMUSG00000034040",111.151788420757,-1.60546769163314,0.308648530394274,-5.20160484672413,1.97574959051723e-07,7.59469617628995e-06
"ENSMUSG00000029314",177.797152033356,2.10312760821355,0.404347007085696,5.20129386729407,1.9790588954798e-07,7.59469617628995e-06
"ENSMUSG00000030144",66.3231854313625,3.71507413217907,0.71436039821471,5.20056002749254,1.98688934406186e-07,7.60701378402104e-06
"ENSMUSG00000025154",345.575331917669,1.32596617175309,0.2550631276825,5.19858038204427,2.00816282253286e-07,7.65286679337e-06
"ENSMUSG00000072620",684.703724455455,1.83978673819502,0.353889512361049,5.19876027385071,2.00622062892513e-07,7.65286679337e-06
"ENSMUSG00000056737",1193.33257470255,1.24575322781566,0.23976627813844,5.19569823366221,2.03952870605767e-07,7.73658089581277e-06
"ENSMUSG00000029154",323.193020432696,1.37903959844579,0.265683260973711,5.19054001893725,2.09685047674448e-07,7.93573549394123e-06
"ENSMUSG00000032883",3002.16360451798,-1.22448365280411,0.236020696584267,-5.18803507711421,2.12524578584973e-07,8.02475260835874e-06
"ENSMUSG00000026395",1977.69508964369,1.57426834576139,0.303581930346095,5.18564574632838,2.15267660183497e-07,8.10972880915539e-06
"ENSMUSG00000060181",564.805932950037,-1.43538591082655,0.276947385889031,-5.18288304552437,2.18482049928095e-07,8.21203193599595e-06
"ENSMUSG00000006800",1414.20325601878,1.08917921650719,0.210337091757213,5.17825556780257,2.23970275758889e-07,8.3991404323886e-06
"ENSMUSG00000031662",211.928391984051,1.79219825823984,0.346549832589139,5.1715455894178,2.32165612459386e-07,8.66698974584779e-06
"ENSMUSG00000038020",1633.30163481197,-1.49601790764613,0.289367825261331,-5.16995248623464,2.34153520644346e-07,8.72142400535716e-06
"ENSMUSG00000031165",170.416820577316,1.59531757336916,0.309217876021538,5.15920228770358,2.48004241145259e-07,9.21646460942303e-06
"ENSMUSG00000054252",647.812502241995,-1.51703725387393,0.294167435730436,-5.15705366947579,2.50865915693532e-07,9.30181434698786e-06
"ENSMUSG00000062515",1193.24305811343,1.38692653610006,0.269031261512624,5.15526161644592,2.53277065462113e-07,9.37011309820846e-06
"ENSMUSG00000086189",50.64670257249,-2.04466786062176,0.396770539915452,-5.15327539453271,2.55975618703049e-07,9.44871437378543e-06
"ENSMUSG00000032643",100.525056579321,1.31391554003533,0.25515246586348,5.14953102878629,2.61138572419399e-07,9.61772778018024e-06
"ENSMUSG00000032575",2464.79834877046,1.39285934072063,0.270578578760863,5.14770735769013,2.63689442469046e-07,9.68999841823194e-06
"ENSMUSG00000143161",474.738032056076,1.73063397706885,0.336786444633411,5.13866874586545,2.76691658142078e-07,1.01451553852851e-05
"ENSMUSG00000031709",423.468051996569,1.31939356095821,0.256783043604174,5.13816466398783,2.77434731720025e-07,1.01497955295706e-05
"ENSMUSG00000021886",143.773139131141,2.315916484718,0.450875860923311,5.13648364313723,2.79926702122181e-07,1.02182556475332e-05
"ENSMUSG00000034116",425.58718778515,1.10367889851688,0.214954103930318,5.1344862849172,2.8291572319253e-07,1.03045167055722e-05
"ENSMUSG00000020120",770.232825973585,1.79008327849209,0.348676854366332,5.13393205220146,2.83750573385971e-07,1.03121096901838e-05
"ENSMUSG00000056529",354.224862566291,1.80281767824704,0.351227188444777,5.13291037128946,2.85295788083047e-07,1.03454285445181e-05
"ENSMUSG00000055541",275.177778533472,1.82006264148138,0.354925673955607,5.1280106654359,2.92819857537751e-07,1.05716958654473e-05
"ENSMUSG00000028927",106.810185208306,2.59276608630653,0.505594725966475,5.12815097378696,2.92601757185551e-07,1.05716958654473e-05
"ENSMUSG00000102037",51.4474751404155,2.72195491103625,0.530937263372853,5.12669782065145,2.94868211711394e-07,1.05991601952067e-05
"ENSMUSG00000016194",267.479855610534,1.9712002588041,0.384485851406262,5.12684732505607,2.94634252549885e-07,1.05991601952067e-05
"ENSMUSG00000052270",53.5855515120549,3.55055135501078,0.692981513453808,5.12358740612703,2.99776582107674e-07,1.07287431983449e-05
"ENSMUSG00000051457",159.637087991242,2.12099108587616,0.41408566167759,5.12210704732775,3.02140272554901e-07,1.07898813602415e-05
"ENSMUSG00000030148",163.334066459126,2.12981211714229,0.415934750411289,5.12054382336716,3.04655806277405e-07,1.0856165668279e-05
"ENSMUSG00000073902",357.984808874553,2.28943270860352,0.447873264945279,5.11178694464658,3.19125625598849e-07,1.12984197295351e-05
"ENSMUSG00000120442",251.266491856155,-1.0688982239092,0.209161909947298,-5.11038660996416,3.21500224411862e-07,1.13445841462698e-05
"ENSMUSG00000056071",503.263586153543,6.94624125263455,1.35928791498637,5.11020599539738,3.21807738341007e-07,1.13445841462698e-05
"ENSMUSG00000068245",307.465409169882,2.39078599527648,0.467978618439801,5.10875048789013,3.24296268186576e-07,1.13609125880991e-05
"ENSMUSG00000003617",1171.50729343229,1.81143055940078,0.354772256247703,5.10589688878048,3.2922918831439e-07,1.15076435822077e-05
"ENSMUSG00000084911",230.697604457569,-1.63171819295929,0.319618723675633,-5.10520214271068,3.30441092601146e-07,1.15255332785861e-05
"ENSMUSG00000022123",111.521568313202,-1.96594810970227,0.385325376980265,-5.10204680810048,3.35999617406406e-07,1.16946336181008e-05
"ENSMUSG00000035042",119.940381505852,2.92183597501607,0.572904275065235,5.10004219235991,3.39577775932294e-07,1.17942382387624e-05
"ENSMUSG00000106874",5287.49775416622,1.66553261458664,0.326679843402508,5.09836357590789,3.42602309924861e-07,1.18742354279852e-05
"ENSMUSG00000039697",811.706355541384,1.57992266972654,0.310134535471065,5.09431388325324,3.50006477571022e-07,1.21053710929658e-05
"ENSMUSG00000039936",525.566083805278,1.39120414500957,0.273510858936689,5.0864676832871,3.64793845195136e-07,1.25903586445441e-05
"ENSMUSG00000034324",60.2495884891191,-2.7717330454724,0.54526668180998,-5.08326134337018,3.71008662737269e-07,1.27780661394219e-05
"ENSMUSG00000070691",175.838574887067,1.64252117377013,0.323354081656854,5.0796364324641,3.7815786733133e-07,1.29971043212436e-05
"ENSMUSG00000027670",43.7333413775333,2.96770941545675,0.5846219526372,5.07628802180548,3.84879737381393e-07,1.31473652434939e-05
"ENSMUSG00000028583",683.021773659843,1.35826293295226,0.26757130153933,5.07626537352182,3.84925593595582e-07,1.31473652434939e-05
"ENSMUSG00000036362",149.911943886441,1.55759613149455,0.307298686047528,5.06867162866307,4.00601660361406e-07,1.36262502779542e-05
"ENSMUSG00000070427",533.814788680462,2.97213801636209,0.586452844136496,5.06799147805024,4.02035400193956e-07,1.36468222544188e-05
"ENSMUSG00000049744",125.260342552691,2.06406739786146,0.40734266487598,5.06715248816348,4.03810790697424e-07,1.36788828132751e-05
"ENSMUSG00000002603",784.934929443159,1.01838186632383,0.20103996568068,5.06556924080144,4.07181737338881e-07,1.37647493671663e-05
"ENSMUSG00000057777",618.051518863844,1.28470180175761,0.253824384610041,5.06138054360436,4.16231494999465e-07,1.40241361794177e-05
"ENSMUSG00000075010",3137.76766899908,2.48429408376061,0.490847812095555,5.06123083885109,4.16558500378744e-07,1.40241361794177e-05
"ENSMUSG00000045322",141.206039087154,1.74389725901255,0.344698040671736,5.05920270278909,4.21013129082894e-07,1.41163730022234e-05
"ENSMUSG00000042129",653.427639506305,1.52174920055773,0.300783692755442,5.05928092915268,4.20840462571153e-07,1.41163730022234e-05
"ENSMUSG00000068606",84.9292536023378,5.05380449084083,0.999337532928361,5.05715468929868,4.25558039129275e-07,1.42397601589131e-05
"ENSMUSG00000024885",223.755299643142,1.58477650683782,0.313414881647364,5.0564813594937,4.27062591440243e-07,1.4261118545397e-05
"ENSMUSG00000025017",416.98783227877,1.57843217340141,0.312656391466585,5.04845644126264,4.45393992676201e-07,1.48131743463198e-05
"ENSMUSG00000027360",114.392868499649,3.52227263586184,0.698014685518466,5.04612970033086,4.50849412631233e-07,1.49536943010218e-05
"ENSMUSG00000020057",330.432627582851,1.52989901266698,0.303208077677059,5.04570664603614,4.51848232858352e-07,1.49536943010218e-05
"ENSMUSG00000035878",147.828994515737,-1.29542644657767,0.2575228120685,-5.03033667647702,4.89619309102585e-07,1.6089027316878e-05
"ENSMUSG00000005373",212.776323051669,-1.63804024066071,0.326053508444685,-5.02383872044304,5.06487745608102e-07,1.65771525963145e-05
"ENSMUSG00000024052",909.657440536888,1.44507710292779,0.287848142382374,5.02027593774833,5.15973052919622e-07,1.68540959726503e-05
"ENSMUSG00000057191",124.772126659775,2.24084211852384,0.44640843001624,5.01971281869009,5.17487853112415e-07,1.68701040114647e-05
"ENSMUSG00000024338",1892.93427267964,2.4487975397321,0.488121776609879,5.01677584790333,5.25458124218147e-07,1.70960812233268e-05
"ENSMUSG00000028599",1687.40042455183,1.41093212267646,0.281697083652538,5.00868558659554,5.48030151595852e-07,1.77253838619303e-05
"ENSMUSG00000121137",4325.39417480678,1.90111288862912,0.379764393445822,5.00603248076847,5.55633851693125e-07,1.79360786282822e-05
"ENSMUSG00000022218",51.9985473586633,2.11283938565889,0.422122545088607,5.00527491422044,5.57823610530157e-07,1.79715266147906e-05
"ENSMUSG00000093880",56.2456055474521,3.32903738923482,0.665756781827752,5.00038073978812,5.72172114151158e-07,1.83619288796696e-05
"ENSMUSG00000030278",222.616566953736,2.07978509453118,0.416067414004382,4.99867335082693,5.7726096511807e-07,1.8453295667454e-05
"ENSMUSG00000038756",575.441757663788,-1.96771769757036,0.39384641463011,-4.99615490829945,5.84846872359978e-07,1.85941007121261e-05
"ENSMUSG00000038543",72.4022722236625,1.60575945948145,0.321514004017308,4.99436864154449,5.90285518289964e-07,1.8724220592693e-05
"ENSMUSG00000086968",976.331528355854,-1.135391965911,0.22747138112434,-4.99136181571067,5.99550682709654e-07,1.89088177958794e-05
"ENSMUSG00000134447",760.1330476578,2.23425812942751,0.447624948737662,4.99136193308326,5.99550318319237e-07,1.89088177958794e-05
"ENSMUSG00000047592",117.44487726672,2.07898050435777,0.416548310854333,4.99097091545952,6.00765441644313e-07,1.89109014642262e-05
"ENSMUSG00000022534",121.386528298573,2.32008965610167,0.465159155516937,4.98773296963987,6.10919285738313e-07,1.91938248112783e-05
"ENSMUSG00000022893",1145.50405800188,1.37955082085828,0.276784505270142,4.98420538213235,6.22169660910556e-07,1.94475107155078e-05
"ENSMUSG00000036894",356.565291682547,1.29621556034352,0.260070603467846,4.98409102397373,6.22537699512399e-07,1.94475107155078e-05
"ENSMUSG00000029055",706.409071855046,-1.16928056494122,0.234580725439263,-4.98455515793846,6.21045279412438e-07,1.94475107155078e-05
"ENSMUSG00000015879",40.596591019803,-2.70731628318878,0.543402806937371,-4.98215365954267,6.28804696588031e-07,1.96060828028954e-05
"ENSMUSG00000051682",29.2597767444154,3.60669400864327,0.724417670013592,4.97874935681179,6.39964543377554e-07,1.99163256665873e-05
"ENSMUSG00000096255",499.308947342433,1.14907862724399,0.230932125187225,4.97582840114772,6.49691841858872e-07,2.01808996085332e-05
"ENSMUSG00000018654",417.25648204201,1.351791252466,0.272046759743957,4.96896656199202,6.73106749460851e-07,2.08296173240113e-05
"ENSMUSG00000037035",147.90663026076,1.68701679965582,0.339552559309275,4.96835247859002,6.75241407227189e-07,2.08564714581261e-05
"ENSMUSG00000073399",1074.11044385578,2.14076866875393,0.43107890835886,4.96607147147131,6.8322783840732e-07,2.10636327784639e-05
"ENSMUSG00000026864",14907.8153258896,2.05907954026092,0.415056452810776,4.96096260235629,7.01446971195917e-07,2.15446296395492e-05
"ENSMUSG00000114608",123.463431421153,2.34329554812774,0.472761139471615,4.9566162539221,7.17314543180341e-07,2.19909670845027e-05
"ENSMUSG00000032661",397.692359745944,3.0784867988542,0.621153690379401,4.95607906148614,7.1929956427623e-07,2.20108340644602e-05
"ENSMUSG00000061728",27.0426668844594,4.01230301596024,0.809947974649508,4.95377868892938,7.27859865762853e-07,2.22314600557585e-05
"ENSMUSG00000032496",951.940415996904,6.31828374738075,1.27687954577067,4.94822222527443,7.48943741423309e-07,2.27908702681182e-05
"ENSMUSG00000053113",2287.49294931726,2.49218753252946,0.504073256055502,4.94409791154452,7.64972519909014e-07,2.3235687445133e-05
"ENSMUSG00000029371",824.939022699995,4.04881904030575,0.819361073964818,4.94143445296206,7.7549888280101e-07,2.35120407137257e-05
"ENSMUSG00000137898",1232.60360140789,1.23446903570778,0.249979712447191,4.93827688504347,7.88158839509301e-07,2.3808181605214e-05
"ENSMUSG00000067149",6951.89136275568,1.48417664280637,0.300626892783412,4.93693903783802,7.93582638644914e-07,2.39281153480059e-05
"ENSMUSG00000096727",1034.12423776393,2.51098715218894,0.50938563090261,4.92944244960263,8.24646229073009e-07,2.46839106713254e-05
"ENSMUSG00000129411",96.2197715571179,-2.37003373995783,0.481346291526058,-4.92376025676626,8.48968374908439e-07,2.53198665871696e-05
"ENSMUSG00000025473",278.349703836596,2.18136370476035,0.443022048265926,4.92382650772941,8.4868085313909e-07,2.53198665871696e-05
"ENSMUSG00000060703",472.833644883857,1.6397352577884,0.333352247876815,4.91892665560888,8.70200659330547e-07,2.58594105677957e-05
"ENSMUSG00000143426",72.4849642194247,4.59828202733091,0.935054382720572,4.9176626646592,8.75836710667397e-07,2.59799995814727e-05
"ENSMUSG00000027533",393.944280481966,1.88536410125137,0.38360462798228,4.91486276161002,8.88446734406536e-07,2.63066521376525e-05
"ENSMUSG00000130235",46.8969470505732,1.85444296874798,0.378045596655281,4.90534206761027,9.32646583131258e-07,2.75164170216665e-05
"ENSMUSG00000036943",1263.4560108543,1.00782511319925,0.205610901177571,4.90161322880865,9.50528373628856e-07,2.79938257872126e-05
"ENSMUSG00000028654",358.810394823658,-1.343938149841,0.274774065698803,-4.89106621624974,1.00291215344615e-06,2.94312705564777e-05
"ENSMUSG00000093938",209.281359260352,1.55842204393111,0.318685895663906,4.89015066287923,1.007588269822e-06,2.95158820037004e-05
"ENSMUSG00000022971",559.231504411628,1.26397120834321,0.258503454056536,4.88957183553445,1.010555405192e-06,2.95502196015557e-05
"ENSMUSG00000038059",265.957651293812,2.01688450707198,0.412538880324563,4.88895617665225,1.01372057300262e-06,2.95902159456422e-05
"ENSMUSG00000121353",211.879088039669,3.20294215117603,0.655246910722888,4.88814536743478,1.01790359106721e-06,2.96597288844945e-05
"ENSMUSG00000009292",222.295429391559,1.69990152591311,0.34812973806787,4.88295408300252,1.04508213875126e-06,3.02908226237008e-05
"ENSMUSG00000003882",159.585592257482,1.38778382086728,0.284484972161154,4.87823244343866,1.07040737065387e-06,3.09159939352188e-05
"ENSMUSG00000034438",471.318673889594,2.89964935038596,0.5949897579086,4.87344414226269,1.09669286182748e-06,3.16197103051941e-05
"ENSMUSG00000028527",553.558110072213,2.36837163001034,0.486618207334519,4.867001674646,1.1330406932189e-06,3.25536630583991e-05
"ENSMUSG00000062082",33.2481469630694,3.34161397550138,0.686939837136611,4.86449292186971,1.14750613521676e-06,3.28545973983889e-05
"ENSMUSG00000057074",242.558495593289,2.855574158686,0.587006933608536,4.86463446203573,1.14668530785994e-06,3.28545973983889e-05
"ENSMUSG00000074342",100.503527025381,2.36972501332613,0.488042938566975,4.85556664396022,1.20042971888689e-06,3.4250735636109e-05
"ENSMUSG00000121879",268.77910290238,-1.0220343367341,0.210526829243912,-4.85465125943633,1.20598788084016e-06,3.42904636999509e-05
"ENSMUSG00000022651",248.501381876789,6.40681471404912,1.3198275365616,4.85428174255257,1.20823857342189e-06,3.42952269555941e-05
"ENSMUSG00000104876",34.5770461192283,3.45102995666179,0.711236289081525,4.85215674402437,1.22126038866779e-06,3.45457212691372e-05
"ENSMUSG00000058755",33.6945040662518,3.66542581813444,0.755598809286607,4.85102116769496,1.2282743526688e-06,3.46845294476611e-05
"ENSMUSG00000037169",37.2959686622732,-2.023874798489,0.417930384680794,-4.84261224518238,1.2814320396951e-06,3.59390386192511e-05
"ENSMUSG00000026285",22.7585341238216,3.35582334399726,0.693120542518157,4.84161576254156,1.28787612408536e-06,3.6058341208873e-05
"ENSMUSG00000037944",171.143268917526,2.807608277277,0.580173195193031,4.83925886362756,1.30324208052172e-06,3.6426611836382e-05
"ENSMUSG00000027134",284.417196384874,1.39238415837432,0.287827456067077,4.83756545466542,1.31439107605019e-06,3.66759665847699e-05
"ENSMUSG00000071715",199.414968010306,1.52393894248502,0.31525958358482,4.83391789444208,1.33871818577346e-06,3.72285768452509e-05
"ENSMUSG00000032691",87.4553705606667,2.8644826527092,0.592772933987685,4.83234386806316,1.34934926129147e-06,3.74609391039485e-05
"ENSMUSG00000047517",145843.140592166,1.53976246212089,0.319073553894044,4.82572887451587,1.39492167558245e-06,3.853120057905e-05
"ENSMUSG00000023045",46.1503696484046,2.01070463811615,0.416699211662283,4.8253142358852,1.3978269920334e-06,3.85467768339126e-05
"ENSMUSG00000022221",712.224071543637,1.61657660344024,0.335864112833458,4.81318646937976,1.48542567838989e-06,4.07576049055545e-05
"ENSMUSG00000024663",300.378559606545,1.16935800533632,0.242975921603922,4.81264973754273,1.4894219924626e-06,4.07992583392875e-05
"ENSMUSG00000094930",100.608661687234,3.09488475204467,0.643313182113077,4.81085237812005,1.50287989747076e-06,4.10995211828257e-05
"ENSMUSG00000016206",254.111932949244,1.33881501423131,0.27845174990313,4.80806823694614,1.52395751250354e-06,4.1606820113343e-05
"ENSMUSG00000042524",2398.82344265699,-1.00053924565207,0.208166756691909,-4.80643144732705,1.53648133869113e-06,4.18792918524373e-05
"ENSMUSG00000042102",36.4340335647025,4.31161685402224,0.897924727456207,4.80175756629057,1.57279039047355e-06,4.27980961956463e-05
"ENSMUSG00000032690",228.346059358979,2.61458536956579,0.544856347546724,4.79866919296848,1.59723349712322e-06,4.33915100051807e-05
"ENSMUSG00000046410",894.700344861325,1.12142440567682,0.233770222840747,4.79712254216731,1.60961137505695e-06,4.35803250922869e-05
"ENSMUSG00000000386",149.742244227966,2.79075149376109,0.582503167990324,4.79096363267753,1.65982212359177e-06,4.47961501978547e-05
"ENSMUSG00000029752",612.911915290828,1.29652820963696,0.270638803723184,4.79062200911543,1.66265084706945e-06,4.47990522018075e-05
"ENSMUSG00000000318",293.659863775443,2.09999814539504,0.439700922936449,4.77596938248537,1.78843604627056e-06,4.80310320224342e-05
"ENSMUSG00000060216",483.367795382138,1.41327215658881,0.296390751892215,4.76827346186145,1.85811455298699e-06,4.98210747326138e-05
"ENSMUSG00000031506",134.659227860045,1.54856073726444,0.325113324753302,4.76314140135442,1.90602179136088e-06,5.09396700506074e-05
"ENSMUSG00000068696",57.1817661434793,2.26626506037242,0.475975871444859,4.76130240277309,1.92347571915971e-06,5.1288531878335e-05
"ENSMUSG00000046223",378.289084184526,1.90490083568713,0.400095910471586,4.7611104883373,1.92530600138559e-06,5.1288531878335e-05
"ENSMUSG00000037254",166.550394597955,-2.94037497088314,0.617631222890488,-4.7607291566678,1.92894771665866e-06,5.1302530305899e-05
"ENSMUSG00000049723",172.134506090658,2.15644485543463,0.453091373757628,4.75940390908474,1.94165535667471e-06,5.15572131240898e-05
"ENSMUSG00000025511",429.395031813217,1.37603849955438,0.289270129019255,4.75693257447536,1.96556783757747e-06,5.21081212722027e-05
"ENSMUSG00000000791",65.497201916453,3.29454534375743,0.693318573777406,4.75184924847428,2.01564633728047e-06,5.32641824247967e-05
"ENSMUSG00000035929",2730.87006514322,1.65325690842134,0.348524861076247,4.74358386749248,2.09969955052537e-06,5.53077659204787e-05
"ENSMUSG00000047810",356.906984881364,1.70283290605041,0.359063179014466,4.74243254550422,2.11167151719868e-06,5.5534262280578e-05
"ENSMUSG00000025931",465.525172108379,1.22161444018465,0.257825088742473,4.73815192362777,2.15676098369373e-06,5.64495327099362e-05
"ENSMUSG00000079105",269.380936086722,1.35079501967295,0.285323920725355,4.73425086911374,2.19865646038364e-06,5.7182434924638e-05
"ENSMUSG00000043263",282.174808338402,2.21513922770677,0.467880267325544,4.73441472616222,2.19688109753639e-06,5.7182434924638e-05
"ENSMUSG00000038422",166.889087017726,1.07022420457685,0.226290882816577,4.72941813322782,2.25164225709055e-06,5.84681174739458e-05
"ENSMUSG00000043833",78.2861945727059,-1.35909165459668,0.287496111522565,-4.72733925825639,2.2748101495472e-06,5.88839614654019e-05
"ENSMUSG00000028370",968.512740442019,1.44730444705609,0.306392722596325,4.72369067643596,2.3160260342532e-06,5.97629100343423e-05
"ENSMUSG00000004328",220.052914446955,-1.31255427140679,0.277941983709285,-4.72240376890908,2.33073379381973e-06,6.00483105597092e-05
"ENSMUSG00000040938",60.5771708075444,-2.11432895064096,0.448291152605607,-4.71641909136913,2.40031755944452e-06,6.16480935743138e-05
"ENSMUSG00000005667",200.961183754561,2.0704139993206,0.439100232417442,4.71512845238557,2.41558308382587e-06,6.19435269610986e-05
"ENSMUSG00000040699",317.177858615114,1.76016631187302,0.373881306943529,4.70782111644559,2.50378668682635e-06,6.39067290313522e-05
"ENSMUSG00000034459",462.296804489318,2.6020626770437,0.552853516890684,4.70660418636389,2.51877283619477e-06,6.41897170313848e-05
"ENSMUSG00000079014",21.17037107914,5.95031003380243,1.26438389829081,4.70609444002413,2.52507577155689e-06,6.42508847405582e-05
"ENSMUSG00000023947",259.563562972468,1.22056293756198,0.259438490605058,4.70463320502443,2.54322773445145e-06,6.45527099558896e-05
"ENSMUSG00000024678",450.059333825854,1.19068794526137,0.253111967115609,4.70419458562195,2.54870081220484e-06,6.45527099558896e-05
"ENSMUSG00000076498",65.5799481670559,2.77068867848323,0.58950637694627,4.70001476970581,2.60142675347731e-06,6.55854343682956e-05
"ENSMUSG00000029581",579.562278313812,1.53856108718738,0.327337296274008,4.70023154923196,2.5986666561599e-06,6.55854343682956e-05
"ENSMUSG00000020901",290.346743188402,1.28284150967141,0.273146796948026,4.69652774260979,2.64621308630748e-06,6.65108489158475e-05
"ENSMUSG00000038623",287.098437340174,1.08411159022487,0.230929999754807,4.69454636199688,2.67199008123052e-06,6.70563608342958e-05
"ENSMUSG00000045827",448.590721685333,1.3633893403738,0.290555097343745,4.69236077025633,2.70070327738349e-06,6.76737869947707e-05
"ENSMUSG00000030745",160.274062953443,1.82152379192938,0.388305880955662,4.69095082321807,2.71938332590623e-06,6.78229435573967e-05
"ENSMUSG00000050747",1190.62134635358,3.57944660227591,0.763099411946833,4.69066879915942,2.72313464687112e-06,6.78229435573967e-05
"ENSMUSG00000087543",70.7649127050727,-1.7421432635023,0.371720455003636,-4.68670270912388,2.77641814285631e-06,6.88376082618124e-05
"ENSMUSG00000030717",2490.66095614948,2.56580377197034,0.547680323539873,4.68485658821288,2.80156023341058e-06,6.93565204851706e-05
"ENSMUSG00000066361",67.6596788493893,1.91617489980395,0.409072202564936,4.68419728299622,2.81059205956561e-06,6.94756412561992e-05
"ENSMUSG00000031616",822.198401689948,1.18856927941378,0.253859663519763,4.68199344052645,2.84098574198306e-06,7.01216615746133e-05
"ENSMUSG00000016252",1366.42386396155,1.2439339063396,0.265725232344335,4.68127883590545,2.85090854375603e-06,7.02612385566699e-05
"ENSMUSG00000030742",65.8305266997149,2.53864656048482,0.542415751476317,4.68025965981864,2.86511809380598e-06,7.05058881589354e-05
"ENSMUSG00000030165",42.4644424595156,2.51755417355291,0.53917787849218,4.66924603916113,3.02307152415018e-06,7.4171127424865e-05
"ENSMUSG00000022901",184.789378877383,1.69218373396444,0.362949986453817,4.66230554379634,3.12686490219146e-06,7.6489713053162e-05
"ENSMUSG00000027995",495.229156037232,1.57042888392989,0.337173855167046,4.65762353712702,3.19880473833234e-06,7.79022520816055e-05
"ENSMUSG00000000706",23.2685536487889,3.04732433852529,0.654258117202802,4.65767906946839,3.19794224539968e-06,7.79022520816055e-05
"ENSMUSG00000061762",1742.90176196873,2.55684257731644,0.549011116029776,4.65717815662181,3.20573017950862e-06,7.79555922381838e-05
"ENSMUSG00000006641",479.611531476912,-1.51877018482967,0.326187037791735,-4.65613285896227,3.22204055721636e-06,7.82366573649748e-05
"ENSMUSG00000006522",89.0492735966153,1.39343929613997,0.299518355184688,4.65226678772576,3.28305941021235e-06,7.94838339269498e-05
"ENSMUSG00000069607",101.859277700121,2.17877534315375,0.468533207918117,4.65020473753596,3.31605673617931e-06,8.01648194533333e-05
"ENSMUSG00000028864",586.08051926087,1.53844036491028,0.331050931881325,4.64714101895891,3.36567092713914e-06,8.11687732397446e-05
"ENSMUSG00000020183",926.486703986115,-1.79476067266611,0.386349238836556,-4.64543602588895,3.3935892785267e-06,8.15600880180804e-05
"ENSMUSG00000001435",4895.47553600681,1.79898158701608,0.387577304032176,4.64160715372211,3.45709663026212e-06,8.28445150276641e-05
"ENSMUSG00000027347",176.090279198772,1.67312539642883,0.360457142401741,4.64167635930509,3.45593870901314e-06,8.28445150276641e-05
"ENSMUSG00000074934",5247.46514549546,1.94805334400303,0.419746337714342,4.64102523112132,3.46684786257129e-06,8.29574365719638e-05
"ENSMUSG00000027317",898.539769949703,1.02832403408606,0.221665502638527,4.63908015386123,3.49963314295251e-06,8.35565650611228e-05
"ENSMUSG00000039934",261.241339378622,1.44568521487609,0.311961896042761,4.63417242046101,3.58368217298108e-06,8.52574560892883e-05
"ENSMUSG00000059108",65.1643077163635,3.29162333315187,0.710859669080344,4.63048260623692,3.64814429698099e-06,8.63694120202422e-05
"ENSMUSG00000061577",104.345352610319,1.93547155517527,0.417997932141299,4.63033763172065,3.65069960554835e-06,8.63694120202422e-05
"ENSMUSG00000027456",1982.378846099,1.01804785500493,0.219866617566069,4.63029752435703,3.65140683751981e-06,8.63694120202422e-05
"ENSMUSG00000027843",119.86015039065,1.7316331032712,0.374031464654623,4.62964554297639,3.66292197061066e-06,8.65174812082686e-05
"ENSMUSG00000013707",107.059407829713,2.12228665586236,0.45866610750729,4.62708410568275,3.70849941065819e-06,8.73775812756377e-05
"ENSMUSG00000055235",36.3541561437361,2.27041598210114,0.490688244739337,4.62700300331675,3.70995136437288e-06,8.73775812756377e-05
"ENSMUSG00000021298",156.564566199451,2.04383263265774,0.442457570530807,4.61927373105131,3.850855596068e-06,9.03085978320049e-05
"ENSMUSG00000030873",220.481836618881,-1.45326192451055,0.31466973616823,-4.61837208181216,3.8676228475745e-06,9.05727950776941e-05
"ENSMUSG00000070873",35.2176794672271,2.6854116333226,0.582010109961611,4.61402918499084,3.94936931668342e-06,9.21991293136895e-05
"ENSMUSG00000044258",286.193824730628,2.18127042452497,0.47273523092773,4.61414822044105,3.94710679945874e-06,9.21991293136895e-05
"ENSMUSG00000033355",422.248356123825,2.3115524769649,0.501009195732196,4.61379251450006,3.95387142656046e-06,9.21991293136895e-05
"ENSMUSG00000079298",99.0639492318898,2.13512406306048,0.463039318083674,4.61110747980725,4.00529370218019e-06,9.32661247793387e-05
"ENSMUSG00000079197",3264.41002343191,1.56976221939516,0.340900907791051,4.60474637502963,4.12968846784516e-06,9.57564242903308e-05
"ENSMUSG00000020048",12889.3667173982,1.29430771634883,0.281137923168911,4.60381759159255,4.14815821231201e-06,9.60494073829713e-05
"ENSMUSG00000022587",7360.97254584971,1.41668532072631,0.307999574866307,4.59963401358997,4.2323384847366e-06,9.78609388682846e-05
"ENSMUSG00000038607",391.894804407499,1.10721284780011,0.240801696428494,4.59802760620873,4.26509491242689e-06,9.8204556004593e-05
"ENSMUSG00000028037",150.662470370094,2.98155250057229,0.648430465122761,4.5981067530623,4.26347534665693e-06,9.8204556004593e-05
"ENSMUSG00000078780",27.8768650867787,5.63386885795967,1.2252003150944,4.59832468907389,4.25901881168307e-06,9.8204556004593e-05
"ENSMUSG00000002033",57.7789796944915,2.5675666280734,0.559385595331047,4.58997630526024,4.43296329067595e-06,0.00010164327946295
"ENSMUSG00000074653",418.304110495808,-1.68031525937715,0.366231258317096,-4.58812627599984,4.47242092893721e-06,0.000102151868769002
"ENSMUSG00000063889",197.785190450278,1.472380431758,0.320915421939152,4.58806380466555,4.47375918012819e-06,0.000102151868769002
"ENSMUSG00000037731",393.69188677922,1.90726631615037,0.415882053432932,4.58607506721363,4.51656266382489e-06,0.000102986386612949
"ENSMUSG00000081665",67.70350280712,3.08850003676258,0.673516544310298,4.5856335124259,4.52611930584457e-06,0.000103061552049957
"ENSMUSG00000003814",12049.4791861543,1.15761007409822,0.252540848977041,4.5838527857466,4.56485682070283e-06,0.000103800052264131
"ENSMUSG00000027408",307.432348132462,2.74785291356447,0.599773604555054,4.58148356762546,4.61688888077217e-06,0.000104838402267796
"ENSMUSG00000074622",1129.19262061816,1.04543032870154,0.228206073001357,4.5810802269724,4.625803331599e-06,0.000104896143592444
"ENSMUSG00000029379",30.8036941424934,4.97634559280378,1.08684542817012,4.57870591697872,4.67861438366645e-06,0.000105947769736315
"ENSMUSG00000013846",855.31980582683,1.37852278231118,0.301151379574095,4.57750777785167,4.70548299852838e-06,0.000106409844237325
"ENSMUSG00000045763",327.595272146237,1.02508712949428,0.223994555720635,4.57639305650253,4.73061362147216e-06,0.000106685057603145
"ENSMUSG00000044708",134.504206800566,1.68468705254958,0.368426215925602,4.57265791555337,4.81576023474051e-06,0.000108160792284492
"ENSMUSG00000125261",162.326315680915,7.15339580609934,1.56528869901309,4.57001689886954,4.87684888506196e-06,0.0001093836010828
"ENSMUSG00000139891",15198.7661613365,1.29923048504303,0.284947477341063,4.55954373474921,5.12648801187842e-06,0.00011451475188542
"ENSMUSG00000094724",2440.9502269394,1.64178002209186,0.360934464898858,4.54869285633868,5.3980160367917e-06,0.000120275895252607
"ENSMUSG00000097324",500.088137203076,-1.99442845549254,0.438932957569652,-4.54381112444958,5.52461637833356e-06,0.000122907783022305
"ENSMUSG00000000278",1455.03494121001,1.02658355887714,0.225984308995532,4.54272052533275,5.55328534378711e-06,0.00012321258303877
"ENSMUSG00000049866",291.946042251248,1.53978184370339,0.339033482079201,4.54168076338751,5.58075051034035e-06,0.000123655310433019
"ENSMUSG00000029641",156.601281583447,1.56759925461976,0.345602222946548,4.53584829766042,5.73724097879393e-06,0.000126781474139442
"ENSMUSG00000042265",51.7225206270451,4.97258219652117,1.09622435155688,4.53609901062588,5.73042858068827e-06,0.000126781474139442
"ENSMUSG00000029401",247.450439217791,1.18617108295214,0.261756153664846,4.53158814547267,5.85419003474049e-06,0.000129192400190258
"ENSMUSG00000023367",3286.08395222648,1.17462315505596,0.259334741350204,4.52937060781128,5.91596504596776e-06,0.000130290340833675
"ENSMUSG00000095589",496.617174614176,1.53221661915633,0.338294812659534,4.52923474383386,5.91977008707943e-06,0.000130290340833675
"ENSMUSG00000044703",24.5287673665123,3.10478513266564,0.686207756310154,4.52455557972786,6.05225470788059e-06,0.000133028396870278
"ENSMUSG00000053338",34.7908907775055,6.29569776977955,1.39366848522504,4.51735677208987,6.26163542618575e-06,0.000137264053290674
"ENSMUSG00000050368",217.325487008909,-1.64897071767075,0.365144678595832,-4.51593796741579,6.30371169263648e-06,0.00013800266701579
"ENSMUSG00000050370",102.32882572282,1.95166131261281,0.432235231061368,4.51527587841565,6.32343914777932e-06,0.000138250702111409
"ENSMUSG00000053318",168.059911156919,2.83002524045594,0.626876579982217,4.51448551569149,6.34706596904803e-06,0.000138583218897132
"ENSMUSG00000062991",685.075634811877,1.72034620772973,0.381099424873001,4.51416637089658,6.35663028944918e-06,0.000138608217821459
"ENSMUSG00000129666",211.055847700828,-4.5330988582853,1.0044652332202,-4.51294749520866,6.39328533828965e-06,0.000139223090640559
"ENSMUSG00000026288",596.924823485045,1.09305106858073,0.242303247844513,4.51108715340929,6.44962124257166e-06,0.000140264352069296
"ENSMUSG00000030789",577.991161161171,1.56139901840156,0.346291261729305,4.50891833251659,6.51589833194525e-06,0.000141332324425316
"ENSMUSG00000134910",33.0872829811186,2.65041667923912,0.588447279053754,4.50408519774463,6.66594617499798e-06,0.000144396673524989
"ENSMUSG00000044583",151.738402898547,1.21301391477057,0.26934569765313,4.50355778963553,6.68251851060996e-06,0.000144496201214157
"ENSMUSG00000008845",1054.13199023406,1.18448916891021,0.263022220951825,4.50338060648938,6.68809483843694e-06,0.000144496201214157
"ENSMUSG00000046245",96.2324175123974,2.17471215348343,0.482958520531391,4.50289633795181,6.70335851076126e-06,0.000144636161418955
"ENSMUSG00000020399",104.952598134182,1.29780033791891,0.2882324271838,4.50261738625034,6.712165916802e-06,0.000144636632838104
"ENSMUSG00000033720",331.670665375953,-1.22390939476761,0.272317408529093,-4.49442215750543,6.97591154053707e-06,0.000149927456516791
"ENSMUSG00000029084",7099.44025546743,1.12640645892467,0.250718183830081,4.4927194418737,7.03193982622622e-06,0.00015093458325836
"ENSMUSG00000106099",74.5280334338236,-1.20562153125354,0.268482920918564,-4.49049618176359,7.10574489586366e-06,0.000152019660282951
"ENSMUSG00000040061",180.634514675476,1.40456963140777,0.312796466901353,4.49036283984222,7.11019488658643e-06,0.000152019660282951
"ENSMUSG00000004709",107.079341430464,1.51576699480099,0.337799462147612,4.48718001255616,7.21720921278911e-06,0.000153312148735674
"ENSMUSG00000002289",579.192022151388,1.79929064786987,0.401552964823879,4.48083019050559,7.43532525339491e-06,0.00015753894420417
"ENSMUSG00000076490",41.4688895590883,2.60228270942537,0.581001220404429,4.47896255297699,7.50066891896292e-06,0.000158719167625818
"ENSMUSG00000052560",315.679856314425,1.40203155261475,0.313416938685536,4.47337517396106,7.69945125292746e-06,0.000162507776893519
"ENSMUSG00000028347",301.173237090356,-1.25971068245562,0.281952871330298,-4.46780583049964,7.90259852619498e-06,0.000165733094951271
"ENSMUSG00000020182",1008.52753964608,-1.04966980586258,0.23497413014921,-4.46717179119265,7.92604797659001e-06,0.000165802449604322
"ENSMUSG00000034177",489.447277686138,-1.30469760813019,0.2920583460701,-4.46724986868559,7.92315675397075e-06,0.000165802449604322
"ENSMUSG00000030149",101.565159052677,2.85319202225898,0.639617220949978,4.46078049309137,8.16617002141088e-06,0.000170608701855948
"ENSMUSG00000040380",83.8632020239507,-1.34122331865383,0.300897670909592,-4.45740678084814,8.29570925833435e-06,0.000173095388491709
"ENSMUSG00000054555",158.113979438616,2.3349472721113,0.523934249859946,4.45656544258265,8.32831849821074e-06,0.000173555832197523
"ENSMUSG00000113902",423.10177322116,1.05742704462771,0.237429772293168,4.45364132060929,8.44260941568663e-06,0.000175272698995815
"ENSMUSG00000041202",93.1881342379369,1.79032329887393,0.401990983266027,4.45364043822134,8.44264412948318e-06,0.000175272698995815
"ENSMUSG00000057135",40.681212318633,2.95397911305651,0.663435681321587,4.45254784483717,8.48573238848722e-06,0.000175945355556253
"ENSMUSG00000027366",6369.65188946369,1.0515867429217,0.236218452248809,4.45175528376616,8.51711980947599e-06,0.000176266235717283
"ENSMUSG00000031779",171.662392219691,2.07825288999309,0.466853518220804,4.45161663965474,8.52262185694935e-06,0.000176266235717283
"ENSMUSG00000076940",32.5132172410062,2.72969560981427,0.613984880877318,4.44586779712528,8.75377719744252e-06,0.000180367251566328
"ENSMUSG00000028480",462.658973942846,1.54498827161651,0.347717760106863,4.44322507755053,8.86203729849019e-06,0.000182141972590567
"ENSMUSG00000085133",235.455494651736,-1.00900227951832,0.227118658444838,-4.44262169575724,8.88693387373157e-06,0.000182425925639954
"ENSMUSG00000027399",49.2758147153229,3.86348646215082,0.869808274348604,4.44176788849723,8.92227766310094e-06,0.000182923358863799
"ENSMUSG00000056427",1337.83740019885,1.26122623429707,0.284006540260778,4.44083517632728,8.96104126100558e-06,0.000183211131284888
"ENSMUSG00000052353",496.454639524976,4.05205196147758,0.912495382628155,4.44062735945789,8.96970004346838e-06,0.000183211131284888
"ENSMUSG00000044092",37.733670085247,1.93328956342755,0.435355086491483,4.44071890604951,8.96588472920291e-06,0.000183211131284888
"ENSMUSG00000078783",21.2842814661394,6.14893022877575,1.38712731205913,4.43285210760354,9.29946573911503e-06,0.000189476614434469
"ENSMUSG00000042357",97.3715390223678,-2.34212569180002,0.528628363303097,-4.43057136996095,9.39837349881683e-06,0.000191255158110039
"ENSMUSG00000031963",113.462051720461,2.34690490181319,0.529803942311112,4.42976111422561,9.43375283372569e-06,0.00019150169285034
"ENSMUSG00000063354",1968.00530566143,1.17872871451218,0.266303641483439,4.42625834159118,9.58816855879923e-06,0.000194396575102847
"ENSMUSG00000043366",219.353122859197,-1.1738085049629,0.265615008334612,-4.41921001498598,9.90623460264339e-06,0.000200351769365256
"ENSMUSG00000036469",284.198987636536,1.47830765695677,0.334902467457801,4.41414381977654,1.01410527996609e-05,0.00020484926655315
"ENSMUSG00000024669",42.9461825989659,2.55638654712431,0.579461598966154,4.41165825601779,1.02581934876824e-05,0.000206961567877103
"ENSMUSG00000020173",1195.7611657372,-1.21297821574232,0.27519516350936,-4.40770179342581,1.04473250021628e-05,0.000210005264359714
"ENSMUSG00000000409",120.620109895456,1.85055818736006,0.420014724767452,4.40593645469134,1.05327840074483e-05,0.000211207336315007
"ENSMUSG00000003206",34.4305130589183,2.19116998569016,0.49780471015764,4.40166583597869,1.07422915273844e-05,0.000214716826126668
"ENSMUSG00000095649",6415.62649174712,-1.68796212304816,0.383733304813724,-4.39878973723051,1.08856227252867e-05,0.000217224250819872
"ENSMUSG00000121490",84.2434626784775,-1.25882416808153,0.286500672240284,-4.39379132425132,1.11390744897475e-05,0.000221744357103643
"ENSMUSG00000055994",100.801434339669,1.78231907818807,0.4056832285416,4.39337629163367,1.11603707574661e-05,0.000221899980410827
"ENSMUSG00000042817",135.69256544541,1.9569394578434,0.445765555154809,4.39006431792106,1.13317139030729e-05,0.000225034989127007
"ENSMUSG00000040907",112.102950165362,1.63431024201395,0.372450374227176,4.38799462990229,1.14400599761068e-05,0.000226912900465839
"ENSMUSG00000045027",23.8018085721398,6.64049062866935,1.51470705132766,4.38400984721691,1.16514502850768e-05,0.000230550271686561
"ENSMUSG00000061232",19113.4366799402,1.07190216127638,0.244572425129767,4.38275967009626,1.17185362367516e-05,0.000231599354220459
"ENSMUSG00000056290",91.7171076791981,2.6256778195626,0.600158533638615,4.37497373176344,1.21447102086817e-05,0.000239160722686037
"ENSMUSG00000000394",856.022709799199,1.58461946758251,0.362225079326533,4.37468181531969,1.2160972883222e-05,0.000239194858514318
"ENSMUSG00000029832",38.1013681445554,-2.36964625963005,0.541716680651542,-4.37432765921107,1.21807308338476e-05,0.00023927232537098
"ENSMUSG00000053182",226.216185294992,-1.30348737672605,0.29803731996328,-4.373570990662,1.22230471746944e-05,0.00023927232537098
"ENSMUSG00000024696",122.326209008088,1.2682761322632,0.290037023453359,4.37280770972727,1.2265875426813e-05,0.000239541052374403
"ENSMUSG00000027848",847.545470013715,1.38595306508563,0.316934724236629,4.37299216242033,1.22555125482583e-05,0.000239541052374403
"ENSMUSG00000085004",32.3050221669127,-1.9729535489351,0.451269668465726,-4.3720056693439,1.23110327851768e-05,0.000240138071969628
"ENSMUSG00000025591",283.348409532569,-1.07629146478367,0.246614208898142,-4.36427191114606,1.27546849959622e-05,0.000247910719112781
"ENSMUSG00000032796",278.37945428653,2.15964184247722,0.495120227068839,4.36185339319001,1.28965279779895e-05,0.000250372099176463
"ENSMUSG00000032915",47.3801937272794,2.42163689457512,0.555507250085535,4.35932545291217,1.30463965608201e-05,0.000252883555618404
"ENSMUSG00000004296",25.978895540369,3.44661346215611,0.791398926675707,4.35508988701021,1.33012325742948e-05,0.000257016657125136
"ENSMUSG00000070394",287.183175870165,1.3970106499574,0.320876564083055,4.35373226445982,1.33839150536487e-05,0.000257912229426657
"ENSMUSG00000035811",222.096903637255,-1.54792877980787,0.355554897859876,-4.35355774628622,1.33945791265135e-05,0.000257912229426657
"ENSMUSG00000032094",35.5087106459481,3.37288610975857,0.77503262893118,4.3519278851653,1.34945652079926e-05,0.000259533910069137
"ENSMUSG00000039648",524.87493423451,-1.92585225109102,0.442629003543924,-4.35094003255913,1.35555124990117e-05,0.00026040186962804
"ENSMUSG00000074489",113.197451836238,1.84921006920498,0.425492883959964,4.34604229333946,1.38615853422205e-05,0.000265661559358529
"ENSMUSG00000004933",72.4967523992987,1.13194698325188,0.260577374266094,4.34399566132697,1.39914279347875e-05,0.000267527152253667
"ENSMUSG00000141894",188.181546135398,2.5898926196166,0.596270247496085,4.34348792429662,1.40238189602883e-05,0.000267835419423696
"ENSMUSG00000026228",72.6759766527987,1.58598034142239,0.365276614881176,4.34186114525374,1.41280814990788e-05,0.000269514027484743
"ENSMUSG00000016624",150.41302959467,-1.12401854151757,0.258933574493787,-4.34095324916833,1.41865908298565e-05,0.000270004444892402
"ENSMUSG00000034361",575.029762155821,1.14386346572887,0.263491186268141,4.34118302752193,1.41717609680291e-05,0.000270004444892402
"ENSMUSG00000022667",59.2999367421444,1.68498526347993,0.388230652311144,4.34016544919672,1.42375477651649e-05,0.000270661372815139
"ENSMUSG00000057346",159.932698101248,2.8873493174144,0.665844966322176,4.33636876968944,1.44855842925142e-05,0.000274110545066278
"ENSMUSG00000030750",341.810870193842,1.04193568055506,0.240405450927555,4.33407677128353,1.46373091858456e-05,0.000276663629307206
"ENSMUSG00000029561",1762.34706219234,2.44386643691465,0.564395925137339,4.33005684142735,1.49070857873138e-05,0.000280795598760352
"ENSMUSG00000076545",334.466159038085,2.78457614962544,0.644801141629685,4.31850375231601,1.570905518539e-05,0.000294553730657262
"ENSMUSG00000045382",210.425757414873,1.26971797040498,0.294053873945442,4.31797736030017,1.57465577601709e-05,0.000294921024352325
"ENSMUSG00000095026",681.302752240352,1.04130641767703,0.24144742749823,4.3127666691941,1.6122424184415e-05,0.000301132674696741
"ENSMUSG00000031075",3238.66453519819,-1.62045998973917,0.37593466484945,-4.31048302073478,1.62898336985443e-05,0.000303714079478068
"ENSMUSG00000067889",406.250486625953,-2.10513767050846,0.48863411303558,-4.30820856413513,1.64582154244263e-05,0.000306390070558911
"ENSMUSG00000035829",108.483844267799,-1.06886946978596,0.248195339352329,-4.30656543581843,1.65808895840167e-05,0.000308093888512039
"ENSMUSG00000026737",637.736026204703,1.01666460230396,0.236118036167464,4.30574732369407,1.66422934275014e-05,0.000308886219500513
"ENSMUSG00000026786",334.863598959389,1.30181835729248,0.303200413614137,4.29359030805681,1.75806756451935e-05,0.000323747945354385
"ENSMUSG00000025915",259.969763401117,1.01616142684305,0.236739618293783,4.29231674092689,1.76818471484167e-05,0.000325247206261882
"ENSMUSG00000050592",85.101907495543,2.20695244141213,0.514320374806896,4.29100721946071,1.77864531525905e-05,0.000326441893256519
"ENSMUSG00000109209",81.6048204853454,-1.94752176919346,0.454092924416152,-4.2888176945225,1.79626730856248e-05,0.000328942699675908
"ENSMUSG00000068349",27.2352810169279,6.24726474357943,1.45963673453635,4.28001337302865,1.86882083723713e-05,0.000340713149982667
"ENSMUSG00000053063",102.207489117746,2.22327990122386,0.519847822005606,4.27678987409489,1.89607615837721e-05,0.000345299798621283
"ENSMUSG00000026117",58.606365231643,2.10442023925466,0.492370081686625,4.27406196584066,1.91943653264716e-05,0.000349167774994146
"ENSMUSG00000028539",88.845854241545,1.25735940644192,0.294387416337667,4.27110445848577,1.94507268488902e-05,0.000352662242415506
"ENSMUSG00000021665",2711.51094362368,-1.27492036976442,0.29848552979066,-4.27129707312301,1.94339319121462e-05,0.000352662242415506
"ENSMUSG00000115368",21.6392297800433,2.82693216883905,0.662264257677111,4.26858634762278,1.96715678162587e-05,0.000355491790295353
"ENSMUSG00000022548",463.46764650408,1.64303234002901,0.385051908681861,4.26704115207107,1.9808263106406e-05,0.000357203079807108
"ENSMUSG00000029082",160.265743168121,2.01609755200312,0.472483135118417,4.26702542832102,1.98096587416564e-05,0.000357203079807108
"ENSMUSG00000097649",48.1936870213355,-1.48488393303643,0.348360381941258,-4.2624936990878,2.02158200698493e-05,0.000364128058873009
"ENSMUSG00000047562",427.327808315133,4.73614149098037,1.11197918234062,4.25919978197002,2.051600447131e-05,0.000368326043196484
"ENSMUSG00000070284",801.389544672129,1.19435319405145,0.280442919811013,4.2588102950016,2.05517788687867e-05,0.000368566378558645
"ENSMUSG00000022216",2301.91178805559,1.23165004941744,0.289273584993881,4.25773424643489,2.06509229604372e-05,0.000369941397930009
"ENSMUSG00000020839",171.062348816793,5.45816748162628,1.28227295993722,4.25663462629168,2.07527092282515e-05,0.000371360708722506
"ENSMUSG00000121091",43.7490199463047,1.64563423708945,0.386816369247719,4.25430350915573,2.09700707999934e-05,0.00037461510209661
"ENSMUSG00000062545",172.286311467475,2.15820586764354,0.507312198304284,4.25419667584863,2.09800840753857e-05,0.00037461510209661
"ENSMUSG00000052026",221.52553410254,-1.25745660942004,0.295690559233647,-4.25260993343526,2.11293432587267e-05,0.000376463612628158
"ENSMUSG00000075270",24.9696240391995,3.70561807344794,0.871913771428253,4.24998227448328,2.13787432885703e-05,0.000380084504060186
"ENSMUSG00000094420",574.282184085124,2.26863778185372,0.533857636399541,4.24951827448594,2.14230732122945e-05,0.000380461762992453
"ENSMUSG00000096490",124.484260940845,3.56949125557888,0.840628576186916,4.24621688661842,2.17410188446472e-05,0.00038569223409421
"ENSMUSG00000031112",194.713868902434,-1.30072085604672,0.306569266518581,-4.24282861363694,2.20719998550354e-05,0.000390721864100481
"ENSMUSG00000032271",90.4184929862829,1.71168441539175,0.403513514701868,4.2419506485586,2.21585424222992e-05,0.00039141210718703
"ENSMUSG00000055805",532.643383373858,1.2082223540998,0.284914877184566,4.24064326173155,2.22880126355059e-05,0.000393243878572536
"ENSMUSG00000029304",59.7155529449229,4.59902673506253,1.08481887387123,4.23944203574802,2.2407604173052e-05,0.000394120072116405
"ENSMUSG00000024349",537.270338997914,1.2796467006908,0.301831423926988,4.23960727495471,2.23911171522135e-05,0.000394120072116405
"ENSMUSG00000032640",313.315751827004,1.01344181116387,0.239292757775197,4.23515454703375,2.28394570495986e-05,0.000400859255231921
"ENSMUSG00000046006",35.3174057211854,2.95070524895079,0.696854977298882,4.23431753388371,2.29246833039254e-05,0.00040192658278224
"ENSMUSG00000037541",266.591614867599,-1.15093280587698,0.272209319527249,-4.22811683257511,2.35655421723741e-05,0.000412284294137933
"ENSMUSG00000056116",1645.03612765293,1.2412095238975,0.294071290849973,4.22077762269806,2.4346101706518e-05,0.000423241681514685
"ENSMUSG00000040751",111.542013909577,1.26137367493555,0.299110360310985,4.21708453570147,2.4748121658587e-05,0.000428871923016124
"ENSMUSG00000035948",99.2504927412785,1.27082169601153,0.301533840841506,4.2145242884347,2.50305215746391e-05,0.000432854492314373
"ENSMUSG00000076609",7134.26883476369,1.56068203997701,0.370802571499487,4.20892992641818,2.56582940039678e-05,0.000443245009640422
"ENSMUSG00000024014",985.683198948959,1.4520334919836,0.345031457192279,4.20840900652839,2.57175052235451e-05,0.000443802189198347
"ENSMUSG00000030659",424.211753305129,1.43819404997684,0.341955221419263,4.20579643149681,2.60164334943437e-05,0.000448490622636
"ENSMUSG00000023073",342.867856019817,2.34017432018908,0.556727066021846,4.20344988238322,2.62877377410171e-05,0.000452693542291175
"ENSMUSG00000050232",34.9520897275109,2.48449856498295,0.591224970094962,4.20228963702919,2.64228754771998e-05,0.0004545452444944
"ENSMUSG00000104535",29.1481356502211,-1.93862263862161,0.461435048689565,-4.20129039639951,2.65397897046407e-05,0.000456079914308455
"ENSMUSG00000060131",81.8615987852282,1.54211378826989,0.367174082792229,4.19995272145206,2.669707207052e-05,0.000458304376952003
"ENSMUSG00000030364",5466.36514115943,1.05529855967929,0.251456445465855,4.19674491828682,2.70778613910751e-05,0.000463873914756784
"ENSMUSG00000030208",5643.85618006901,1.42768481416769,0.340491852622313,4.1930072721926,2.75280614978395e-05,0.000471096129354399
"ENSMUSG00000023057",624.767799913278,4.04871059163314,0.965686223185668,4.19257362736003,2.75807524639242e-05,0.00047150771320206
"ENSMUSG00000004371",141.55247079481,5.14850926378436,1.22991299053124,4.18607600978386,2.83818339598547e-05,0.000484339832832129
"ENSMUSG00000026185",14245.4733172736,1.59421413453977,0.381571701144174,4.17801983155299,2.94058020778598e-05,0.00049947441394164
"ENSMUSG00000060224",200.069802417494,-1.00978832807959,0.241701043613554,-4.17784016561426,2.94290336830098e-05,0.00049947441394164
"ENSMUSG00000031129",210.87571170073,1.00821462212282,0.24159843359422,4.17310082322874,3.00481889337274e-05,0.000508933471621352
"ENSMUSG00000074417",36.5051231123263,2.37381734750965,0.569188505577669,4.17052931365938,3.03892959811128e-05,0.000513653983302937
"ENSMUSG00000007682",125.885125854469,5.17104335219361,1.23984185137385,4.17072818316599,3.03627854848817e-05,0.000513653983302937
"ENSMUSG00000044350",352.237475743282,1.05392187106764,0.252824960605804,4.16858315153021,3.06498946344451e-05,0.000516997146892284
"ENSMUSG00000057058",46.6328572201826,2.16719960159944,0.520004254006184,4.16765744684402,3.0774594075092e-05,0.000518569234655312
"ENSMUSG00000017493",8521.22667328821,1.8191931974097,0.437034372246902,4.16258608689466,3.14663450818224e-05,0.000528988287207391
"ENSMUSG00000030921",873.905594515801,1.891650815901,0.454459430507071,4.16241954488734,3.148931066411e-05,0.000528988287207391
"ENSMUSG00000026822",610.043653190746,3.76082597621701,0.904046182476129,4.15999320512181,3.18257062519709e-05,0.000533007733495622
"ENSMUSG00000034786",287.793108920093,1.46200025580841,0.35151769405376,4.15910857558373,3.19492013680664e-05,0.000534532217604143
"ENSMUSG00000050359",173.353519085768,2.05230896893932,0.493588805281164,4.15793256852788,3.21140781336247e-05,0.00053674524701915
"ENSMUSG00000042842",147.934984617931,1.7818534537898,0.429230101204999,4.15127794809246,3.30623945303301e-05,0.000550802621338014
"ENSMUSG00000019278",955.866537928329,1.95757472033934,0.471907099567738,4.14822053351699,3.35069548691347e-05,0.000556717548695712
"ENSMUSG00000053977",75.7487399885564,2.814822236858,0.678628786279518,4.14780848347127,3.35673009902193e-05,0.000557075076816513
"ENSMUSG00000117613",19.630532060165,3.08822451250582,0.744976972101528,4.14539593592289,3.39227036690398e-05,0.000561840513584911
"ENSMUSG00000095571",80.2074407371301,2.58277897248298,0.62351115670454,4.14231396617474,3.43819228429132e-05,0.000568873965590835
"ENSMUSG00000074570",38.2711808086515,2.25252133671517,0.544004640192892,4.14062890330582,3.46354906238952e-05,0.000572494058374686
"ENSMUSG00000049130",295.563375790083,1.58211298620375,0.382655664333224,4.13456047739573,3.55634595775185e-05,0.000585481235024688
"ENSMUSG00000028525",609.333099379198,1.35175108840422,0.327148211082753,4.1319226045295,3.59741558358333e-05,0.000591650876648676
"ENSMUSG00000060459",19.53882240297,6.43874230085242,1.55901054547713,4.13001843992137,3.62734138997267e-05,0.000594790052819921
"ENSMUSG00000013974",49.672037295137,2.50886296990626,0.607870493598767,4.12729848927701,3.67049829526024e-05,0.000600670113666694
"ENSMUSG00000051314",185.382712704454,1.99882644842486,0.484603712565228,4.12466185585778,3.71279822584046e-05,0.000605785898830639
"ENSMUSG00000066682",31.2561226096228,2.32389353779825,0.563405399039812,4.12472713566246,3.71174536695413e-05,0.000605785898830639
"ENSMUSG00000054676",356.755934110506,1.07822226137296,0.261782991913406,4.118763612151,3.80910647607333e-05,0.000619045606274385
"ENSMUSG00000037185",110.49450661413,1.60903102138955,0.390728682426199,4.11802637932388,3.82130962806844e-05,0.000620416374821408
"ENSMUSG00000047419",43.5648389001564,-1.40674011120125,0.342287329630787,-4.10982233177795,3.95963651149809e-05,0.000641609211503869
"ENSMUSG00000093861",427.142636439234,1.77990528658073,0.433812594082779,4.10293594713181,4.07940215458477e-05,0.000659069653296655
"ENSMUSG00000087516",43.5171868600976,-1.36308296078204,0.332645366696607,-4.0977061376756,4.17264530966107e-05,0.000673473134636767
"ENSMUSG00000020178",70.3341527583817,1.36808782643884,0.333891053580894,4.09740785734286,4.1780238981449e-05,0.000673680778013316
"ENSMUSG00000027078",551.519624813157,1.94952191870144,0.476947529949359,4.08749767277008,4.36051049183769e-05,0.000699679183500232
"ENSMUSG00000039252",825.060523812325,3.32961565673459,0.815214249152653,4.08434428151305,4.42014557011463e-05,0.000707868254093357
"ENSMUSG00000090942",142.308915168871,3.25621682941647,0.798449768723407,4.07817367725291,4.53908546632053e-05,0.000726209562993537
"ENSMUSG00000005364",82.8939019973064,2.85714789391982,0.700867415644139,4.07658828209888,4.57013089604759e-05,0.000729758146863545
"ENSMUSG00000002847",203.659996449163,1.80439419270112,0.442651550430232,4.07633089943398,4.57518995973832e-05,0.000729858064991976
"ENSMUSG00000020889",1907.58581684606,-1.49078970822783,0.365751854142992,-4.075959400728,4.58250143203313e-05,0.000730316757749869
"ENSMUSG00000021280",79.3821535121936,1.9459666080971,0.477470763656267,4.07557227838565,4.59013218186445e-05,0.000730825397582539
"ENSMUSG00000051506",655.499721419784,1.01327291485701,0.248668087628517,4.07480076965376,4.60537570358274e-05,0.000731589491043493
"ENSMUSG00000020395",52.9185878529468,1.38299905375187,0.339405971201537,4.07476347235698,4.60611384121303e-05,0.000731589491043493
"ENSMUSG00000036437",191.285099925387,-1.52544906940776,0.374402397955685,-4.07435710277772,4.61416343163974e-05,0.000731820545039355
"ENSMUSG00000039264",278.390538391065,1.51895797112029,0.372916694293661,4.07318308448844,4.63749403435349e-05,0.000734812938282594
"ENSMUSG00000029193",154.705423520137,2.93384614476901,0.72052032642608,4.07184369013079,4.66424766454691e-05,0.000738341435590729
"ENSMUSG00000022126",110.172851258648,5.19936061265425,1.27831575728623,4.06735236033709,4.75503156609182e-05,0.000751267607222357
"ENSMUSG00000024778",305.01914085246,1.12924035948545,0.277775919966307,4.06529248331685,4.79722624504009e-05,0.000756482142453018
"ENSMUSG00000021281",1361.72709053727,1.90128098524788,0.467920159669162,4.06325939577419,4.83922008429677e-05,0.000762373973662945
"ENSMUSG00000030022",460.828124375711,1.01626778621764,0.250141961556454,4.06276411959889,4.84950277798032e-05,0.000763263520400478
"ENSMUSG00000022504",727.379935300855,1.75171028451835,0.431293770281989,4.06152466188659,4.8753266809344e-05,0.000766595063497833
"ENSMUSG00000030157",1420.32606995839,1.29578787811281,0.319159147414594,4.06000545060221,4.90715703895886e-05,0.000770863800881485
"ENSMUSG00000046718",612.858695765707,1.85544663804648,0.457275738360706,4.05761006411164,4.95774543374758e-05,0.000777327267388442
"ENSMUSG00000110945",52.1618670705253,-1.38289811360862,0.340928947399858,-4.05626487323967,4.98637100393065e-05,0.000781071606448243
"ENSMUSG00000026582",26.7206651716859,3.7246753531434,0.919599439687412,4.05032364353058,5.11468441125418e-05,0.00080040921542279
"ENSMUSG00000003062",613.744501548148,1.09149636620672,0.270283105714965,4.03834476934637,5.38296970753108e-05,0.000836825592965856
"ENSMUSG00000010830",274.814214511942,1.29189381857908,0.319890562926415,4.03854932999774,5.37827837769801e-05,0.000836825592965856
"ENSMUSG00000005057",63.6568463301582,1.76652617867621,0.437746755480667,4.03549805123393,5.44865919024483e-05,0.000846238455179251
"ENSMUSG00000086320",48.5280572491218,2.39366596672317,0.59348245878088,4.03325478505328,5.50095800424536e-05,0.000853555811723763
"ENSMUSG00000094520",94.9408120250386,-1.11592787972546,0.276796042379539,-4.0315890000888,5.540100909221e-05,0.000858819974279712
"ENSMUSG00000035208",180.691643457941,2.00569572017247,0.498000459839,4.02749772725289,5.6373612207402e-05,0.000869965165317104
"ENSMUSG00000076752",14.2537489914474,3.5996180738089,0.893687071294419,4.02782829631317,5.62944305303396e-05,0.000869965165317104
"ENSMUSG00000042190",326.450701296802,1.00720858886091,0.25012240922508,4.02686265489528,5.65260281088126e-05,0.000871337079358971
"ENSMUSG00000085683",403.080329709423,1.09214735456879,0.271464570449237,4.02316719548865,5.74207027827817e-05,0.000884300308618275
"ENSMUSG00000047898",30.9766470845459,2.76481815564424,0.687954545333715,4.01889655995087,5.84713321969969e-05,0.000899638824260897
"ENSMUSG00000113977",89.7799222554918,1.36723468348732,0.340423459102896,4.01627633738974,5.91249235812834e-05,0.0009088455806897
"ENSMUSG00000053044",17.3530277562868,3.4336493526215,0.855301513335308,4.01454843594482,5.95597123846879e-05,0.000914279688251797
"ENSMUSG00000093661",432.006654858911,1.26237434532134,0.314459139297921,4.01443045395275,5.95895101436056e-05,0.000914279688251797
"ENSMUSG00000028367",8739.60864163771,1.15844610101457,0.28866395571377,4.01313041716662,5.99187860886809e-05,0.000917621372444608
"ENSMUSG00000021732",316.0832154907,1.21294618110437,0.302341410514981,4.01184270139625,6.02466393002667e-05,0.000921784779554174
"ENSMUSG00000039783",111.221833956169,1.6133521644297,0.402265820197878,4.01066181470769,6.05487862025565e-05,0.00092554750905542
"ENSMUSG00000030207",187.683336938684,1.28008617904679,0.319543037650672,4.00598989249828,6.17582899499739e-05,0.000943160229542134
"ENSMUSG00000100287",13.5447634819922,4.8450620181198,1.20980563278019,4.0048267976614,6.20629377828196e-05,0.000946934332454643
"ENSMUSG00000039208",797.817300224916,1.00540424118818,0.251073811483142,4.00441700888299,6.21706117231811e-05,0.000947698871109936
"ENSMUSG00000045932",1218.73309078425,2.98547438476907,0.7457795653832,4.00315927567023,6.25021925214051e-05,0.00095070337500037
"ENSMUSG00000004366",201.054273681809,1.04976585618349,0.262243951493936,4.00301265368848,6.25409557872442e-05,0.00095070337500037
"ENSMUSG00000042607",22.164137997123,2.96463572348223,0.741267452654836,3.99941439876315,6.34994096691176e-05,0.000963493807725976
"ENSMUSG00000054435",401.612928791865,1.54382982447001,0.386177482554308,3.99772098118876,6.39552752243019e-05,0.000967735014722135
"ENSMUSG00000045664",131.364803586208,1.57638047606684,0.394286371466676,3.99805976098789,6.38638290422817e-05,0.000967735014722135
"ENSMUSG00000022436",296.765516087225,1.09417041116745,0.274282200222869,3.98921406594513,6.62925764886937e-05,0.000996689211628643
"ENSMUSG00000030030",53.6539285269146,-1.15590760425295,0.289823601852315,-3.98831426034781,6.65444742740989e-05,0.000999269224130252
"ENSMUSG00000060591",2170.03333445899,1.10875235166058,0.278010460487625,3.98816774633533,6.65855760718512e-05,0.000999269224130252
"ENSMUSG00000046259",18.6784752309642,4.23620446256869,1.06229826079545,3.98777313199836,6.66963973544481e-05,0.0010000207555977
"ENSMUSG00000021384",35.779704856258,1.9674447384715,0.493536190130964,3.98642445643029,6.70764709806556e-05,0.00100389085614049
"ENSMUSG00000100291",50.6159517391088,3.01581492030645,0.757437049864595,3.98160470344773,6.84515551086474e-05,0.00102168445308582
"ENSMUSG00000060791",248.115395830175,1.23615687022533,0.310554678525319,3.98048059071358,6.87760804906588e-05,0.00102559838144721
"ENSMUSG00000026430",280.037318643615,1.14906730622625,0.288733931911089,3.97967533161321,6.90094488457323e-05,0.00102814710981655
"ENSMUSG00000032532",22.1719810333367,3.19931684196692,0.804094153805534,3.97878386110075,6.92686754729676e-05,0.00103107613409717
"ENSMUSG00000048534",257.333023919913,1.46805997975725,0.369083957713275,3.97757732103252,6.96209872496756e-05,0.00103538420333461
"ENSMUSG00000025279",443.912162158756,1.95794864626695,0.492333338155353,3.97687601981795,6.98265467894965e-05,0.00103668841238493
"ENSMUSG00000039521",50.8898288768424,2.57862059876186,0.648408055139823,3.97684849582229,6.98346260909241e-05,0.00103668841238493
"ENSMUSG00000110060",385.982769553856,-1.0831001636952,0.272393135703972,-3.9762388317754,7.00138117488325e-05,0.00103841205659552
"ENSMUSG00000131004",63.4471404742101,-1.54133979136685,0.387944046761626,-3.97309819349783,7.09437855795558e-05,0.00105032083638108
"ENSMUSG00000037849",67.668683609312,2.74989996210126,0.692153138278116,3.97296466637751,7.09835820876194e-05,0.00105032083638108
"ENSMUSG00000055866",494.237588958615,-1.33269872253106,0.33624581438584,-3.96346561210067,7.38695083689465e-05,0.00108775824354022
"ENSMUSG00000135122",381.34485242687,1.03856593050038,0.262057117578064,3.96312811534685,7.39740576838537e-05,0.00108832431782778
"ENSMUSG00000024907",80.1396081918488,2.0057746025116,0.507050806986694,3.95576651269236,7.62896446689659e-05,0.00111839396276508
"ENSMUSG00000038521",5575.60463991274,1.13840594825357,0.288592524038145,3.94468273926285,7.99056993635382e-05,0.00116517938761907
"ENSMUSG00000078706",1055.82920853996,-1.19107964106778,0.302184894518002,-3.94155916683925,8.09536597329824e-05,0.00117837320971184
"ENSMUSG00000044716",77.7420226998191,-1.67908183627839,0.426220501892192,-3.93946754983432,8.16626462739938e-05,0.00118667548806795
"ENSMUSG00000061878",268.864135555258,1.3155800393864,0.333950072393234,3.93945127772654,8.16681848983167e-05,0.00118667548806795
"ENSMUSG00000037447",400.73668687347,1.38624278703035,0.35207309331715,3.9373721347732,8.23788023214569e-05,0.00119594552259096
"ENSMUSG00000024909",409.912475611679,1.23929129642747,0.314880553261838,3.93575050472215,8.29371015828464e-05,0.00120087379363096
"ENSMUSG00000021880",110.584499212251,1.76179870925244,0.447781751439883,3.9345031448629,8.33689772701e-05,0.00120500743880391
"ENSMUSG00000021262",370.559668323514,1.07002729495808,0.272024247523031,3.933573218937,8.36923291601343e-05,0.00120862001312569
"ENSMUSG00000022456",85.9396389631034,1.17180573166999,0.297950097940136,3.93289258762195,8.39297476684915e-05,0.00121081501639685
"ENSMUSG00000075122",55.6471071624118,1.85877740853042,0.472830348887724,3.93117195819381,8.4532780873793e-05,0.0012164887862983
"ENSMUSG00000024131",164.950647237116,5.48825245129116,1.39665899965031,3.92955793265592,8.51021721558057e-05,0.00122254542774959
"ENSMUSG00000069609",21.6050039703589,4.00030639163396,1.01818184337395,3.92887225171698,8.5345159899549e-05,0.00122496719043267
"ENSMUSG00000030111",39.5694968907083,4.69418791389966,1.19565604222861,3.92603537146857,8.63574619413457e-05,0.00123733933502208
"ENSMUSG00000029810",4222.66214322664,1.13303382045406,0.28882613256226,3.92289233111487,8.74922571378574e-05,0.00125033422678867
"ENSMUSG00000109005",88.5778536718447,-1.08433212824212,0.276468225802547,-3.92208589285245,8.77856848297449e-05,0.00125343948772948
"ENSMUSG00000050071",54.6929572000662,-1.45519234010796,0.371282916846853,-3.91936249711214,8.87834960255529e-05,0.00126549151088197
"ENSMUSG00000032358",403.490094008891,-1.00091069967798,0.25542475067394,-3.91861280880992,8.90600454827453e-05,0.00126833523251076
"ENSMUSG00000073491",108.092799330232,2.3614241639792,0.602772719853602,3.9176029143335,8.94338679709759e-05,0.00127255814036835
"ENSMUSG00000055413",138.742741162761,1.57851161266988,0.403050344524569,3.91641300922808,8.98762252706181e-05,0.00127664563988799
"ENSMUSG00000085786",233.669144619917,-1.19021111102699,0.303898148249545,-3.91648030066196,8.98511540731882e-05,0.00127664563988799
"ENSMUSG00000012519",428.539745015789,1.40056506070904,0.357747932947971,3.91494941471188,9.04231636887884e-05,0.00128330736535217
"ENSMUSG00000032092",1078.36390039047,-1.22982505894172,0.314272532859023,-3.91324385797787,9.10644886507012e-05,0.00129129601779198
"ENSMUSG00000021340",190.378636427584,-1.15511882360963,0.295749568518906,-3.9057329124583,9.39402260967767e-05,0.00132864084384127
"ENSMUSG00000020310",92.2322663251549,1.27067413470289,0.325425617256859,3.9046530676162,9.43606532050696e-05,0.00133344157400434
"ENSMUSG00000032020",173.692926149152,1.06588345984703,0.273417500494043,3.89837321283777,9.68410827763318e-05,0.00136381073203315
"ENSMUSG00000097767",208.930056401265,-1.07154054131483,0.27519395958954,-3.89376475745712,9.87003685989894e-05,0.00138762098056803
"ENSMUSG00000020641",309.023491328359,2.03151482847421,0.521929743645823,3.89231472857539,9.92923200954009e-05,0.00139475210386569
"ENSMUSG00000002204",211.306811892538,1.40823468013713,0.361839439348721,3.89187724442596,9.94715732234971e-05,0.00139607886613677
"ENSMUSG00000014846",981.98331017158,-1.3965990180757,0.359189372965108,-3.88819693229445,0.000100991671813544,0.00141259634075308
"ENSMUSG00000071005",61.0129148351201,2.09856149565182,0.540732985853732,3.88095705376383,0.000104046214597072,0.0014491648315665
"ENSMUSG00000030167",20.7892120223654,3.64178101346354,0.939012953573672,3.87830753516631,0.00010518569529266,0.00146379721183691
"ENSMUSG00000020829",353.726552646635,-1.5689815843602,0.404832336697977,-3.87563305134573,0.000106347849290729,0.00147872013756189
"ENSMUSG00000018927",3172.99804166681,1.11020417216312,0.286690427877639,3.8724842694677,0.000107731631018963,0.00149543494221348
"ENSMUSG00000017652",111.489167534253,2.00091875239186,0.516880966388521,3.8711403253488,0.000108327406381844,0.00150117347749521
"ENSMUSG00000026390",50.5428930114615,5.33166789664402,1.37849474219607,3.8677462694926,0.000109845872269848,0.00151878242301763
"ENSMUSG00000001095",2002.43705020121,1.30874387640162,0.338411748548193,3.86731217818592,0.000110041522354893,0.00151981005245688
"ENSMUSG00000025880",900.668685604483,-1.03448901882888,0.26765704983095,-3.86497953064284,0.000111098516440763,0.00153055638172744
"ENSMUSG00000052125",109.412361670592,1.29036835554363,0.334226921195933,3.8607552944162,0.000113037066736596,0.00155466101059697
"ENSMUSG00000043091",2443.29811465135,1.03280791611512,0.268082910851456,3.85256901618543,0.000116885016747715,0.00160089686415776
"ENSMUSG00000092074",116.889831932253,1.02397815752126,0.265849687024875,3.85171849920385,0.000117291809137586,0.00160379987859807
"ENSMUSG00000027015",119.755491300613,1.24106538438283,0.322247537449606,3.85127965353934,0.00011750222571326,0.00160534368623851
"ENSMUSG00000001020",278.268746806154,1.29754122445241,0.336968731408116,3.850627976757,0.000117815346881391,0.0016069544786316
"ENSMUSG00000139803",25.5277970961979,1.88420283618185,0.489505152717073,3.8491991876353,0.000118504615045735,0.0016150177793857
"ENSMUSG00000047747",540.964950836091,1.28202139774174,0.333156372798526,3.84810708248715,0.000119034024197615,0.00162089093495892
"ENSMUSG00000043110",25.600943407371,3.83931427065078,0.99831412074485,3.84579782141741,0.000120160814328847,0.0016321843946335
"ENSMUSG00000016283",90.5205351182762,1.52132002383682,0.396096045759703,3.84078568852907,0.000122641150575838,0.00165903143954808
"ENSMUSG00000033467",183.340866675884,1.37696359853538,0.358811434857726,3.83756888651381,0.000124258383198211,0.00167266211168614
"ENSMUSG00000104344",49.1317045952781,-1.37484851741725,0.358798346069029,-3.83181397707097,0.000127201905589506,0.00170809540923331
"ENSMUSG00000035200",88.4835255101648,1.91317955780116,0.499617469405771,3.82928875580878,0.000128514143963164,0.00172010435127282
"ENSMUSG00000045826",80.9162409760197,1.49686759534478,0.390984711630874,3.82845556569476,0.000128949905497453,0.001724534763773
"ENSMUSG00000046157",276.989746457771,1.18242631644599,0.309042172786783,3.82610019138642,0.000130189319585385,0.00173687744597584
"ENSMUSG00000019564",325.483429477163,1.03096195456155,0.269542763013804,3.82485488771497,0.00013084913511574,0.00174144649265193
"ENSMUSG00000126182",73.5118194005986,-1.08287829802333,0.283112151478148,-3.82490928902042,0.000130820245258183,0.00174144649265193
"ENSMUSG00000062783",20.2699570684375,2.23139912683234,0.583354794399868,3.82511491849127,0.000130711099849543,0.00174144649265193
"ENSMUSG00000076731",50.5199311528909,2.51544688770954,0.658245463804152,3.82144203952761,0.000132673598003008,0.0017643016509883
"ENSMUSG00000101320",33.4640132904607,-1.55569534474038,0.407262470343407,-3.81988387839568,0.000133514516061876,0.00177262054671505
"ENSMUSG00000000216",165.527638382816,-2.39211374834882,0.626269340613634,-3.81962455004579,0.0001336549585201,0.00177305526359099
"ENSMUSG00000038067",15.3005490784214,6.57691613611667,1.72230138040343,3.81867901341176,0.000134168205360345,0.00177843088957114
"ENSMUSG00000017453",34.4008570906234,2.0835751631743,0.546173189228865,3.81486166707684,0.000136259241604453,0.00180469500767024
"ENSMUSG00000021536",90.3119581883595,1.58570669520889,0.41594594850321,3.81229027693404,0.000137685042196145,0.00182211322321152
"ENSMUSG00000063704",48.4418493429116,-2.26746140983166,0.594884811889415,-3.81159741266544,0.000138071622793817,0.00182576154703181
"ENSMUSG00000067750",110.000739824114,4.75426544145592,1.24758455105917,3.81077614132017,0.000138531171779471,0.00182890030553763
"ENSMUSG00000121042",1189.02901749813,1.13633797544761,0.298299744803528,3.80938299560413,0.00013931401420769,0.00183776171145929
"ENSMUSG00000060183",18.9877936635912,2.73626354006827,0.718474829986606,3.80843340067916,0.000139850000776091,0.00184335513432889
"ENSMUSG00000042770",111.49802707255,1.31738140704994,0.34623954180218,3.80482656658148,0.000141903583070949,0.00186445226504153
"ENSMUSG00000096410",481.602864723497,1.0986605905118,0.288830552758393,3.80382400691119,0.000142479423578529,0.00187052531927697
"ENSMUSG00000024481",31.6799065770032,2.21330403797334,0.582488472855674,3.79973877787233,0.000144848689569817,0.00189709146888456
"ENSMUSG00000136383",22.789710780187,-2.42256401022258,0.637884504720799,-3.79780977950379,0.00014598027975457,0.00191039216661326
"ENSMUSG00000121501",209.550264714451,1.50850612188624,0.397582044113462,3.79420083029641,0.000148119753141447,0.0019353138856886
"ENSMUSG00000074151",750.714177069741,2.30495805378597,0.607614759713802,3.79345303407647,0.000148566741857392,0.00193807786941224
"ENSMUSG00000070407",186.169467580003,1.22872053942825,0.324053483700966,3.7917214325093,0.000149606671832225,0.00194897023590805
"ENSMUSG00000048445",52.0486661862472,-1.31618267315742,0.347192227067233,-3.79093358245759,0.000150082087694134,0.00195320269542177
"ENSMUSG00000042345",19.6771401006533,2.79402679451036,0.737312475924145,3.78947445722837,0.000150966332746744,0.00195851752246623
"ENSMUSG00000074004",103.566867237277,4.80119796290268,1.26748265327291,3.78797922835865,0.000151877543478743,0.00196569182255546
"ENSMUSG00000050921",132.543050915852,1.75997219301155,0.464699844138482,3.78733114549329,0.000152274099301201,0.00196927611688583
"ENSMUSG00000032454",114.671006374743,-1.52992249154602,0.404529474548325,-3.78198027042219,0.000155585696199283,0.00200109946603813
"ENSMUSG00000058163",365.821917415904,3.3780888575872,0.893401941671647,3.78115235709746,0.000156104098136599,0.00200463476413637
"ENSMUSG00000050957",46.7974787704859,1.1914410662692,0.315509270998047,3.77624740629753,0.00015920885653435,0.00203498090460015
"ENSMUSG00000054404",1076.56083061903,1.54931802305019,0.410363293046294,3.77547906770356,0.000159700435787315,0.00203968058523396
"ENSMUSG00000063439",83.8319904253619,1.19995259582834,0.317905983863836,3.77455177547807,0.000160295614928711,0.00204411054110872
"ENSMUSG00000033538",704.583858597118,1.30679491657689,0.346340993244218,3.77314537426246,0.000161202293386926,0.00205249292809664
"ENSMUSG00000029718",1071.83980918863,1.07065390601563,0.283796023437375,3.7726177169353,0.000161543706620653,0.0020552504189303
"ENSMUSG00000058216",101.096917248365,1.50651147883947,0.400080539618427,3.7655205131354,0.000166202476880812,0.00210476259760677
"ENSMUSG00000037921",655.974936956845,1.69114788709662,0.44920546962375,3.76475355144966,0.000166713427351891,0.00210961041851974
"ENSMUSG00000105065",66.4573253697385,-1.0238892390462,0.272135708391398,-3.76242149587218,0.000168276137340162,0.00212774965363371
"ENSMUSG00000018500",17.5451819029976,3.04628494104077,0.809848613615265,3.76154862751667,0.000168864582237906,0.00213355150988692
"ENSMUSG00000086448",40.8928853759458,-1.43948150111486,0.382727804754372,-3.7611103328087,0.000169160788438601,0.00213565495403734
"ENSMUSG00000022878",130.638606600574,2.08324921603106,0.55419415734284,3.75906022903504,0.000170552780669148,0.00214993141512724
"ENSMUSG00000028497",304.279984433784,1.2197452166948,0.324562951474517,3.75811598690913,0.000171197525581517,0.00215640769980759
"ENSMUSG00000095612",111.238756323062,3.28711556440234,0.875702059332808,3.75369171440202,0.000174249148666832,0.00218796108464866
"ENSMUSG00000128770",63.5783520159664,2.40678576015212,0.641207275083688,3.75352222857733,0.000174367062082187,0.00218796108464866
"ENSMUSG00000031278",1086.20089217997,1.04414803409805,0.278330966590685,3.75146196231042,0.000175806428468073,0.00220266456002274
"ENSMUSG00000038550",52.6919531519535,-1.5102527511314,0.402612686108875,-3.75113056105489,0.0001760389963292,0.00220390113807424
"ENSMUSG00000102018",50.1825435054278,-1.77493603180384,0.473375991028305,-3.7495269414661,0.000177168463252586,0.0022146730527922
"ENSMUSG00000040152",4092.91818878027,1.55083966457586,0.414247150904294,3.743754570648,0.000181290743350898,0.00225763200286372
"ENSMUSG00000029322",14014.9853988805,1.32935586742303,0.355109216448983,3.74351271621816,0.000181465414235792,0.00225809910397872
"ENSMUSG00000030124",90.5960141114231,1.72168763320819,0.460016312430093,3.74266648091926,0.000182077824175937,0.00226220515894365
"ENSMUSG00000141411",57.8988520870791,-1.40885145860775,0.376475688438262,-3.7422109896448,0.000182408261418746,0.00226298960643317
"ENSMUSG00000139315",106.632815238795,2.78277284122416,0.743877423996237,3.74090240065982,0.000183360719719507,0.00227138264013713
"ENSMUSG00000053101",91.7068791394538,2.63917928744827,0.705617963195786,3.74023823811864,0.000183845918138414,0.00227397096191789
"ENSMUSG00000037161",32.67217820323,1.83045308178867,0.489755286264994,3.73748509331711,0.000185870106012468,0.00229211951706612
"ENSMUSG00000014907",328.807186184757,-1.08737429504615,0.291007350254135,-3.73658704529818,0.000186534894290089,0.00229687656297512
"ENSMUSG00000020053",611.602234897541,1.76636797945142,0.473372767781479,3.73145246130174,0.000190378939344543,0.00233896155106658
"ENSMUSG00000029553",44.8852377852509,1.49406045793708,0.400538702873895,3.73012756873951,0.000191382846130374,0.00234954198049541
"ENSMUSG00000027514",1463.64318243307,2.94201390745442,0.78891069055621,3.72921034367046,0.00019208076439759,0.00235635292420084
"ENSMUSG00000004612",37.628163689511,2.85838266592758,0.766843564045027,3.72746515710438,0.000193415289950448,0.00236567304491398
"ENSMUSG00000054520",307.60046805389,1.00247384446408,0.268992673751917,3.72677006582203,0.000193949241188063,0.002370442730274
"ENSMUSG00000036814",128.785793439047,-1.45323923591032,0.389988394571119,-3.72636533840573,0.000194260780143945,0.00237248903821199
"ENSMUSG00000017607",3155.20375178926,-1.41265393442775,0.379733080157587,-3.72012344524081,0.00019912542607723,0.00242650028831194
"ENSMUSG00000030325",20.2855879824771,3.15740329636978,0.849429913892035,3.7170851234833,0.000201534555045486,0.00245041608546073
"ENSMUSG00000093894",187.666751998452,2.38369452807887,0.641827663733973,3.71391677667991,0.000204075930789551,0.00247898786563566
"ENSMUSG00000038037",299.602991208958,3.40016799849937,0.91599519240379,3.71199327976441,0.000205633448303073,0.00249472620443146
"ENSMUSG00000053647",27.7016747825613,-1.72577561334804,0.465476159556304,-3.70754887853561,0.000209275032673308,0.00253330504625049
"ENSMUSG00000121791",44.1614570497581,-3.10613825939302,0.838147915083327,-3.70595476466015,0.000210595887020179,0.00254742107862836
"ENSMUSG00000043439",24.7819904603982,2.87326137125145,0.775453151289563,3.70526751548211,0.000211167741267887,0.00255246294015656
"ENSMUSG00000029851",460.148794574917,-1.19056650214519,0.321515797437891,-3.70297979642876,0.000213081857360416,0.00257370991762622
"ENSMUSG00000044933",32.8391834389855,-1.37413174171291,0.371747652336429,-3.69641000575664,0.000218669723769409,0.00263540238829852
"ENSMUSG00000031897",1791.77541947117,1.30470563404581,0.352986133772463,3.69619514540713,0.000218854773733626,0.00263570310166546
"ENSMUSG00000081303",49.5048366283795,-1.37464191522515,0.372054047358379,-3.69473716247745,0.000220114360778847,0.00264893473794017
"ENSMUSG00000050014",129.880763034326,2.62415192389053,0.710372581622668,3.69405012493066,0.000220710265578256,0.00265416588912698
"ENSMUSG00000053414",268.898010036041,-1.32701897237686,0.359351208823696,-3.69281900211423,0.000221781875265933,0.00265928260196872
"ENSMUSG00000032769",69.2918442231113,1.81681592776957,0.492025447159033,3.69252431608956,0.000222039103162106,0.0026604292251512
"ENSMUSG00000038179",190.486915082535,1.49629928326182,0.40613826434635,3.68421154719318,0.000229411655572299,0.00273681455484548
"ENSMUSG00000026070",74.2449501550781,1.55649233377949,0.423049935959454,3.67921656872362,0.000233951536923357,0.00278693498724256
"ENSMUSG00000002257",109.497162422396,1.19838074566032,0.3259741063547,3.67630656024051,0.000236635137199811,0.00281482967031827
"ENSMUSG00000113965",35.4803051546392,-2.0492963430724,0.557993581340821,-3.67261633753578,0.000240079794286114,0.00285168373256299
"ENSMUSG00000032487",521.063902638497,2.03433023733415,0.554117874369445,3.67129510061213,0.00024132450580845,0.00286440183065935
"ENSMUSG00000026322",258.938888112322,-1.69810936849515,0.463197479226042,-3.66605917487401,0.000246316951223069,0.00291734961725568
"ENSMUSG00000031494",51.7965008030491,1.95697202495719,0.533883009129138,3.66554468206315,0.000246812712124162,0.00291971587397205
"ENSMUSG00000039206",431.497749806002,1.10934479061028,0.302736763793458,3.66438742592602,0.000247931256679118,0.00292586447864951
"ENSMUSG00000004791",36.4536169833254,1.8011432977403,0.491550106631247,3.66421097959701,0.00024810221783361,0.00292586447864951
"ENSMUSG00000024353",113.14128072718,1.28657030443706,0.351172288473692,3.6636441617558,0.000248652163483788,0.00292815491232733
"ENSMUSG00000079470",703.50688152732,-1.01652286809397,0.277453469499829,-3.6637598006126,0.000248539874039575,0.00292815491232733
"ENSMUSG00000007279",152.932653943015,-1.14172354545585,0.311761988915595,-3.66216404195753,0.000250093621134942,0.00294302450660797
"ENSMUSG00000097750",151.985861963147,-1.03780706252135,0.283419233937009,-3.66173829526337,0.0002505096960774,0.00294581509037302
"ENSMUSG00000055926",156.002033621828,1.34420903496348,0.367738510341538,3.65533931628495,0.000256842039665389,0.00301167414459494
"ENSMUSG00000037440",64.9420092998522,3.19587772538253,0.874435355216917,3.6547901526577,0.000257392421024502,0.00301412148229866
"ENSMUSG00000097705",137.377141918638,1.18384418307234,0.323917939036969,3.65476573045628,0.000257416923046341,0.00301412148229866
"ENSMUSG00000026458",184.155408395319,1.38725087511026,0.379642471139168,3.65409821231968,0.000258087470316308,0.00301553869681858
"ENSMUSG00000093674",6573.01355825449,1.08909299582095,0.298111592950505,3.65330641804921,0.000258884981249188,0.00302056941623344
"ENSMUSG00000050762",20.2285621413129,3.21254633864229,0.879622331600256,3.6521882440136,0.000260015164814484,0.00303160740675697
"ENSMUSG00000085667",52.3720179621468,-1.41661708427143,0.388015802682084,-3.65092626248555,0.000261296256616747,0.00304438802029831
"ENSMUSG00000040345",228.248549900853,1.43238107531023,0.392376075426615,3.65053112311411,0.000261698594625884,0.00304691935171565
"ENSMUSG00000005763",45.6237016519781,1.86386100922491,0.510788579436257,3.64898724102641,0.000263276178033052,0.00306095742864276
"ENSMUSG00000086550",147.73739751387,-1.01430527500156,0.278018736066745,-3.64833424304919,0.000263946109602121,0.00306658066505273
"ENSMUSG00000020264",47.3998739671114,2.45574102291651,0.673329821775334,3.64715915365458,0.000265155698891735,0.00307846140398776
"ENSMUSG00000031016",275.887903366226,-1.36814024341925,0.375335246307033,-3.64511528528305,0.00026727196237859,0.00310076236892258
"ENSMUSG00000038843",1534.995803092,-1.14558152390927,0.314366801218307,-3.64409193168504,0.000268337502477976,0.00310882498472549
"ENSMUSG00000105456",133.331915271328,-1.58535742453054,0.435221921447094,-3.64264148106164,0.000269854569388639,0.00311981444932946
"ENSMUSG00000069094",1856.58554240066,-1.34874663742599,0.37043373244028,-3.64099302874213,0.000271588491077655,0.00313545675218193
"ENSMUSG00000027368",81.2102019218932,1.81193956482563,0.498048449787438,3.63807891701891,0.000274679267280599,0.00316669802327766
"ENSMUSG00000072941",1545.20007555852,1.04384260255034,0.287499220399667,3.63076672381666,0.000282580507709989,0.00323738545471785
"ENSMUSG00000046402",182.056840289764,1.78890409097075,0.492917749673065,3.62921418869025,0.000284285292625145,0.00325465144122932
"ENSMUSG00000022270",2407.78239630582,-1.01080870554864,0.278583453714976,-3.62838744393924,0.000285197039674588,0.00326148858081965
"ENSMUSG00000115020",34.2322631618089,-1.23916826666161,0.341587702810435,-3.62767235607802,0.000285987858681272,0.00326732693786938
"ENSMUSG00000029049",36.8662132666159,-1.19752801273853,0.330351944045815,-3.62500670670323,0.000288953952934198,0.0032943552127117
"ENSMUSG00000028362",29.2961241516654,1.90079037367921,0.524638830934021,3.6230455345732,0.000291154542985029,0.00331220582979077
"ENSMUSG00000044162",1020.07751502624,1.76844722471013,0.488219937973134,3.6222347494695,0.000292068886649383,0.00331608971097158
"ENSMUSG00000041261",404.267988148851,3.61688457641054,0.99900775043333,3.62047699313812,0.000294060399341276,0.00333639996854268
"ENSMUSG00000020256",101.562642802501,2.21798069840379,0.612663370542202,3.62022736309647,0.00029434425588971,0.00333732058175778
"ENSMUSG00000057897",383.227198474726,1.45307703323683,0.4014409556699,3.61965318364695,0.000294998134863195,0.00334243241173625
"ENSMUSG00000027173",24.2726472042863,2.41760098612147,0.668100931657278,3.61861639696329,0.00029618228147442,0.00334893468400644
"ENSMUSG00000070031",371.215880988694,1.42079756516324,0.392739739266819,3.61765674086264,0.000297282301063011,0.00335906556101602
"ENSMUSG00000090164",26.884538437123,1.86236473616177,0.515084742385647,3.61564725745149,0.00029959810707668,0.00338059193749375
"ENSMUSG00000071722",39.8167047336561,-1.33746345881509,0.370765697468993,-3.60730096647342,0.00030939870597194,0.00347761292036539
"ENSMUSG00000045502",60.1051643624816,1.95016363113601,0.540822342638403,3.60592282785902,0.000311045571739532,0.00348450316894448
"ENSMUSG00000069830",14.856776894052,2.48345697343154,0.688807060853198,3.60544645166003,0.000311616744119359,0.00348752308527329
"ENSMUSG00000003541",292.849904053946,1.14262534886005,0.316992281495207,3.60458413520497,0.000312653155039884,0.00349437127727197
"ENSMUSG00000042985",71.8600940009756,2.83936120060592,0.787960062480765,3.60343288423356,0.000314041864780257,0.00350751100398736
"ENSMUSG00000031517",99.5779391598648,1.19046688833338,0.330693633360046,3.59990870171138,0.000318328929876528,0.00354817140999139
"ENSMUSG00000010601",298.290805215039,1.59308472778393,0.443243729202897,3.5941506282533,0.000325451525148255,0.00361776398279252
"ENSMUSG00000118370",25.7818322595286,-2.16129969463702,0.601764887812758,-3.59160153476671,0.000328652084789929,0.00363860072084505
"ENSMUSG00000026770",123.558588551066,1.83069780685705,0.510347595946361,3.58715867655319,0.000334300905727526,0.00369865309878512
"ENSMUSG00000120941",57.2821538037397,-1.52008602623498,0.424042366193513,-3.58475036322499,0.000337400770601726,0.00372044801501421
"ENSMUSG00000067786",94.2027165121192,1.05373570909607,0.294352287349665,3.57984549256898,0.000343797426183078,0.00378338036581017
"ENSMUSG00000055782",98.1184855767234,1.15752636912362,0.323928604470913,3.57339967248111,0.000352376291559491,0.00385972780302322
"ENSMUSG00000134796",159.028371388655,1.73953891984792,0.487093812448091,3.57126055678094,0.000355267248198313,0.00388622239673676
"ENSMUSG00000031762",1507.9264325055,1.52007998929556,0.426100178813858,3.56742396477521,0.000360507940003189,0.00393831600283511
"ENSMUSG00000024670",45.3696298531532,2.36681699741973,0.663724797603384,3.56596138334137,0.00036252475520673,0.00395248016223072
"ENSMUSG00000055254",76.835344910561,2.40582354385274,0.67484676993959,3.56499230791028,0.000363866859822239,0.00395924660492632
"ENSMUSG00000111394",878.936237585096,-1.0463589162316,0.293944115788924,-3.55972057281449,0.000371249603250703,0.00402892697318149
"ENSMUSG00000060675",1035.91533793551,1.44514023071437,0.40605692590251,3.55895968897064,0.00037232666696465,0.00403795383283204
"ENSMUSG00000076563",154.832315153414,1.6988229439211,0.477444435486563,3.55815843196462,0.00037346403791823,0.00404762242017631
"ENSMUSG00000036446",2496.71067912407,1.60005864220611,0.449717941250013,3.55791596341181,0.000373808857603034,0.00404869422547286
"ENSMUSG00000041515",2277.85930940553,1.33082275184114,0.375172363273621,3.54723023899964,0.000389304209129051,0.00418622808288149
"ENSMUSG00000029915",104.53480118008,1.60190087939257,0.452145889846784,3.54288497443909,0.000395775288712976,0.00423368978432861
"ENSMUSG00000026090",1024.00676156881,-1.09166157207237,0.308289018686829,-3.54103294603988,0.00039856380709477,0.00425826454154795
"ENSMUSG00000045573",473.045261853188,1.05512858488318,0.297980506269782,3.54093158002726,0.000398716958053207,0.00425826454154795
"ENSMUSG00000049811",135.294831233068,-1.09041864008562,0.30810748520978,-3.53908519730767,0.00040151624383517,0.00428119295483057
"ENSMUSG00000022586",60.1326583731339,2.87244050316368,0.812393712005424,3.53577392428722,0.000406582478901412,0.0043268050097957
"ENSMUSG00000066684",32.9309505169022,1.89387644481896,0.536560371291409,3.52966142516399,0.00041609178040168,0.00441373645667066
"ENSMUSG00000031264",135.977521721007,1.12115028844824,0.317703009307148,3.52892561796398,0.000417250389987205,0.00442221775682624
"ENSMUSG00000103133",23.171462936014,-1.68439785137406,0.477675200681749,-3.52624094566779,0.000421503302854247,0.00446251374590963
"ENSMUSG00000022057",6021.57132553793,1.72839265658198,0.490319987177826,3.5250299840523,0.000423434860362789,0.00447716121566983
"ENSMUSG00000037318",111.460779006384,1.2558907593176,0.356379911181007,3.52402231415262,0.000425048452374886,0.00448479297179669
"ENSMUSG00000039232",154.10690700099,1.38723980328885,0.393697762332,3.52361617468126,0.000425700429578337,0.00448675171072226
"ENSMUSG00000022206",90.3082468362242,1.32467485069933,0.376053274019697,3.52257231146974,0.000427380433922291,0.00449677069400065
"ENSMUSG00000110317",77.6836500489281,-1.21688713742177,0.34545960051492,-3.52251648415025,0.000427470457153071,0.00449677069400065
"ENSMUSG00000056145",125.54362241415,1.24991523060342,0.354859377668614,3.52228321769378,0.000427846797904753,0.00449785557720686
"ENSMUSG00000032724",266.994941009071,-1.21375494729265,0.34469369461665,-3.52125660042179,0.000429506771965807,0.00451242500757695
"ENSMUSG00000110386",58.6139250257639,1.34963051622296,0.38353434530864,3.51893000648188,0.000433291005754294,0.00454927922687049
"ENSMUSG00000026832",527.341805504071,1.12943053359252,0.320988227746576,3.51860422272003,0.000433823374738021,0.00455019704838864
"ENSMUSG00000017830",293.740866119824,1.49062180890432,0.423648029023023,3.51853828363571,0.000433931201237331,0.00455019704838864
"ENSMUSG00000000562",26.8109741366551,1.94486363690701,0.553463243847608,3.51398879424505,0.0004414314342921,0.00462589796483185
"ENSMUSG00000078122",110.601259147055,1.56261485460311,0.445145534982151,3.51034601451359,0.000447523926991608,0.00468080458072607
"ENSMUSG00000025991",133.194352466007,-2.28135161963087,0.650091940113016,-3.50927534839806,0.000449329467413697,0.00469074890426867
"ENSMUSG00000000037",32.8519380751575,-1.26134150844252,0.359479512538108,-3.50879942931049,0.000450134224270534,0.00469617220162599
"ENSMUSG00000027832",40.5163603351502,3.44279131870656,0.981270796002882,3.50850278305485,0.000450636519496232,0.00469843509845881
"ENSMUSG00000126291",38.6182628383259,1.55912230499053,0.445166146576416,3.50233798544897,0.000461194173263439,0.00479636113356665
"ENSMUSG00000032715",51.2445754125534,2.10470952407678,0.601033638992566,3.50181651663396,0.000462097731886061,0.00479969398109793
"ENSMUSG00000024640",223.562365732469,1.78685112348083,0.510658024697084,3.49911494006339,0.000466805305921061,0.00484247999456738
"ENSMUSG00000039519",120.027772112504,1.93194555207017,0.552306533408792,3.49795889638741,0.00046883338244691,0.00486045590379312
"ENSMUSG00000063611",161.362290778144,1.39245852531075,0.398231055254594,3.49660958616232,0.000471210906812234,0.00487677636258305
"ENSMUSG00000046623",58.551749498456,-2.48790496026244,0.711482622961431,-3.49678949277346,0.000470893257495704,0.00487677636258305
"ENSMUSG00000038085",100.778357447636,1.69373326085645,0.48456341894265,3.49537995367518,0.000473387346239894,0.00489533660876092
"ENSMUSG00000029161",431.259215604854,1.35299043892869,0.38731009993534,3.49330017253504,0.000477089898476599,0.00493052793384824
"ENSMUSG00000062638",214.857843121647,2.11195106465296,0.604731829085702,3.49237622872611,0.000478743409557321,0.0049409150615418
"ENSMUSG00000042367",695.974609443886,-1.43425617075136,0.410659809151337,-3.49256522988059,0.000478404734481642,0.0049409150615418
"ENSMUSG00000109866",75.104556933776,1.29897686788156,0.371961395231885,3.49223571191243,0.000478995349463689,0.0049409150615418
"ENSMUSG00000053957",29.2175046066663,-1.59573592698128,0.456992086493137,-3.49182398151931,0.000479734274539391,0.00494543854836694
"ENSMUSG00000041930",57.7587274685029,-1.25285429464204,0.358895519788691,-3.49086078137641,0.000481467067423315,0.00495709339023767
"ENSMUSG00000001700",1166.06258334638,1.03972132269133,0.29788834688734,3.49030545691183,0.00048246874492779,0.00496430184234138
"ENSMUSG00000039037",76.3665152035672,1.29507055829522,0.371241230378637,3.48848794885835,0.000485760718157995,0.00498882015161265
"ENSMUSG00000074196",259.954683466811,5.41299905152069,1.55378738246612,3.48374501724255,0.000494450308025797,0.00507173546481538
"ENSMUSG00000063727",114.331433120146,1.30159903727753,0.373712236217222,3.48289114226638,0.000496030018124475,0.00507819589078236
"ENSMUSG00000076937",159.886391502822,1.20917213317963,0.34719010206867,3.48273791785823,0.000496313988232329,0.00507819589078236
"ENSMUSG00000090698",129.532804226093,1.1448732268944,0.328963907349947,3.48023962907426,0.000500965493076333,0.00511307806107605
"ENSMUSG00000037379",1336.79787503202,1.20650676856859,0.346848670948638,3.4784817403762,0.000504262791437304,0.00513717718776753
"ENSMUSG00000032373",307.963777528989,2.30939773989059,0.664190313919057,3.47701207243444,0.00050703498702628,0.00515965440847219
"ENSMUSG00000102418",21.7528802956498,1.7563445294081,0.506085611192182,3.47044944682521,0.000519588139894835,0.00526075002895982
"ENSMUSG00000029757",27.1905875138903,1.52690470124866,0.440036846761907,3.46994737482706,0.000520560347210151,0.00526617686468998
"ENSMUSG00000109564",18.33183924971,3.14239766272702,0.905631244080714,3.46984237046371,0.000520763890889588,0.00526617686468998
"ENSMUSG00000038412",1405.11102776227,1.10935424684289,0.319728838010577,3.46967215639833,0.00052109399664006,0.00526628021282093
"ENSMUSG00000039997",646.900755567107,1.40424916051774,0.40478279302312,3.46914242581833,0.000522122581400356,0.0052734380721436
"ENSMUSG00000079710",29.8770561743901,-1.5090314440326,0.435126202332789,-3.4680316559711,0.000524285524400249,0.00528232104541083
"ENSMUSG00000096452",33.174174629336,1.80058254824119,0.519308694335324,3.46726825081525,0.000525776901184396,0.00529087110281094
"ENSMUSG00000032093",70.5192484260631,1.82401499862902,0.526570122544863,3.46395460079226,0.000532296337999949,0.0053466715146389
"ENSMUSG00000076749",25.9904319717351,2.33787328195353,0.675154215626859,3.46272485284402,0.000534734910472127,0.00536461964113505
"ENSMUSG00000023032",146.193501305817,1.13712553872381,0.328476551452548,3.46181647881823,0.000536542883167672,0.00537620540814935
"ENSMUSG00000125995",131.375533690803,4.48261465166343,1.29502003213221,3.46142495130592,0.000537323911007874,0.00538075641540306
"ENSMUSG00000022676",153.232800609683,1.35609115574122,0.391943919546963,3.45991119675664,0.000540353558386893,0.00540780585515101
"ENSMUSG00000026773",1052.74137725913,1.26272230661757,0.365038458489061,3.45914869311068,0.00054188566319746,0.00541984427291603
"ENSMUSG00000030162",21.1531542665825,2.49929995978708,0.723137446922824,3.45618937371088,0.000547870264143258,0.00546310609242305
"ENSMUSG00000030047",154.132171983764,1.13833488535467,0.32942686807547,3.45550104035194,0.000549271071942719,0.00547044746363762
"ENSMUSG00000027820",61.839433178544,-2.95210723890504,0.855612060490714,-3.45028708128768,0.00055999070649916,0.00556039022985263
"ENSMUSG00000044461",885.316718562501,-1.44776678604172,0.419691659421107,-3.4495962775116,0.000561425492745685,0.00556792041389892
"ENSMUSG00000121484",36.2372823811602,2.14732739633057,0.622557874080416,3.4492012481609,0.000562247499122233,0.00557271557980091
"ENSMUSG00000110170",51.1749455579131,-1.54352860111995,0.448061010746855,-3.44490719812266,0.000571255482541737,0.00565179026988258
"ENSMUSG00000097571",85.4491826435517,-1.13021662633317,0.328705554802688,-3.43838614778387,0.000585192559400115,0.00576269579174851
"ENSMUSG00000018459",51.2389521733733,1.71776019072606,0.500153256902663,3.43446766969742,0.000593718891143625,0.00583756325515107
"ENSMUSG00000019359",132.816347939104,1.12351997719548,0.327659272358007,3.42892776728107,0.000605970778287737,0.00594523058578726
"ENSMUSG00000001444",19.1579864679748,3.47334751877009,1.01319949568161,3.42809834941092,0.000607825217156116,0.00594682941424889
"ENSMUSG00000026222",915.501811463294,1.03243553130073,0.301314082196516,3.42644301180512,0.000611542072501857,0.00597851374085396
"ENSMUSG00000068263",50.6260691138541,-1.13243272427946,0.330862942859124,-3.42266412337882,0.000620106494452959,0.00605146011747425
"ENSMUSG00000021136",214.835656650639,1.40997507413518,0.412208368744682,3.42053966160136,0.000624970219785794,0.00608449717819842
"ENSMUSG00000043157",58.2531385872705,1.25381536334985,0.366615319814759,3.41997536814165,0.000626268061273082,0.00609352901462101
"ENSMUSG00000024529",1029.98748711877,1.88215134110438,0.550485933979468,3.41907254105167,0.000628349726209262,0.00611017220471535
"ENSMUSG00000049734",179.91151073899,1.4225682430695,0.416546146478541,3.41515161068182,0.00063746518974354,0.00618055913942751
"ENSMUSG00000076523",154.028063038774,2.00610499318292,0.587577747239226,3.41419497693495,0.000639707782799605,0.00619865169407292
"ENSMUSG00000020010",16.2785039839136,2.87535075404458,0.842461549816381,3.41303499806167,0.000642436912246475,0.00621630577670364
"ENSMUSG00000085881",101.081903760409,-1.3147365818127,0.385388546012433,-3.41145733420497,0.000646166129135082,0.00624240690051447
"ENSMUSG00000037820",6508.67358955447,1.06834856928075,0.313177731315944,3.41131716099881,0.000646498436820578,0.00624240690051447
"ENSMUSG00000043017",98.3651523755031,1.02809059465313,0.301510562954006,3.40979959236109,0.000650106316307119,0.00626255136650912
"ENSMUSG00000028031",51.8273707542965,2.18209874968759,0.640252591388394,3.40818417455474,0.000653967392215205,0.00628503513020369
"ENSMUSG00000036123",1006.76949315713,2.00517209377961,0.588872803541882,3.4051022253348,0.00066139290272678,0.0063526904069959
"ENSMUSG00000049134",222.739791054562,-1.36443127271128,0.400806528929615,-3.40421418871368,0.00066354700320345,0.00635875533129671
"ENSMUSG00000129346",204.603060848217,1.58482161941685,0.465545360587466,3.40422599726261,0.000663518316593533,0.00635875533129671
"ENSMUSG00000006345",118.121022072917,2.95113693704141,0.867041580050986,3.40368559587173,0.000664832300173233,0.00636715192423033
"ENSMUSG00000024810",401.650896453896,1.71594328166154,0.50449719365953,3.40129400763244,0.000670676535154333,0.00639818326109387
"ENSMUSG00000076655",84.547798438931,2.89645601482657,0.851586604700666,3.40124656592582,0.000670792948347689,0.00639818326109387
"ENSMUSG00000112627",77.572928052288,1.6561223785403,0.487656245836272,3.39608564984183,0.000683569659577947,0.00650121739204606
"ENSMUSG00000027656",37.492285838982,2.48022228036182,0.730403314611219,3.39568869793806,0.000684561690492575,0.00650382292927342
"ENSMUSG00000091945",70.0348497448774,-1.03603117769946,0.305123980247992,-3.39544331080572,0.000685175611828888,0.0065052168959279
"ENSMUSG00000107000",48.5189152374681,-1.07879616951704,0.317759845219959,-3.39500470479608,0.000686274212483659,0.00650961281801423
"ENSMUSG00000045551",26.1052372228167,4.71071825551302,1.38785190169147,3.39425139654437,0.000688164886908276,0.00651856072104197
"ENSMUSG00000027559",681.413835332904,1.30673395596855,0.385798757520523,3.387086999364,0.000706389836173171,0.0066605360096901
"ENSMUSG00000128633",6633.67430582527,1.10169800363087,0.325259967592418,3.38713064440627,0.000706277465775356,0.0066605360096901
"ENSMUSG00000022018",117.720842982384,-1.25041690012768,0.369412655116103,-3.38487835435601,0.000712098048621459,0.00670667630117567
"ENSMUSG00000022657",25.8082519992984,2.01076512250333,0.594376875519723,3.38298006756255,0.000717038362339531,0.00673625615068408
"ENSMUSG00000026548",59.0823540474692,1.47001689049607,0.434744533377124,3.3813349625742,0.000721345504360638,0.00676281949788678
"ENSMUSG00000000811",200.703558543289,-1.07143275761129,0.317067715771493,-3.37919221767587,0.000726991590697874,0.0068079991795558
"ENSMUSG00000018339",3280.18794400825,1.28113404497173,0.379185864586518,3.37864399657603,0.000728442722293591,0.0068177103678905
"ENSMUSG00000052248",60.3307943856772,1.65248821186133,0.489300913280422,3.37724326076268,0.00073216267471292,0.00684474396013561
"ENSMUSG00000038751",794.664827209836,1.20592739993544,0.357093102198573,3.37706719203119,0.000732631509137503,0.00684523980416045
"ENSMUSG00000083307",50.6744746474466,1.11355979653436,0.329764922761979,3.37682912787579,0.000733265867928817,0.00684728076217363
"ENSMUSG00000068220",1463.07395784531,1.12220558233393,0.332369659548079,3.37637792769589,0.000734469560701985,0.00685463286725441
"ENSMUSG00000027239",64.9233414155066,2.00223447560758,0.593170762652326,3.37547735268461,0.000736877566038348,0.00687320984118375
"ENSMUSG00000099521",54.7096160617635,-1.7398691409222,0.515503834536947,-3.37508477019389,0.000737929567259196,0.00687364462622473
"ENSMUSG00000135557",20.5253372177874,-1.53376803415591,0.454638191816159,-3.37360138625599,0.000741917189789218,0.00689287962499994
"ENSMUSG00000021314",78.6921213363625,1.08055615504865,0.320871123425275,3.36757057947064,0.000758336128871659,0.0070137571289967
"ENSMUSG00000086389",169.229035368379,-1.18255241730012,0.351471445277198,-3.36457607919603,0.00076661345778433,0.0070823554183521
"ENSMUSG00000046908",51.3774775847648,1.63300185197249,0.485429454513262,3.36403536454107,0.000768117000265144,0.00709226594243694
"ENSMUSG00000078974",134.680869322425,1.22242709563189,0.36370935535858,3.36099986877354,0.000776608624413609,0.00716263741384944
"ENSMUSG00000095630",615.832604153821,1.20085015492261,0.357313168690371,3.36077777184641,0.000777233336581016,0.00716438545360205
"ENSMUSG00000121044",58.7310150779191,1.79070510863329,0.532913768558555,3.36021550630387,0.000778816957880568,0.00717496562819686
"ENSMUSG00000063193",80.5511822777413,1.42666919727888,0.424703854458468,3.35920944041818,0.000781658020007594,0.00719521774332398
"ENSMUSG00000028358",637.308969656828,-1.40411427142314,0.418018257720364,-3.35897833525355,0.000782312002735158,0.00719521774332398
"ENSMUSG00000020150",58.6928931557381,2.06034125090024,0.614196508879592,3.35453103544773,0.000794996347102234,0.00727112492352449
"ENSMUSG00000113800",33.8361682142748,-1.93076246102214,0.575596433726026,-3.35436835236049,0.000795463941674293,0.00727136194990776
"ENSMUSG00000030077",810.341140889911,1.09859725589707,0.327597038704335,3.35350179062084,0.000797958975020977,0.00729012131285812
"ENSMUSG00000027296",89.1983573053255,1.34517924316006,0.401472489197659,3.35061375151357,0.000806326846894501,0.0073584029270644
"ENSMUSG00000040694",49.2651112883664,-1.78390963070564,0.532608382669498,-3.3493833156821,0.000809916616144937,0.00738556608588035
"ENSMUSG00000026069",399.328352465051,3.08300428934274,0.923872664958008,3.33704460179355,0.000846743587219398,0.00767579648546551
"ENSMUSG00000044361",26.1599905561545,-1.6331595731697,0.489423393291096,-3.33690541881871,0.000847167722413341,0.00767579648546551
"ENSMUSG00000038517",198.822275612394,1.02188054650149,0.306268351178651,3.33655287126096,0.000848242929772151,0.00768131097515893
"ENSMUSG00000038151",382.166264933494,1.39300633827943,0.417538443796419,3.33623492393584,0.000849213697833335,0.00768587416571203
"ENSMUSG00000051977",159.061728114487,-1.04151343861026,0.312309315228673,-3.33487791693841,0.000853368554469175,0.00770964446226683
"ENSMUSG00000113853",42.4904171593174,-1.88112085186068,0.564360243281292,-3.33319165241603,0.000858557792610704,0.00774065549822017
"ENSMUSG00000001901",54.4297926048271,-1.70759425142651,0.512713729653204,-3.33050229136932,0.00086689450119806,0.00780299845446892
"ENSMUSG00000062410",569.136832109591,1.98521908224159,0.596499885346742,3.32811309944777,0.00087436361725768,0.00784449494872653
"ENSMUSG00000078876",13.8999767534984,-2.07425461849849,0.623548842140641,-3.32653110440809,0.000879342051962956,0.00788486285482905
"ENSMUSG00000019876",66.3498383997209,1.45745946487321,0.438809579857176,3.32139390700537,0.000895690276243436,0.0080139940314107
"ENSMUSG00000025461",39.170610237217,2.91597739078081,0.878235432974441,3.32026843975637,0.000899309294887969,0.00803327668027164
"ENSMUSG00000006784",24.918626771561,-1.49501414001955,0.450303542854448,-3.32001416320809,0.000900128813631571,0.00803623679979206
"ENSMUSG00000038301",636.09457433584,1.27844716926013,0.385402495018369,3.31717408627361,0.000909329379141198,0.00810519197011453
"ENSMUSG00000074141",143.127769809561,1.58805665559588,0.479754662616933,3.310143244744,0.000932482371021361,0.00828018191700359
"ENSMUSG00000000486",170.756526012452,1.16549999868439,0.352391281883947,3.30740304485803,0.000941653019907629,0.00834361338360565
"ENSMUSG00000100150",12.135194661237,3.2408558023339,0.980467378158758,3.30541930769791,0.000948344068766278,0.00838946144208105
"ENSMUSG00000028071",71.1703524106062,1.70017438527148,0.514530096378011,3.30432446467117,0.000952055755165055,0.00841766589542551
"ENSMUSG00000079560",201.622010388191,-1.0007876641612,0.302935145277328,-3.30363670166104,0.000954394254262911,0.00843381245728948
"ENSMUSG00000017344",100.488224579781,2.08840022200927,0.632187138981919,3.30345255895659,0.000955021269851685,0.00843482573260102
"ENSMUSG00000009628",89.6072468422525,-2.11935067211235,0.641651709975328,-3.30296115347973,0.00095669639953482,0.00844508998688565
"ENSMUSG00000089789",28.2852977705032,2.81497573996467,0.853003018164935,3.300077115812,0.000966582643964758,0.00852778674576195
"ENSMUSG00000074039",62.3097477051701,-1.27466802634463,0.386372694753754,-3.29906342671812,0.000970079899775095,0.0085540575200843
"ENSMUSG00000034472",287.116849420277,-1.19199875318487,0.36229619334922,-3.29012221234103,0.00100143877236981,0.00880050556445634
"ENSMUSG00000056648",67.5830594974789,2.9417348502825,0.8944313026667,3.28894442928359,0.00100563876876131,0.00882036816735078
"ENSMUSG00000026442",208.633209685003,1.10581017325486,0.336552762430215,3.28569632074896,0.0010173062250306,0.00890846403333974
"ENSMUSG00000099398",67.6602648793884,1.05071348107716,0.319993391592127,3.28354743780594,0.00102509390902365,0.00896236123177884
"ENSMUSG00000122136",33.4579387148349,1.75943310659943,0.536092857976718,3.28195587838971,0.00103089734431794,0.00900336560176381
"ENSMUSG00000032204",19.1828354630201,2.73863571611232,0.834489005665442,3.28181162066774,0.00103142486332543,0.00900336560176381
"ENSMUSG00000063011",72.399432894635,2.28760350593658,0.697571698246736,3.27938119004283,0.00104035006028051,0.00907165415381254
"ENSMUSG00000039058",38.3306139127395,1.62753961617966,0.496441968488908,3.27840859453046,0.00104394167347102,0.00909815339881073
"ENSMUSG00000100075",32.0227930727859,-1.2470446945587,0.380710273139313,-3.27557405865529,0.00105447463275869,0.00916568948210467
"ENSMUSG00000091705",1050.0803574851,1.27294291202695,0.388612340311058,3.27561114247696,0.00105433619908988,0.00916568948210467
"ENSMUSG00000062488",152.273575573004,2.03689460736181,0.622203732573863,3.27367789797051,0.00106157544291199,0.00920532685774754
"ENSMUSG00000096594",54.1996709324767,3.20484447769561,0.978993977057033,3.27361000455767,0.00106183051101637,0.00920532685774754
"ENSMUSG00000035226",156.938385305265,-1.70947471502267,0.522522827842402,-3.27157900848356,0.00106948700781966,0.00925707918492909
"ENSMUSG00000085944",53.8418126648157,-1.42782621778913,0.436509908772072,-3.27100528326079,0.00107165908341145,0.00927100551245547
"ENSMUSG00000106951",53.3350841758353,-1.14310819395424,0.349927725034233,-3.26669798411203,0.0010880969394855,0.00938854293225883
"ENSMUSG00000046318",139.506834928851,1.21373473688378,0.371779662494865,3.26466146302595,0.00109594978985392,0.00943651746358006
"ENSMUSG00000071547",73.0160165322527,1.52695015221869,0.468980669685723,3.25589144909094,0.00113036958695147,0.00969233047394901
"ENSMUSG00000030406",21.2961399728168,-1.64919597889874,0.50707225321953,-3.25238852733033,0.00114439474480739,0.00980056548819349
"ENSMUSG00000021950",2245.32214595868,-1.57362925487143,0.483852202608902,-3.25229325481317,0.00114477843854681,0.00980056548819349
"ENSMUSG00000060572",120.730699355686,1.78095871073577,0.548383432446318,3.24765229100919,0.00116361374396796,0.00992568552691429
"ENSMUSG00000007805",44.3807108317862,1.26925085980076,0.390805509478582,3.24778138745847,0.00116308595770705,0.00992568552691429
"ENSMUSG00000128928",225.487608637434,2.01594048206198,0.621099258425191,3.24576217845346,0.00117136649531703,0.00997115129907152
"ENSMUSG00000120104",40.068235239849,-1.45113522767353,0.447628976938147,-3.24182593718469,0.00118766537548655,0.0100805100678063
"ENSMUSG00000027224",41.444307995397,2.01703123133136,0.622241952497039,3.24155454841493,0.00118879680651575,0.0100816561390803
"ENSMUSG00000072294",116.478247450474,-1.12880703140596,0.348878361636463,-3.2355317942653,0.00121416362560574,0.0102822920619071
"ENSMUSG00000021069",328.430724681938,1.04811437824255,0.324023872053543,3.23468259174855,0.00121778027259358,0.0103076178034489
"ENSMUSG00000003355",76.9563589562242,1.62502729851407,0.502495555950311,3.23391377151753,0.0012210631611388,0.0103247883008875
"ENSMUSG00000029925",192.851714855978,1.0389325723922,0.321525999325363,3.2312552470784,0.00123247825669454,0.0103999433828612
"ENSMUSG00000004633",127.151558274954,1.93091412899007,0.597897183007614,3.22950865778788,0.00124003126742259,0.0104476124644719
"ENSMUSG00000094546",133.100501638978,1.23810616847,0.383518473792595,3.22828299827758,0.00124535704889955,0.0104710485679435
"ENSMUSG00000033427",72.6468355244613,-1.28542488693333,0.398275978990043,-3.22747279460072,0.00124888916345848,0.0104903040351512
"ENSMUSG00000026249",752.156660756104,1.73843033008724,0.539502685001984,3.22228299953845,0.00127173456745525,0.0106493215585024
"ENSMUSG00000021125",68.8771250760313,2.73838970954284,0.850516511296016,3.21967848145603,0.00128334443946696,0.0107301673473563
"ENSMUSG00000071716",61.7545223589541,1.70279646061504,0.529398485423421,3.21647399359882,0.00129776295060632,0.0108287234950998
"ENSMUSG00000113669",29.6221274917021,1.74502737601265,0.542982757913186,3.2137804572639,0.00130999794408566,0.0109248109219831
"ENSMUSG00000026890",34.8117377242407,1.39883740653174,0.435774796235653,3.21000071278857,0.00132734643138337,0.0110475754802146
"ENSMUSG00000095351",79.7158873023146,2.02141290118537,0.630273081635358,3.20720170364955,0.00134032983087838,0.0111387430619641
"ENSMUSG00000123116",46.2449142617083,1.67772740583938,0.523451409091524,3.20512539788776,0.00135003650278608,0.0111968014838122
"ENSMUSG00000094335",433.306344723791,1.46515003162258,0.457264913951449,3.20416018574769,0.001354570886628,0.0112287515138755
"ENSMUSG00000040033",1421.19884392243,1.46739812118329,0.458243202285555,3.20222561701827,0.00136370145012028,0.0112851134063267
"ENSMUSG00000054892",27.0870032733688,2.51867305394827,0.786559584664489,3.20213891363694,0.00136411198922372,0.0112851134063267
"ENSMUSG00000110344",27.0168996184695,1.64335000991235,0.513361955363457,3.20115270082464,0.00136878972062947,0.0113181241440095
"ENSMUSG00000043993",86.5206905140162,-1.23988756833128,0.387521921526689,-3.19952885103014,0.00137652409151425,0.0113674614183535
"ENSMUSG00000094198",112.154569662683,1.34813449919556,0.421362446830514,3.19946523316498,0.00137682792128998,0.0113674614183535
"ENSMUSG00000039313",62.8529028321566,-2.85867822485919,0.894400944872587,-3.19619320758481,0.00139253829778474,0.0114856502988128
"ENSMUSG00000037624",53.1727585156261,2.23978089710772,0.700806643063131,3.19600408939895,0.00139345136801142,0.0114874260748983
"ENSMUSG00000016458",25.9667981186652,3.09432700935512,0.96866353060955,3.19442914033106,0.00140107675599359,0.0115272850225729
"ENSMUSG00000030107",253.657679026264,3.32701493301453,1.04156376631747,3.19424987754466,0.0014019471224169,0.0115285991390357
"ENSMUSG00000031343",134.218512143565,1.09874348622357,0.344288989726214,3.19134076026455,0.00141614149925867,0.0116337013484509
"ENSMUSG00000060509",50.7799598099033,1.77133317771882,0.555146781967048,3.19074744780554,0.00141905265078857,0.0116518023889937
"ENSMUSG00000040010",323.376626493857,1.18517775026789,0.372283033751084,3.18353951918295,0.00145486252159901,0.0118983614968129
"ENSMUSG00000097804",80.2034306341697,2.01571223099889,0.633646776748201,3.18112914791942,0.00146702214635881,0.0119918498488108
"ENSMUSG00000060615",184.33979653526,3.47918278160865,1.09471919927778,3.17815087549753,0.00148217600809426,0.0120993820207522
"ENSMUSG00000128093",51.5999901114959,1.67274199418501,0.526332215774972,3.17811060020725,0.0014823819192041,0.0120993820207522
"ENSMUSG00000087440",20.5545897585634,-1.53919912284492,0.485183313042939,-3.17240737978286,0.00151180773597747,0.0122968827852752
"ENSMUSG00000014905",1148.23566469908,1.13213376076678,0.357225696538785,3.16923942408454,0.00152838436277723,0.0124071951500994
"ENSMUSG00000009092",75.946931851078,1.77904326152936,0.561464230945395,3.1685780918471,0.00153186589954434,0.0124237084425649
"ENSMUSG00000129427",30.1201795062032,1.40662902281245,0.443932325562451,3.16856633729091,0.00153192784658973,0.0124237084425649
"ENSMUSG00000115801",155.453346451773,1.25931867994924,0.397764933453927,3.1659871799511,0.00154557605321019,0.0124974550903729
"ENSMUSG00000089635",47.8501359211753,-1.85815507021437,0.587066639790447,-3.16515186568537,0.00155002026144368,0.0125272378812701
"ENSMUSG00000024910",49.8980229876421,1.70946993039295,0.540352656600785,3.16361899864946,0.00155820635730726,0.0125748780687988
"ENSMUSG00000034028",38.376875347861,1.77229002811354,0.560285631510636,3.16319021663132,0.00156050333229402,0.0125872446641629
"ENSMUSG00000121900",51.7511961996392,-1.21704333584957,0.384776450998766,-3.16298810046843,0.00156158714460822,0.0125898183945568
"ENSMUSG00000135048",28.4174635113529,-1.30320538285488,0.412116896898561,-3.16222264280431,0.00156569806279827,0.012616782774277
"ENSMUSG00000020638",329.600233515051,1.30904837940647,0.414159834072027,3.16073233499223,0.00157373041559805,0.0126691070083084
"ENSMUSG00000048022",43.1156960448344,1.94503897063536,0.615508158006278,3.16005392509439,0.00157739941185741,0.0126924372030345
"ENSMUSG00000067212",5734.41088086853,1.17223926130416,0.371112034718623,3.15872068711797,0.00158463282545873,0.0127288504860502
"ENSMUSG00000032115",2723.61272556953,1.14859114722662,0.363665862121464,3.15836944530965,0.00158654354544025,0.0127288504860502
"ENSMUSG00000005947",151.173454681543,1.21143029283765,0.383589830082806,3.15813975718839,0.00158779417240596,0.0127325160547098
"ENSMUSG00000026630",49.7565194773881,1.5432220203765,0.489130162206606,3.1550334442975,0.00160479708236629,0.0128438378060263
"ENSMUSG00000023341",44.7781147845523,1.70576628891095,0.54092447763841,3.15342780633269,0.00161365135948289,0.0128896372300664
"ENSMUSG00000015396",291.354893866506,1.02979966394355,0.326618053756054,3.15291715231607,0.00161647676723734,0.0129059442381321
"ENSMUSG00000046613",97.6431539769183,-1.07529296414986,0.341129614273117,-3.15215366581733,0.00162070957079399,0.0129311858730194
"ENSMUSG00000121920",40.5732737224432,-1.43413724728663,0.455617761825586,-3.14767633627862,0.00164573808905676,0.0131077823706538
"ENSMUSG00000019945",31.6948130751001,-1.22905697585037,0.390661825068039,-3.14608926950134,0.00165469492193839,0.0131727478239225
"ENSMUSG00000142880",21.619568705148,2.25584643834172,0.717145216900759,3.14559225269698,0.00165750911490169,0.0131840221023763
"ENSMUSG00000097296",149.256834542344,-1.16958794886846,0.372015214520246,-3.14392504182059,0.00166698133748959,0.0132385498114284
"ENSMUSG00000031125",30.2974934142782,2.12169196334318,0.675818873596265,3.13943875531757,0.00169271793712557,0.0133976997110088
"ENSMUSG00000033576",681.574869234233,3.01348924667894,0.962341291098855,3.13141426493087,0.00173966572477854,0.013664177875491
"ENSMUSG00000029334",91.1275571510939,4.21446810893256,1.34601026426989,3.13108170183131,0.00174163700134551,0.0136692276698195
"ENSMUSG00000052212",1499.12343689764,1.35403545613814,0.433675484570659,3.12223195525714,0.00179485464161866,0.0140174060554876
"ENSMUSG00000016763",779.321625413039,1.04971507531688,0.336369217740636,3.12072276520346,0.00180407789115298,0.0140560976441323
"ENSMUSG00000040998",149.680904821407,1.40981963380917,0.451980046789089,3.11920768145555,0.00181338095675905,0.014081929571285
"ENSMUSG00000096718",41.7787948098665,1.19016286476912,0.381802185848695,3.11722381086832,0.00182562917425146,0.0141570104077728
"ENSMUSG00000110393",28.0867427893962,-1.31025321633718,0.420409697892178,-3.11661035153671,0.00182943197072918,0.0141798204021255
"ENSMUSG00000068246",58.5598536794034,2.10793728992631,0.677062045375972,3.11335911431245,0.00184970798094898,0.0143167571651919
"ENSMUSG00000073433",62.8214105850118,3.14610038846697,1.01065138820324,3.11294322175738,0.00185231649455185,0.0143234788397403
"ENSMUSG00000116895",27.5361005556296,-1.8207489434956,0.584888021976939,-3.11298723017342,0.00185204031020471,0.0143234788397403
"ENSMUSG00000074852",39.2701166514682,1.90349797425335,0.611698021681064,3.11182627176425,0.00185933883614118,0.0143642868415731
"ENSMUSG00000076928",55.9170113737431,2.2113761084272,0.711121206365087,3.1097035057226,0.00187275226600663,0.014461125964009
"ENSMUSG00000097194",100.538398639958,1.86700196146907,0.600762611895088,3.10771996209894,0.0018853662492322,0.0145312661802948
"ENSMUSG00000043931",51.6228368110072,1.89746657521705,0.610650214869328,3.10728880300663,0.00188811843141028,0.0145388651713318
"ENSMUSG00000029130",109.873057817667,-1.78254196179412,0.573927089199095,-3.10586831557582,0.00189721183758755,0.0145952329356093
"ENSMUSG00000122409",207.926858548138,-1.5374629425832,0.495495351370874,-3.10288065938366,0.00191646905377153,0.0146977351358972
"ENSMUSG00000029075",33.7620119603082,2.17248366925986,0.700189404392191,3.1027085751829,0.00191758368691984,0.0146977351358972
"ENSMUSG00000078612",32.5103335520276,1.46912796683388,0.473500760158397,3.10269399851104,0.00191767813107619,0.0146977351358972
"ENSMUSG00000107756",63.8913020304233,-1.20268550298796,0.387994172400485,-3.09975146159299,0.00193683091215607,0.0148238248753256
"ENSMUSG00000037025",388.612574070341,-1.10703407265375,0.35738153895954,-3.0976252323405,0.00195077953688592,0.0149028693808598
"ENSMUSG00000142319",24.2370448236446,2.85882901328483,0.923878961377764,3.09437613886294,0.00197227267243667,0.0150252313772906
"ENSMUSG00000044313",24.2465517228604,2.03649973102848,0.658370458565269,3.09324287645963,0.0019798203228089,0.0150708771783034
"ENSMUSG00000030283",56.0574987350448,1.64750060003609,0.5330831212698,3.09051353213315,0.0019981069963903,0.0151658992538375
"ENSMUSG00000038304",24.5538717277502,2.1408853981286,0.693122535623256,3.08875456805559,0.00200997410735977,0.01523490042793
"ENSMUSG00000128150",569.147269531418,1.32120562026505,0.42777879942851,3.08852524255553,0.00201152604280404,0.0152396471434344
"ENSMUSG00000042677",1028.76913359689,1.32858319187693,0.430190316676747,3.08836145392656,0.00201263513767158,0.015241036003444
"ENSMUSG00000056569",34.8237485795937,-1.5004102740786,0.485864507825942,-3.0881248782554,0.00201423810078148,0.0152461617715704
"ENSMUSG00000036961",39.3052216550275,-2.96154304782268,0.959625486754847,-3.08614463527609,0.00202770162839204,0.0153269292507889
"ENSMUSG00000036067",56.9936624400307,1.5731459854011,0.509843470007598,3.08554699225168,0.00203178115195413,0.0153507173495277
"ENSMUSG00000120777",140.811595416682,-1.94983141566604,0.63264882744863,-3.0820122176301,0.00205606398330045,0.015491524648547
"ENSMUSG00000113161",52.9796034242575,-1.01191713721606,0.328400169398848,-3.08135388318595,0.00206061584659853,0.0155047619575605
"ENSMUSG00000039304",1308.01545930507,2.27145144793708,0.73717522933731,3.08129106559782,0.00206105066345902,0.0155047619575605
"ENSMUSG00000076549",141.132364580263,1.11846217950599,0.363105969127963,3.08026381993141,0.00206817310502989,0.015532999009173
"ENSMUSG00000105547",58.1350565810095,2.12333088505207,0.68983132984947,3.07804356394687,0.00208364452480882,0.0156278085703542
"ENSMUSG00000078234",303.769429227721,-1.10621287178532,0.359515103255948,-3.07695799638709,0.00209124766817897,0.0156659283742403
"ENSMUSG00000024713",578.223331005998,1.50502885127874,0.490312839011018,3.06952772094332,0.00214397507891644,0.0159928689280477
"ENSMUSG00000029321",101.270729246257,1.01693070489828,0.331333388944028,3.06920684371496,0.00214627933874751,0.0160028065008153
"ENSMUSG00000104686",22.1123024773874,-1.74545504387725,0.568921028632756,-3.06800936515209,0.00215489864610487,0.0160587992902663
"ENSMUSG00000017697",110.318942771014,1.05984550103847,0.345463677281002,3.06789272140001,0.00215573992780711,0.0160587992902663
"ENSMUSG00000048621",53.1526833794508,1.58930451809647,0.518276355893343,3.06651943509368,0.00216566728853434,0.0161108814148852
"ENSMUSG00000032841",120.668170890883,1.39791795960149,0.456227848473903,3.064078539435,0.00218341580823268,0.016228250316449
"ENSMUSG00000101036",44.2838960469823,1.29356348599375,0.422408796389415,3.06234978307892,0.00219606668790516,0.016314912402068
"ENSMUSG00000043664",15.2937637034414,2.38276506181741,0.779277197211371,3.05766044527428,0.00223072187172067,0.0164763516862179
"ENSMUSG00000018983",395.231156837732,1.33811359537173,0.438459775083708,3.05185029827711,0.0022743549843367,0.0167453962912053
"ENSMUSG00000037613",87.2949411787528,1.61710248131488,0.530049111276615,3.05085405656113,0.00228191462645776,0.0167935451476862
"ENSMUSG00000070354",33.7170766541892,1.67053917295698,0.547683231631457,3.05019229451433,0.00228694889893212,0.0168230740496513
"ENSMUSG00000076583",77.9488660524689,2.41817570724778,0.793139771420259,3.04886451844119,0.00229708048829177,0.0168825161065837
"ENSMUSG00000031445",39.2161555438342,1.34266015800113,0.440554838551577,3.04765727330433,0.00230632803414082,0.0169204807236643
"ENSMUSG00000022237",62.4009520936544,1.17778507429254,0.38670687479297,3.04567917217166,0.00232155410288153,0.0170016660123392
"ENSMUSG00000031886",1970.80723786646,1.46798346764921,0.482441276909395,3.04282311217931,0.00234370055432461,0.0171485965448205
"ENSMUSG00000097207",31.3106101967617,-1.67542272589326,0.550749496059408,-3.04207763762081,0.00234951286212368,0.0171780088713841
"ENSMUSG00000087088",59.9938365197156,-1.10706916124437,0.363990491219712,-3.0414782472329,0.00235419575176418,0.0171948201691631
"ENSMUSG00000096074",290.046319449698,1.62807244603013,0.535725348934201,3.03900580636906,0.00237360279593617,0.0173135236284879
"ENSMUSG00000051951",33.3232400613516,-1.22950225258229,0.404786929207367,-3.03740601256527,0.002386238064273,0.0173902776680506
"ENSMUSG00000047844",29.6800661671194,-1.44339973649311,0.475581865500819,-3.03501845044727,0.00240520972513377,0.0175052907625452
"ENSMUSG00000025515",107719.232261702,1.14370767179672,0.376910130934454,3.03443069827065,0.00240990115557987,0.0175316848096825
"ENSMUSG00000108456",27.3981427691404,1.39426599609455,0.45958635150511,3.03374108375593,0.0024154163283531,0.0175505739144355
"ENSMUSG00000105353",192.155059673228,1.11820977943253,0.3686727269129,3.03306889228265,0.00242080327705728,0.0175644267739947
"ENSMUSG00000053588",25.2293570855421,-1.29558826401108,0.427185585970389,-3.03284639407493,0.00242258880060807,0.0175696385129562
"ENSMUSG00000000142",472.264590960064,-1.43253408329516,0.472545636786572,-3.03152536342679,0.00243321477211416,0.0176311684829733
"ENSMUSG00000110720",707.817943796297,2.89830853398496,0.956246313208102,3.03092257083999,0.00243807761182834,0.0176508670727924
"ENSMUSG00000029359",22.07186352562,1.95239891692779,0.644220380137163,3.03063823673523,0.00244037447354194,0.017651970543902
"ENSMUSG00000029074",126.290354378237,-1.47353883825179,0.486211834782026,-3.03065193571933,0.0024402637672381,0.017651970543902
"ENSMUSG00000116461",45.0970491718708,-1.34216338563371,0.443196635283114,-3.02836998023762,0.00245876856656016,0.0177460354718457
"ENSMUSG00000046080",74.6593258430004,1.62368438514454,0.536453746854234,3.02669968224815,0.00247239461579608,0.0178059052757928
"ENSMUSG00000006567",61.1696680008124,-1.92013922560048,0.634564660437487,-3.02591578969538,0.00247881328983741,0.0178414276749767
"ENSMUSG00000043460",83.1739382721413,-1.28045380546553,0.423277896056768,-3.02509017691252,0.00248559005996216,0.0178769196842102
"ENSMUSG00000041372",1688.82007554571,-1.54110175519001,0.509935091903262,-3.02215277916659,0.00250983838395575,0.0180276916732389
"ENSMUSG00000028871",46.1317256749345,1.81183304858068,0.599675426781949,3.02135616645751,0.002516451648689,0.0180594348266639
"ENSMUSG00000132547",50.9861149357189,2.63082607038172,0.870861140200144,3.02094782846448,0.00251984773693607,0.0180601886343833
"ENSMUSG00000042251",179.176721703614,-1.06066111021517,0.351151297899047,-3.02052453333121,0.00252337264664361,0.0180775821939486
"ENSMUSG00000050010",110.925886653442,1.24729025600746,0.413083174370972,3.0194651668076,0.00253221409733966,0.0181251481236969
"ENSMUSG00000024114",36.8096643267817,-2.11830622299875,0.702155700903183,-3.01686110398872,0.00255406811348027,0.0182419190248267
"ENSMUSG00000028341",210.82362108126,1.60743720812693,0.532874032902765,3.01654257643335,0.00255675309185163,0.0182452649116399
"ENSMUSG00000096464",90.0908458031494,3.90821831721887,1.29715522676189,3.01291490531553,0.00258751461153939,0.0184248499350229
"ENSMUSG00000005677",48.5114708424064,-2.42298447643486,0.804288746699861,-3.01258035298491,0.00259036848693402,0.0184371968873302
"ENSMUSG00000030651",20.5534702650942,2.71385153270849,0.902763452630647,3.00616016831469,0.00264569598081493,0.0187189794026946
"ENSMUSG00000024087",39.8642252164139,3.22247928213994,1.07250183913142,3.00463753493394,0.00265897512763847,0.0188035685250482
"ENSMUSG00000089804",64.5527229397295,-1.08163818009006,0.360053287820002,-3.00410582733186,0.00266362657234439,0.0188218465665103
"ENSMUSG00000025498",1323.24622430223,1.24580596482144,0.414742838744199,3.00380343779683,0.00266627523008313,0.0188218465665103
"ENSMUSG00000024869",64.7244102339835,-1.0658757632916,0.354855539657196,-3.00368923173998,0.00266727619751373,0.0188218465665103
"ENSMUSG00000052776",1109.86763620286,1.03902613848927,0.34596869065959,3.00323747940419,0.00267123898128733,0.0188417340826621
"ENSMUSG00000022584",251.028894585859,1.54066629384314,0.513413525525643,3.00082918981492,0.00269245551082524,0.0189670068783551
"ENSMUSG00000120997",29.9627507478174,-1.24627302339306,0.41564306991133,-2.99842127443368,0.00271382259206842,0.0190848617399498
"ENSMUSG00000026494",58.5442907861352,1.81318092133793,0.604957667619674,2.99720297532925,0.00272469231663031,0.0191449464825799
"ENSMUSG00000120992",1706.63899615487,1.37065036886901,0.457431908122807,2.99640305918719,0.00273185082476192,0.0191870563686243
"ENSMUSG00000031604",2541.00282927295,1.03807919033712,0.346612503955533,2.99492712608631,0.0027451041751113,0.0192637041921813
"ENSMUSG00000111116",16.2967612763062,1.67235415886604,0.558489427807408,2.99442402236974,0.00274963527258802,0.0192790653716425
"ENSMUSG00000024399",132.967052120163,1.14669456070103,0.383141753150143,2.99287287609103,0.00276364838368108,0.0193389910024095
"ENSMUSG00000087326",25.3083719071114,-1.76741615897056,0.59052342422876,-2.99296537013557,0.0027628109636704,0.0193389910024095
"ENSMUSG00000046782",65.8341810281202,-1.12542542709642,0.376129433027008,-2.99212273296254,0.00277044857879596,0.0193754863860314
"ENSMUSG00000094475",38.6592291253174,5.68436909574433,1.90055011929311,2.99090723156439,0.00278149979113824,0.019436261061761
"ENSMUSG00000039699",528.286251171502,1.52055970283748,0.508423599192014,2.99073391804384,0.00278307881526324,0.0194390439268896
"ENSMUSG00000024339",1957.73148757046,1.15780232225456,0.387289338371716,2.98950218232785,0.0027943245146311,0.0195010447157151
"ENSMUSG00000026579",74.6175349489751,1.99690154263618,0.668505527273032,2.98711298735545,0.0028162561729694,0.0196208317289866
"ENSMUSG00000074575",33.9074643936567,-1.87888016118989,0.629323210706494,-2.98555675243666,0.00283062607867593,0.0197042694009479
"ENSMUSG00000017737",186.766283302956,2.27075696473841,0.761188258121113,2.98317392643899,0.00285275830463231,0.0198216231372962
"ENSMUSG00000090272",371.988573837428,1.25151403357765,0.419800367859503,2.98121233184937,0.00287109647996453,0.0199186099240017
"ENSMUSG00000103270",20.6552923849651,-1.89449323310455,0.636074763624107,-2.9784128241631,0.00289745439405017,0.0200592059248309
"ENSMUSG00000038415",253.710497264893,-1.50624976686913,0.506410037995779,-2.97436791109122,0.00293592827267218,0.0202489263313792
"ENSMUSG00000067377",135.075197267564,1.07769600544525,0.362589263174657,2.97222260805371,0.00295652235766283,0.0203824236072878
"ENSMUSG00000002384",70.2667280353385,1.56993811575091,0.528785203051344,2.96895243416726,0.00298816847487847,0.0205575501888526
"ENSMUSG00000087291",984.450931893509,-1.39135718974233,0.468681143569795,-2.96866474965221,0.00299096719130356,0.0205663979915512
"ENSMUSG00000047515",25.297334744926,-1.52385166481629,0.513337764474391,-2.96851657967648,0.0029924095842269,0.0205663979915512
"ENSMUSG00000039013",28.0893484042813,2.10050560709227,0.707952154532218,2.96701633527789,0.00300704982292199,0.0206357070590933
"ENSMUSG00000052504",49.5383520946274,1.33359132806056,0.449777442504197,2.96500269252191,0.00302680280405904,0.0207485360737047
"ENSMUSG00000030427",21.0780606443129,1.83202300334821,0.617892351272012,2.96495497893241,0.00302727228628068,0.0207485360737047
"ENSMUSG00000046814",35.1088672773555,1.08345762459965,0.365610955389951,2.96341673745544,0.00304244358891746,0.0208351700517255
"ENSMUSG00000029177",236.569194273099,1.59622643514014,0.538639427691772,2.9634415029372,0.00304219878472647,0.0208351700517255
"ENSMUSG00000001029",66.1915915329584,1.06398259784729,0.359271643234993,2.9614989601374,0.00306145527284341,0.0209479377210395
"ENSMUSG00000108291",95.7585084884563,-1.89486464330597,0.63986585509271,-2.96134670763363,0.00306296924445758,0.020949589809516
"ENSMUSG00000120013",31.3721191330985,-1.43111414990349,0.483717281574496,-2.9585756069025,0.00309064414820168,0.02106885077095
"ENSMUSG00000121493",20.7665914172946,-1.52350102048548,0.515195080369062,-2.9571342556185,0.00310512884595974,0.0211151326687464
"ENSMUSG00000037738",23.9615924729601,-1.84266283926524,0.623402636335195,-2.95581496109436,0.00311844117465072,0.0211937460086045
"ENSMUSG00000000739",30.9242114910294,1.93368648280965,0.655069899218481,2.95187808982919,0.0031584760348643,0.0213985065750744
"ENSMUSG00000036169",130.595697641497,1.36723348084924,0.463283152136755,2.95118325486969,0.00316559040354324,0.0214254401321195
"ENSMUSG00000070034",543.367633907023,1.06408280892347,0.360600423021257,2.95086400622648,0.00316886406375917,0.021433446623528
"ENSMUSG00000003070",23.0168343342755,1.38764787905239,0.47038365514845,2.95003421965089,0.00317738735373987,0.0214598172589526
"ENSMUSG00000094433",189.263506007253,1.27420375269815,0.432036861341832,2.94929406889193,0.00318500755997952,0.0214808600819102
"ENSMUSG00000141887",14.7123265008944,-2.13795647067986,0.726319696278871,-2.94354742358383,0.00324474106874658,0.0217638460425966
"ENSMUSG00000051498",82.166787182513,1.11755634690532,0.379975412791395,2.94112805535355,0.00327019312540735,0.0219117580071555
"ENSMUSG00000005465",62.0654946002861,1.53274334276431,0.521178819658823,2.94091640901232,0.0032724283002546,0.0219177757335492
"ENSMUSG00000042726",2059.60296386295,1.10295986630595,0.375055515548104,2.9407909511585,0.00327375390444011,0.0219177757335492
"ENSMUSG00000053687",83.1240125009449,1.23790060283066,0.42096711636483,2.94061116583234,0.00327565439265169,0.021921584661067
"ENSMUSG00000025408",334.44559523454,1.56432215620764,0.532310992841587,2.93873727434589,0.00329552298203258,0.02202768771953
"ENSMUSG00000022941",38.7832530699566,1.14228203154371,0.389080513079844,2.93585001855208,0.00332635106600249,0.0221976966354272
"ENSMUSG00000040528",106.15687251782,1.31301718953376,0.447333088805736,2.93521141715488,0.00333320497363714,0.0222344219939174
"ENSMUSG00000021624",117.360290853598,1.21296269600174,0.413432244176459,2.93388508779211,0.00334748116214882,0.0223115718107109
"ENSMUSG00000029204",74.9283456916117,1.40901375275844,0.480647594479943,2.93149028298578,0.00337339919407016,0.022457044452882
"ENSMUSG00000042851",175.614962651511,-1.03391819287386,0.352722311906189,-2.93125259722398,0.00337598151577016,0.0224651510485547
"ENSMUSG00000013584",132.637894030969,1.46844909998802,0.501000289152489,2.9310344360721,0.00337835329765628,0.0224718506421476
"ENSMUSG00000020131",68.0916835075911,-1.17519790055247,0.40283394222574,-2.91732591861367,0.00353046658371909,0.0232302443516257
"ENSMUSG00000015533",587.469276913065,1.23421733965227,0.423537700575437,2.91406724354269,0.00356753052862658,0.0234418384063929
"ENSMUSG00000044528",30.1555841575625,1.32606742638268,0.455741666793778,2.90969100041213,0.00361786250093315,0.0237011024086201
"ENSMUSG00000085962",28.2195715192854,-1.36304243048891,0.468593304698969,-2.90879621373282,0.00362823279165172,0.0237406981116702
"ENSMUSG00000020695",753.414216656696,1.1947463798353,0.410881484010742,2.9077639814114,0.00364022960972252,0.0238097338358609
"ENSMUSG00000097081",18.7803663406422,2.07800634775305,0.715019488098268,2.90622337200893,0.00365820199806172,0.0239082888027353
"ENSMUSG00000037628",38.7937725165904,1.90907053098883,0.657236982164895,2.90469128000144,0.0036761550054635,0.0240065608309979
"ENSMUSG00000033965",174.739271932637,1.03237560669086,0.355563062052474,2.90349509516402,0.0036902275110927,0.0240793561296548
"ENSMUSG00000018899",4345.29110154453,1.4904118839647,0.513406016887972,2.90298873589148,0.0036961993109094,0.0241087675338754
"ENSMUSG00000054855",42.1667133975175,1.82351281367025,0.629322092510216,2.8975827090333,0.00376050568338344,0.0244678288094092
"ENSMUSG00000055809",58.3297356738427,1.25164144671606,0.432079274156125,2.89678658889758,0.00377006120814449,0.0245128426815493
"ENSMUSG00000030546",61.3707602298351,1.47573149798428,0.510007548079255,2.89354834755298,0.00380915642798267,0.0247279740827597
"ENSMUSG00000033717",239.901489879628,1.80800424663618,0.625877020282403,2.88875320237893,0.00386772501872062,0.0249997475395358
"ENSMUSG00000057719",287.326080053186,-1.11807348769716,0.387112289802643,-2.88824074344728,0.00387403240846241,0.0250306889876439
"ENSMUSG00000086474",117.138533499506,1.68998141607858,0.585272802837343,2.88751058973818,0.00388303534629518,0.0250691807474735
"ENSMUSG00000079808",20.7908728825664,1.64578481975311,0.570100313128776,2.88683374110225,0.00389139799241326,0.0251034816414967
"ENSMUSG00000003955",735.689308843876,1.12611443596329,0.390170909695485,2.88620808978862,0.0038991426284405,0.0251435899302843
"ENSMUSG00000071552",17.7778712479857,2.45026732620121,0.849192921059188,2.8854071500561,0.00390907750784574,0.0251879229008471
"ENSMUSG00000025407",192.601073841615,-1.29668223373963,0.449965523977573,-2.88173685458678,0.0039548986889658,0.0254234662695994
"ENSMUSG00000072109",43.4219892062462,1.37730817288927,0.478310175393168,2.87952931747089,0.00398269266719985,0.0255721799454412
"ENSMUSG00000034457",45.0303357510525,-1.17701973089927,0.408878874036291,-2.87865136997711,0.00399379566415196,0.025633472911865
"ENSMUSG00000029811",3224.80296467672,-1.17996235048971,0.410531724457808,-2.87422939615225,0.00405014674251355,0.0259445781408562
"ENSMUSG00000004473",54.3237945674685,1.4134904400941,0.492360667890629,2.87084353457755,0.00409378101548665,0.026183339882656
"ENSMUSG00000030075",39.0289987416061,1.50826036779737,0.525400014744062,2.87068961833222,0.00409577466498763,0.0261859177901714
"ENSMUSG00000047786",96.8334709483553,-1.05453079464241,0.367470150564721,-2.86970463593254,0.00410855384056831,0.0262547423284158
"ENSMUSG00000095204",33.6063507209997,3.08488207392753,1.0766460992156,2.86527028349896,0.00416653448686704,0.0264840375510781
"ENSMUSG00000074361",51.2271101419251,1.54576961246891,0.539636352792992,2.86446530977478,0.00417713905359748,0.026530956882475
"ENSMUSG00000054598",22.8456908462964,-1.24466457710168,0.43503792238817,-2.8610484581873,0.00422242507817964,0.0267463578538174
"ENSMUSG00000095332",83.5678972872297,-1.11616146921321,0.390220790628582,-2.86033316527101,0.00423196156321155,0.0267964550827506
"ENSMUSG00000024066",8853.35768791485,1.16783037760447,0.408583379780613,2.85824249197685,0.00425994710337667,0.0269379300345922
"ENSMUSG00000122203",129.853193668202,1.19723611930561,0.418979348492809,2.85750627951574,0.00426984185575626,0.0269740623450941
"ENSMUSG00000086714",70.1596960541401,1.45980360568563,0.510852663896828,2.85758244764766,0.00426881718442048,0.0269740623450941
"ENSMUSG00000111264",25.9990592726442,-1.19563429633938,0.418928423402275,-2.85403001932689,0.00431684519867554,0.0272417635238254
"ENSMUSG00000076564",274.871316235717,2.5457948380488,0.894463472790209,2.8461697045128,0.004424860652774,0.0277404725539293
"ENSMUSG00000053835",129.015538173228,1.38646046317472,0.487485755122441,2.84410456840217,0.00445364289656093,0.0278958849771216
"ENSMUSG00000050896",38.901602094956,1.83127305639727,0.644797720775575,2.84007371210088,0.00451031104019928,0.0281155814671718
"ENSMUSG00000020303",330.052992453615,1.29493581831814,0.456129237239534,2.83896692559111,0.00452598478875886,0.0281812736676767
"ENSMUSG00000025165",174.907805699769,1.60254501515328,0.564579812088374,2.8384738186537,0.00453298379452395,0.0281972121545606
"ENSMUSG00000076538",16.4784751078904,3.45871570377413,1.21856579470421,2.83834957357694,0.00453474883604387,0.0281972121545606
"ENSMUSG00000000244",61.6669576344891,1.36387904144123,0.48115644360743,2.83458542343455,0.00458851886668802,0.0285059570197301
"ENSMUSG00000007989",103.34023131288,1.32371905391645,0.467284875809626,2.83278813940416,0.0046143957785775,0.0285922818024295
"ENSMUSG00000029661",16099.361749443,1.05598536527265,0.372881359820193,2.83196072279359,0.00462635311143174,0.0286437199223395
"ENSMUSG00000020407",2556.40868562939,2.87236694910496,1.01575557430999,2.82781312921289,0.00468671556298823,0.0289629873549081
"ENSMUSG00000024027",27.4300878424259,2.98662571242661,1.05735696563804,2.82461440127214,0.00473375460764072,0.0292207731929468
"ENSMUSG00000015314",65.9910873629858,1.41190924273275,0.499934793410417,2.8241867966442,0.00474007504451205,0.0292488213859827
"ENSMUSG00000027737",186.46916476775,1.27462159843306,0.451465597744046,2.82329728954385,0.00475324735325747,0.0293191124678448
"ENSMUSG00000045761",25.0565387277121,2.35685097049504,0.835328775648738,2.82146507962047,0.00478048417972471,0.0294429895438862
"ENSMUSG00000079491",88.9603705446786,1.09289954056616,0.387721143883463,2.81877725217549,0.00482069586171516,0.0296684545687539
"ENSMUSG00000127259",1630.91695849787,1.11053178265747,0.393963581026477,2.81886914461476,0.00481931605242702,0.0296684545687539
"ENSMUSG00000134402",650.409308769816,3.76844435920471,1.33828697418461,2.81587165675041,0.00486450954449024,0.029882908531563
"ENSMUSG00000028268",1275.63883896674,2.51570295857221,0.894663083940124,2.81189981315981,0.00492498408003338,0.0301472765513039
"ENSMUSG00000080715",21.9695320991362,-1.18823262472766,0.422740097828863,-2.81078759935542,0.00494203987475383,0.030229546183997
"ENSMUSG00000039620",35.6480753431921,-1.2214376634567,0.434872496805829,-2.80872594249637,0.00497379672797571,0.0303835308098939
"ENSMUSG00000079243",29.8659143636128,-1.50176496419758,0.534760790490044,-2.80829296183325,0.00498048957333353,0.0304131305065987
"ENSMUSG00000097283",26.6358284257273,-1.20290898471997,0.428778195874449,-2.80543412956614,0.00502488506964549,0.0306501233425616
"ENSMUSG00000074207",8826.08675495166,-1.12835996046792,0.402430301848396,-2.80386430963392,0.0050494150713749,0.0307284233853972
"ENSMUSG00000094787",56.2174294257611,1.74864766192501,0.623675797679752,2.80377668723152,0.00505078744341158,0.0307284233853972
"ENSMUSG00000012705",44.5922420429643,1.8287981718919,0.652295379231974,2.80363502504825,0.00505300691827837,0.0307305699651337
"ENSMUSG00000071613",22.6931938869727,-1.3687223447341,0.488512761823559,-2.80181492009507,0.00508160173313466,0.0308702617463454
"ENSMUSG00000038580",40.9596014455744,2.349292195334,0.83845446163413,2.8019317718881,0.0050797615447795,0.0308702617463454
"ENSMUSG00000139288",78.6986163685407,-1.60544793933578,0.573340074200654,-2.80016697171235,0.00510761796566401,0.030993997260865
"ENSMUSG00000057137",660.216810440223,1.0144968348677,0.362568334814835,2.79808449181257,0.00514066633326769,0.0311257042458941
"ENSMUSG00000073400",42.4986807864982,3.59011987354761,1.28449177505105,2.79497303391058,0.00519040444684551,0.0313461586237776
"ENSMUSG00000074634",145.372674295743,-1.02188051206371,0.366120967113721,-2.79110076683018,0.00525291158473252,0.0316308278783656
"ENSMUSG00000037321",2470.48008321269,2.27505848780863,0.816430619350367,2.78659133291557,0.00532656055429793,0.0319923992723119
"ENSMUSG00000037868",61.9192022253105,1.79182120536266,0.643627564037552,2.78394106386985,0.00537027913361084,0.0322079801007779
"ENSMUSG00000073985",45.9187151115409,-1.03006333428288,0.370054327844939,-2.78354624382206,0.00537681970422737,0.0322125494926594
"ENSMUSG00000022102",86.2245348603314,1.16507847887994,0.419268912504059,2.77883345064049,0.0054554488498697,0.0325165720563114
"ENSMUSG00000054256",38.2625809155673,1.31680064324324,0.474920290400084,2.77267716259068,0.00555972469655477,0.0330551634811778
"ENSMUSG00000053475",71.5028800793829,1.42903027920696,0.515658117387339,2.77127467021631,0.00558373036901183,0.033173927486482
"ENSMUSG00000028793",1538.94874920039,1.03543419299562,0.373629076450396,2.77128911602008,0.00558348263237414,0.033173927486482
"ENSMUSG00000111713",20.931128282598,1.8444979090299,0.66667800579774,2.76669980558725,0.00566268723378107,0.0334522320333364
"ENSMUSG00000046688",1874.22203038212,1.13341453106105,0.409854795709242,2.76540507254455,0.0056852149384941,0.0335588718294831
"ENSMUSG00000132209",31.0305812562085,-1.05026630259294,0.379912456768118,-2.76449556702473,0.00570108818064438,0.0336128284813136
"ENSMUSG00000048731",62.1095750782786,-1.09471817242009,0.396094533024869,-2.76378006043158,0.00571360371568669,0.0336459332655239
"ENSMUSG00000052819",610.122321550762,-2.19652005550331,0.795188405480898,-2.76226368539031,0.00574020986249709,0.0337624419315075
"ENSMUSG00000141500",150.823021019986,-1.02050873258923,0.36965707027029,-2.76069042002372,0.0057679322462375,0.0339133816320743
"ENSMUSG00000017724",218.276071736163,-2.56718745691011,0.930217561068847,-2.75977100879534,0.0057841889534982,0.0339725660868501
"ENSMUSG00000069171",59.8922290350363,1.1681094847313,0.423367242317182,2.75909274023655,0.00579620832876192,0.0340067632631531
"ENSMUSG00000026787",32.9775635866764,-1.28979737058634,0.467502967643302,-2.75890734360093,0.00579949759840619,0.034013939780036
"ENSMUSG00000040264",182.02836776653,3.53651283928469,1.28197158907181,2.75865149386441,0.00580403959652827,0.0340284557968821
"ENSMUSG00000130275",48.7306800178905,1.49835864779664,0.543213636853059,2.75832296198771,0.00580987659470654,0.0340375510608155
"ENSMUSG00000027996",281.657671457895,1.03035025190759,0.375327971653717,2.74519974455357,0.00604740775072718,0.0350681485735194
"ENSMUSG00000114612",18.6547118960611,-1.3197980425528,0.48079405483274,-2.74503819106485,0.00605038561354521,0.0350730628013362
"ENSMUSG00000132193",64.9979877722098,2.57211485533285,0.937459472044294,2.74370778901397,0.00607495875521031,0.0351783489226266
"ENSMUSG00000137200",48.2303032951277,-1.42331316834931,0.519095475321698,-2.7419101803329,0.0061083042112546,0.0353590057067105
"ENSMUSG00000112008",50.9614174589857,-1.02874760191095,0.375235733403795,-2.74160350502627,0.00611400943918633,0.0353795913523109
"ENSMUSG00000041046",51.1691622490674,1.12083714608325,0.409380474852535,2.73788618396368,0.0061835472072488,0.0357317436549445
"ENSMUSG00000022906",1982.98418392469,1.18983515609839,0.434779193734635,2.73664235373831,0.00620697333608479,0.0358168251075934
"ENSMUSG00000054545",1017.22427993895,1.13266538889332,0.413974690124607,2.73607400624512,0.00621770408880845,0.0358661746370194
"ENSMUSG00000074882",826.014529187698,-1.2602824581411,0.461984318959276,-2.7279767005516,0.00637241088614277,0.0365663995882079
"ENSMUSG00000108500",35.7340137388435,-1.09816181200064,0.402525446418118,-2.72817984992666,0.00636848754090566,0.0365663995882079
"ENSMUSG00000110397",61.1293312889466,-1.25767546965438,0.461881033944001,-2.72294244021039,0.00647033299855978,0.03706370638667
"ENSMUSG00000037337",139.454486526718,1.06955203129294,0.392814679556063,2.72279038171814,0.00647331165747815,0.0370678712407175
"ENSMUSG00000076569",35.7019363436211,2.29905880431419,0.844532751588768,2.72228495578071,0.0064832212630939,0.0371117078074809
"ENSMUSG00000094088",268.013155558323,1.583496688251,0.582515824983455,2.7183753991507,0.00656033595653732,0.0374359829644624
"ENSMUSG00000135492",27.1550371258785,-1.16010203098931,0.426806819768404,-2.7180962844474,0.0065658728214624,0.0374545960705944
"ENSMUSG00000021765",92.0478940422845,1.61833070465714,0.59566859847282,2.71683064846162,0.00659103231389647,0.0375460778490234
"ENSMUSG00000063415",89.8157048907282,-1.15199391314554,0.424598539676507,-2.71313677626686,0.00666495905016991,0.0379540715471972
"ENSMUSG00000067297",129.375693194559,1.1368826851421,0.419285054943314,2.71147915180474,0.00669837532122638,0.0380785058402451
"ENSMUSG00000056758",115.347983669779,-1.81560146967524,0.669986417009458,-2.70990787810197,0.00673018979955252,0.0381946267474956
"ENSMUSG00000027400",28.7937248907662,1.99246859946057,0.735256099928472,2.70989740806558,0.006730402247129,0.0381946267474956
"ENSMUSG00000026826",115.689004364523,1.04276273331896,0.385169470191435,2.70728293392696,0.00678364162759867,0.0384702349690516
"ENSMUSG00000051969",36.8936407240138,2.04712876912462,0.757909620911386,2.70101963696272,0.0069127256946902,0.0390945390284042
"ENSMUSG00000029167",689.863516146409,-1.17361902609317,0.434782847462283,-2.69932227764569,0.00694808553715681,0.0392307325406493
"ENSMUSG00000020080",111.216224512405,2.31276395620209,0.857687196154937,2.69651216267463,0.00700698386651987,0.0395190049313178
"ENSMUSG00000006777",158.956356745374,1.03613653397031,0.384356515466751,2.69576940230102,0.007022626415697,0.0395936639320616
"ENSMUSG00000040483",310.507791677491,1.35602264920378,0.503133710584848,2.69515363545712,0.00703561824621446,0.0396154326058678
"ENSMUSG00000090084",212.665054590076,1.23227076699327,0.457392300326019,2.69412223623996,0.00705742770456136,0.0396676108911552
"ENSMUSG00000031543",285.553574356939,-1.06602706432782,0.395739330174357,-2.69376072339877,0.00706508643243499,0.0396911068273739
"ENSMUSG00000031380",127.348762047782,1.23163511921357,0.45800467966061,2.68913217246216,0.0071638048327061,0.0400875999187086
"ENSMUSG00000025429",137.777464007138,1.35614959852527,0.504554942627728,2.6878135242565,0.00719215487082106,0.0401915972974634
"ENSMUSG00000048040",45.8721272091138,1.52805151151532,0.569071186409644,2.68516759942815,0.00724934438861511,0.0404616589758728
"ENSMUSG00000087528",127.192000187743,-1.504149588385,0.560543087035038,-2.68337907143074,0.007288232789076,0.0406299999352064
"ENSMUSG00000027863",58.4654912268332,1.22256997213209,0.456507647243832,2.67809308236865,0.00740426384962851,0.041139519323805
"ENSMUSG00000033826",240.242211252682,-1.51715663191886,0.566639511945715,-2.67746353710719,0.00741819264299406,0.0411836969793105
"ENSMUSG00000074284",26.64357820297,-1.0228263540586,0.382023016149618,-2.67739458310023,0.00741971968903814,0.0411836969793105
"ENSMUSG00000027834",101.846478474166,1.00955091328414,0.377253033899426,2.67605777175348,0.00744938030361361,0.0412926424034986
"ENSMUSG00000101031",747.767476912564,1.00568058503174,0.375870364523802,2.67560488921721,0.00745945276228953,0.0413206496721307
"ENSMUSG00000045362",22.962347351277,1.89558436367846,0.709382163159513,2.67216242826819,0.00753641590648011,0.0416628660404238
"ENSMUSG00000030519",63.0399430543837,1.26151164640153,0.472081908300071,2.67223044184034,0.00753488845746955,0.0416628660404238
"ENSMUSG00000031239",273.348838732878,1.61472791524708,0.60431509726735,2.67199664967615,0.00754014012575137,0.0416694618631235
"ENSMUSG00000040950",207.493762401331,1.26837354007727,0.475315835778376,2.66848576168347,0.00761940079420241,0.0420369287114458
"ENSMUSG00000128351",752.42805092895,5.82433324959122,2.18609049877596,2.66426904689096,0.00771558263370683,0.0424253964257567
"ENSMUSG00000026104",4413.89134232945,2.17587152858291,0.817870326638849,2.66041138517026,0.00780452612301385,0.0428572093272772
"ENSMUSG00000026778",101.516651667791,1.28436799783877,0.483419524153697,2.65683931588668,0.00788770287075034,0.043266542335327
"ENSMUSG00000047330",271.616324559065,1.00842048248652,0.380121475421913,2.65289005670419,0.00798058605480689,0.0436492984120551
"ENSMUSG00000076695",33.1837870731057,2.61807892919996,0.987548272516611,2.65108957411084,0.00802325598610442,0.0438099049085363
"ENSMUSG00000079173",1097.3415328459,-1.05208412299508,0.396883474465039,-2.65086402101571,0.00802861577857346,0.0438246357966362
"ENSMUSG00000028713",84.4674921493544,1.51544513228065,0.571933812142264,2.6496862051298,0.00805665619648753,0.0439328047339445
"ENSMUSG00000120395",63.8183096725856,-1.34421966245092,0.507401135790249,-2.64922478022714,0.00806766528118075,0.0439503552362934
"ENSMUSG00000032357",238.511706770089,-1.03486974509436,0.39062274350648,-2.64928185134512,0.00806630289833846,0.0439503552362934
"ENSMUSG00000063458",24.9357585666464,1.58715277449736,0.599309734964598,2.64830134052656,0.00808973797982014,0.0440268946650509
"ENSMUSG00000025582",27.3220431445996,-1.59827458570107,0.604562750747631,-2.64368683602251,0.0082008491673122,0.0444992023208506
"ENSMUSG00000026581",324.620198427994,1.37327361428073,0.519671987972093,2.64257771453034,0.00822775810195542,0.0446114381964167
"ENSMUSG00000030474",88.334765786698,1.279687807905,0.484344901163379,2.64210029842625,0.00823936523048554,0.0446493317279406
"ENSMUSG00000084970",32.0198113653506,-1.31902065081636,0.49939205980209,-2.64125274907071,0.00826000728492421,0.04471703384798
"ENSMUSG00000110494",25.8784790363387,-1.45230761467648,0.550375195886139,-2.63875920559642,0.00832100610211251,0.0449585570919194
"ENSMUSG00000012889",34.6922621995102,1.36575751780642,0.519635742778395,2.62829787362966,0.00858133361331538,0.0460327452838094
"ENSMUSG00000125029",30.3299343837043,1.60549719335747,0.611460552127846,2.62567583104165,0.00864771318032554,0.0462081473832195
"ENSMUSG00000096459",55.3636712996667,2.54022555754195,0.969224962709236,2.62088334006726,0.00877022677192558,0.0466508056045916
"ENSMUSG00000017692",126.646563373084,1.05007491074864,0.400721226688762,2.62046240830718,0.00878106106365837,0.0466782719699734
"ENSMUSG00000060961",2610.47528951122,-1.04751690492384,0.399783349660033,-2.62021143655588,0.00878752647255144,0.0466975624007793
"ENSMUSG00000041347",45.941557420025,1.70890723571065,0.653750016167181,2.61400717927269,0.0089487156125294,0.0472915166339388
"ENSMUSG00000079563",33.3500067559322,1.45598091030355,0.557010541386566,2.61391984912742,0.00895100320909636,0.0472915166339388
"ENSMUSG00000001819",1868.3852670937,-2.14887963055476,0.823018840423217,-2.61097258654462,0.00902851307385871,0.04767043320556
"ENSMUSG00000029798",537.165271642452,1.48646626288324,0.569638245937215,2.60949167912276,0.00906768512794844,0.0478312400709437
"ENSMUSG00000067719",50.1892826858727,1.50792285807568,0.578557146707437,2.60635075836026,0.00915126943291256,0.0481487212125406
"ENSMUSG00000001506",15528.8856371981,1.21353658914516,0.465639366246094,2.60617266733371,0.00915602922220891,0.0481583735096566
"ENSMUSG00000022358",5982.55316361335,-1.1050259511112,0.424323059661734,-2.60420904768202,0.00920865703210038,0.0483117019501174
"ENSMUSG00000066842",466.883077092673,-1.25261792436184,0.481314058299036,-2.60249602679089,0.0092547887543272,0.0484919119231345
"ENSMUSG00000139073",41.0213696981528,1.39885037083702,0.538192985564803,2.59916128295319,0.00934518544122674,0.0488567125814277
"ENSMUSG00000105655",18.5847485153645,-1.1592381150697,0.44742796174408,-2.59089331509585,0.00957271625440139,0.0497303968747902
"ENSMUSG00000120977",45.8555450387119,1.32365977773577,0.510846648699719,2.59110983913655,0.00956669518035761,0.0497303968747902
"ENSMUSG00000020787",129.249818317319,1.2546521690632,0.484660140465817,2.58872571583322,0.0096331790728466,0.0499656670057573
