"","baseMean","log2FoldChange","lfcSE","stat","pvalue","padj"
"ENSMUSG00000074195",27044.3522122239,10.5874595517078,0.726453103691069,14.5741817302638,4.10005827793581e-48,3.37496297148286e-44
"ENSMUSG00000009185",851.549246538723,6.57963188296988,0.479677086370622,13.7167942141104,8.05488623353959e-43,4.42025306875874e-39
"ENSMUSG00000026656",1748.76601144496,3.27828443060974,0.241894895762696,13.5525159399221,7.65603218122508e-42,3.15103144498771e-38
"ENSMUSG00000021091",8173.87745907543,4.77000637475972,0.355516005845699,13.4171353647295,4.7990801796221e-41,1.58014513994237e-37
"ENSMUSG00000040809",372.415468293504,6.7807776639389,0.507912443632595,13.3502885171364,1.17991040698526e-40,3.23747750503305e-37
"ENSMUSG00000069792",477.324464240053,4.62898204709926,0.351087931589827,13.1846800490632,1.07509135692057e-39,2.52846128699763e-36
"ENSMUSG00000027068",734.200454163018,5.01255521671007,0.394736842081307,12.6984732164362,6.02945202629005e-37,1.10292076343126e-33
"ENSMUSG00000018774",627.190673963815,2.4868162202361,0.198283801704003,12.5417013334675,4.41415811766296e-36,7.26702850910852e-33
"ENSMUSG00000026712",1732.31679724189,1.88954419688056,0.151241668526518,12.4935423900673,8.09666507990024e-36,1.21177633827634e-32
"ENSMUSG00000042429",360.536107116382,3.80197322885353,0.308564816483839,12.3214735632462,6.94141922284609e-35,9.52304872214293e-32
"ENSMUSG00000030218",2274.53056845969,2.26750224129066,0.185163952318181,12.2459161888824,1.76670633654292e-34,2.23732972450047e-31
"ENSMUSG00000039109",1058.47044430329,1.67327298143978,0.137219264396237,12.1941550175346,3.33950032355133e-34,3.92701384475897e-31
"ENSMUSG00000058818",768.417100547832,3.25735969616557,0.272594199541035,11.9494827903527,6.53305408714997e-33,7.17024462911666e-30
"ENSMUSG00000012428",1049.64899784021,4.03409514158599,0.356490183109886,11.3161465103865,1.09165792937994e-29,1.12324778071137e-26
"ENSMUSG00000024679",458.259571198926,3.76147055216799,0.334442939222634,11.246972535617,2.39678134804874e-29,2.32107125487803e-26
"ENSMUSG00000028859",272.208061515794,5.35651886097803,0.479527890799788,11.170401062687,5.69232738069359e-29,5.20626587046436e-26
"ENSMUSG00000079012",246.921884953635,6.46060964955737,0.584071029026889,11.0613424198103,1.93184286388425e-28,1.6738910035856e-25
"ENSMUSG00000027962",1819.62614699848,3.1757819849555,0.292492025265867,10.8576703315887,1.83367490091772e-27,1.50938949469042e-24
"ENSMUSG00000037095",1721.45581971183,5.834890681785,0.538824154187645,10.8289330321168,2.51063639454992e-27,1.87875486197615e-24
"ENSMUSG00000056749",311.839209039097,3.20906763777938,0.29758536488972,10.7836876956923,4.11068440418585e-27,2.81975822275466e-24
"ENSMUSG00000028544",851.773152231145,3.75497351357241,0.348181888045685,10.7845170656313,4.07377418674021e-27,2.81975822275466e-24
"ENSMUSG00000025491",1195.32215670454,3.68478084217142,0.342081778144306,10.7716373031042,4.68592914316926e-27,3.08577805935982e-24
"ENSMUSG00000024059",267.548907034334,1.87633795889528,0.174452964112927,10.7555521824248,5.57988178052727e-27,3.53313822126232e-24
"ENSMUSG00000027225",1404.29253473365,4.0152389257514,0.376683494046678,10.659450146371,1.57525990143379e-26,9.26196562760873e-24
"ENSMUSG00000028655",235.411075965507,6.30627137021138,0.594233927298254,10.612439109432,2.60849175644847e-26,1.43145332621371e-23
"ENSMUSG00000042286",2242.48509846761,1.60116150772489,0.150875540184645,10.6124657831571,2.60774702282146e-26,1.43145332621371e-23
"ENSMUSG00000021322",207.580224852914,3.16646217494318,0.300869632459427,10.5243661484188,6.67089075119825e-26,3.43196482615552e-23
"ENSMUSG00000022146",1009.30587308556,2.31740293420964,0.221783004204629,10.4489653863264,1.4813234182856e-25,7.39000831370785e-23
"ENSMUSG00000140105",788.92465259795,3.87562646761108,0.371750527183792,10.4253422233749,1.8997419877342e-25,9.1986624541377e-23
"ENSMUSG00000016024",891.026116712789,4.16771499255483,0.401814489417278,10.3722366970862,3.31669170359988e-25,1.56007701475328e-22
"ENSMUSG00000029816",600.076489947313,2.52316390269454,0.244542588202235,10.3178915429156,5.84935438544887e-25,2.67494225687902e-22
"ENSMUSG00000026365",2346.11963049016,2.09884152162073,0.205233030300095,10.2266263795441,1.50677158293028e-24,6.70431907291385e-22
"ENSMUSG00000049037",239.901810710006,2.8798198402766,0.28201107484057,10.2117260533284,1.7571089177368e-24,7.46159310387838e-22
"ENSMUSG00000059089",385.005999538515,5.26439272771394,0.515553473953952,10.2111478123492,1.76761301737992e-24,7.46159310387838e-22
"ENSMUSG00000068452",6846.72293534165,3.08584102327894,0.303155824136283,10.1790590105625,2.45927931453542e-24,1.01217788387991e-21
"ENSMUSG00000064246",187.722745911357,7.54122886687466,0.743010930008422,10.1495530715668,3.32884362456414e-24,1.33665250222438e-21
"ENSMUSG00000030732",260.296177204619,4.20407787315903,0.418472339398792,10.0462503189552,9.54296998218648e-24,3.7406170194461e-21
"ENSMUSG00000073418",7147.79145362021,2.71927508695352,0.270948855230124,10.0361194906838,1.05752896636704e-23,4.04886031937223e-21
"ENSMUSG00000059498",933.148674244463,2.93624619521092,0.292752874307522,10.0297775116857,1.12770422780051e-23,4.21940788688178e-21
"ENSMUSG00000026580",281.123077789242,3.46512545425749,0.345604885232876,10.0262629445258,1.16855960953373e-23,4.27511041150085e-21
"ENSMUSG00000079419",616.562198453559,3.23646687699277,0.324973367071199,9.95917575080449,2.29961294748543e-23,8.05500594775587e-21
"ENSMUSG00000000983",711.252135413916,5.88007559156577,0.600787301648851,9.78728341199622,1.27680190956187e-22,4.37916454939939e-20
"ENSMUSG00000049103",1137.49993048836,3.36430961803348,0.344104612747586,9.77699656848635,1.41342589399429e-22,4.74882254955675e-20
"ENSMUSG00000023078",1547.96786099274,4.67835471366159,0.480243450055067,9.74163148529178,2.00312161344948e-22,6.59547822444375e-20
"ENSMUSG00000022488",782.503540299225,1.97754840411836,0.203335226055233,9.72555735906375,2.34616962469509e-22,7.42788279449138e-20
"ENSMUSG00000055435",1134.98101981237,1.37291906932223,0.141307250690457,9.71584304849078,2.58104197200745e-22,8.01730075191672e-20
"ENSMUSG00000043832",203.042289048556,3.22146954484072,0.332696103773947,9.68291936183773,3.56391045052097e-22,1.08653069901716e-19
"ENSMUSG00000040522",108.360282584708,3.08671881075917,0.320042241486873,9.64472313535455,5.17506526172591e-22,1.54903817097807e-19
"ENSMUSG00000000290",763.782736617126,2.717464856929,0.282523150449264,9.61855640009581,6.67615100557136e-22,1.96266917865574e-19
"ENSMUSG00000028214",594.147758893179,2.36450768983263,0.246127651891867,9.60683479348126,7.48134194967081e-22,2.16079530732334e-19
"ENSMUSG00000033777",253.51861770298,2.69526195815002,0.283011444528528,9.52350871407372,1.67428467866718e-21,4.6718218076098e-19
"ENSMUSG00000121069",6832.09388109838,2.38896705688242,0.250932111409045,9.52037203794996,1.72560166303167e-21,4.73476336308172e-19
"ENSMUSG00000047798",189.870530322638,4.59188189347036,0.483840787236554,9.490481196711,2.29970199493446e-21,6.13679907767824e-19
"ENSMUSG00000042684",134.561708702504,2.7115009913825,0.285722988000584,9.48996442448292,2.31113128115198e-21,6.13679907767824e-19
"ENSMUSG00000038147",323.14507921106,2.0369187722497,0.215968908409584,9.43153710063994,4.04122715608254e-21,1.03954254172792e-18
"ENSMUSG00000028370",968.512740442019,2.87198080022555,0.305399602870657,9.40400960980257,5.25224982984403e-21,1.33027367613419e-18
"ENSMUSG00000031805",636.085533330552,1.54987171404188,0.165184274278464,9.38268319312979,6.43147915717958e-21,1.60426426310072e-18
"ENSMUSG00000021939",14622.8775749211,1.35351067630648,0.14435282101733,9.37640613302589,6.82597597655174e-21,1.67725436570106e-18
"ENSMUSG00000074677",153.15206758328,5.33728516918339,0.571859034284907,9.33321823945217,1.02704072827979e-20,2.48649581024561e-18
"ENSMUSG00000135102",1047.76590932285,4.36640302145467,0.472880512394026,9.23362859541223,2.61615731421711e-20,6.24199969042844e-18
"ENSMUSG00000098112",216.16524144794,2.54464537348643,0.276102823177094,9.21629610376811,3.07540085906787e-20,7.1310315975823e-18
"ENSMUSG00000034652",387.219504672596,2.93806173157806,0.318768325112252,9.21691868394842,3.0576025566762e-20,7.1310315975823e-18
"ENSMUSG00000020826",4151.1382471992,8.3044685990048,0.906372635370697,9.16231169711822,5.07972708245057e-20,1.16149370775533e-17
"ENSMUSG00000037902",1468.5200444144,1.89834849101281,0.207636598380287,9.14264877108026,6.09410539351439e-20,1.35577374450577e-17
"ENSMUSG00000030786",916.829194835991,3.00758593120386,0.330024296126514,9.1132258033842,7.99681451267843e-20,1.75535409762967e-17
"ENSMUSG00000058099",357.874120270053,2.69860304228886,0.296586213418523,9.0988822817626,9.12662018225012e-20,1.9769940534261e-17
"ENSMUSG00000026938",292.067900270765,1.9159147582412,0.210650465106762,9.09523155939948,9.43851270673889e-20,2.01800304793562e-17
"ENSMUSG00000028874",250.490805195521,3.11025493114742,0.342293619221436,9.08651156928327,1.02267619724282e-19,2.15850233784724e-17
"ENSMUSG00000038156",1706.10937435453,2.85121366271208,0.313979069308447,9.08090360606522,1.07677153738076e-19,2.24391010378474e-17
"ENSMUSG00000138080",177.305591262624,2.59556953871171,0.28723345565957,9.03644574672382,1.61848639763128e-19,3.24066134511859e-17
"ENSMUSG00000021190",3578.71159009679,2.07079979916104,0.229187018228257,9.03541489901771,1.63381456383917e-19,3.24066134511859e-17
"ENSMUSG00000030748",1894.88637729009,2.27661456015279,0.252553126791689,9.01439862999831,1.97953528429999e-19,3.87965349826556e-17
"ENSMUSG00000028581",1923.90396071719,2.33223020727428,0.259050544797442,9.002992868044,2.19646620684887e-19,4.20470036783173e-17
"ENSMUSG00000069516",8858.59905217815,2.52063752917892,0.281292097723037,8.96092549198008,3.21964562443041e-19,6.09253171436757e-17
"ENSMUSG00000017002",1642.85522759762,4.92252766764223,0.5505234155956,8.94154095574053,3.83780817220182e-19,7.17975408397256e-17
"ENSMUSG00000021904",288.489125029229,1.46845655260404,0.165084712247231,8.89516983501708,5.83300243402034e-19,1.07897437158738e-16
"ENSMUSG00000071713",1001.88726574008,2.84391802042503,0.3200677605232,8.88536232382857,6.37127830919445e-19,1.16544838671409e-16
"ENSMUSG00000137898",1232.60360140789,2.21427087215257,0.249351929644469,8.88010321520157,6.67983513058353e-19,1.20846292038238e-16
"ENSMUSG00000035778",547.652601480411,1.68741729439606,0.190621735995427,8.85217672362684,8.58286533315546e-19,1.53586643456237e-16
"ENSMUSG00000039621",754.560782987986,2.13602887192062,0.241378972164264,8.84927486751832,8.80897713239361e-19,1.55937839280211e-16
"ENSMUSG00000006522",89.0492735966153,2.55937661841062,0.290693331604542,8.80438709853994,1.31569560248073e-18,2.28003123196212e-16
"ENSMUSG00000001227",252.605501991954,2.21983488383672,0.252274619120017,8.79927949779463,1.37697345689015e-18,2.36136604383152e-16
"ENSMUSG00000048865",765.09562028812,2.34822490565572,0.266955606279609,8.79631238459996,1.41385647115922e-18,2.39962052419529e-16
"ENSMUSG00000029287",2748.90888876054,1.43841695913764,0.164619336935058,8.73783715764265,2.37615681320139e-18,3.9917009811974e-16
"ENSMUSG00000036896",1573.07167318232,2.18909708154146,0.250581284696159,8.73607573764273,2.41348192646577e-18,4.01344979347535e-16
"ENSMUSG00000020101",1311.71150516156,1.64782840308765,0.189310640956846,8.70436228391031,3.19365368938353e-18,5.16086034388023e-16
"ENSMUSG00000021756",5453.86271640095,1.12011362617268,0.128656603095453,8.7062272687368,3.14156616292473e-18,5.16086034388023e-16
"ENSMUSG00000046805",4550.25127006263,2.74124338053678,0.315239484106089,8.69574884729305,3.445498020068e-18,5.50711008780383e-16
"ENSMUSG00000134447",760.1330476578,3.87904694608396,0.446618798173612,8.68536425682664,3.77530632596055e-18,5.97623731195082e-16
"ENSMUSG00000023992",128.108161580316,2.10828158211042,0.24441391005695,8.62586577670304,6.36095885847332e-18,9.69633941546724e-16
"ENSMUSG00000028194",824.687249328557,2.43670059376186,0.28247461612141,8.62626393556915,6.33886412749664e-18,9.69633941546724e-16
"ENSMUSG00000002699",333.397285358479,2.87401050216408,0.334375070343247,8.59516978707118,8.31417743867104e-18,1.25574590066827e-15
"ENSMUSG00000024300",442.852548375177,2.53831441169779,0.295934946012896,8.57727161288742,9.71500233866605e-18,1.44088363514828e-15
"ENSMUSG00000035004",251.247685288613,2.84079643315794,0.332064495857985,8.55495383756074,1.17915910481749e-17,1.71792003031949e-15
"ENSMUSG00000026177",322.736436070699,2.53269856618042,0.296364252283596,8.54589764678108,1.27541016959453e-17,1.82583283669867e-15
"ENSMUSG00000027200",1357.91694725219,1.26844392652404,0.148511807937375,8.54103080516621,1.33029741371124e-17,1.88799020016623e-15
"ENSMUSG00000022893",1145.50405800188,2.35813977516078,0.27618251792834,8.53833831644853,1.36165752345851e-17,1.91598015458952e-15
"ENSMUSG00000031621",269.657760164026,6.80072277389783,0.797653795723548,8.52590786925163,1.51615906442259e-17,2.11529887098212e-15
"ENSMUSG00000022938",1198.57193034754,2.17024971194456,0.255242720359358,8.50268994504155,1.85247201914782e-17,2.54143723760254e-15
"ENSMUSG00000022148",477.619927259677,2.22141205533536,0.261318077678077,8.50079747667502,1.88292624588104e-17,2.56186899057352e-15
"ENSMUSG00000058715",529.395500631689,2.89933437220637,0.341708760009509,8.48481137014365,2.16068945878951e-17,2.91569102951244e-15
"ENSMUSG00000066361",67.6596788493893,3.37486046188707,0.398240797118764,8.47442172249523,2.36250126611332e-17,3.16210230439216e-15
"ENSMUSG00000020310",92.2322663251549,2.66925511402852,0.315619210639131,8.45720103229225,2.73871549008354e-17,3.63608654139075e-15
"ENSMUSG00000008845",1054.13199023406,2.21740531081168,0.26227914731465,8.45437135782478,2.80594957510886e-17,3.69554782840138e-15
"ENSMUSG00000020932",201.497556893921,2.45092269850887,0.291064367116543,8.42055220564844,3.7471389812676e-17,4.89596421020702e-15
"ENSMUSG00000024672",403.884165214826,2.08313175980682,0.247484064787158,8.41723592021314,3.85470921154152e-17,4.99685651571716e-15
"ENSMUSG00000023274",338.026662254589,2.60134711649632,0.309533997133734,8.40407561232251,4.31244793623084e-17,5.5465492479819e-15
"ENSMUSG00000026814",1046.21447415021,1.32954975668317,0.158256297028731,8.40124394191903,4.41773595218131e-17,5.63792147137681e-15
"ENSMUSG00000048163",434.568360775442,2.47059892634374,0.294287999005812,8.39517389322747,4.65205229276216e-17,5.89128745351873e-15
"ENSMUSG00000006344",636.329252477547,2.25099031874605,0.268631565393329,8.37947065323528,5.31662696057e-17,6.68149844670717e-15
"ENSMUSG00000071714",623.213853131594,2.47176895729556,0.295037390095197,8.37781596596288,5.3918865477518e-17,6.7247445633059e-15
"ENSMUSG00000002985",12788.2805921516,2.14263737544925,0.256353680579672,8.35812995001392,6.37202351553118e-17,7.88741527339773e-15
"ENSMUSG00000026482",610.24417190318,1.04091765183402,0.124632082720065,8.35192375122235,6.71600141566367e-17,8.25115905269187e-15
"ENSMUSG00000018654",417.25648204201,2.2561466908691,0.270498773543915,8.34069101796802,7.38576501725839e-17,9.00680366512036e-15
"ENSMUSG00000024965",445.638551667761,2.24513227219131,0.269319072009976,8.33632856164064,7.66327921334354e-17,9.27651218303491e-15
"ENSMUSG00000040552",380.687711060522,1.92099951223458,0.230947513438728,8.31790515356312,8.9531611813892e-17,1.07588242722051e-14
"ENSMUSG00000004730",637.439962566449,2.01156313269995,0.242588183817133,8.29209032792915,1.11275373385135e-16,1.32748295075325e-14
"ENSMUSG00000061762",1742.90176196873,4.53735295407533,0.548547924938014,8.27157071934609,1.32205572335135e-16,1.56582758082973e-14
"ENSMUSG00000028599",1687.40042455183,2.32576315381187,0.281325299763774,8.26716671328456,1.3718007106574e-16,1.61313964996806e-14
"ENSMUSG00000073490",346.10168250705,2.48638514914191,0.301092000927257,8.25789174566153,1.48267929025976e-16,1.73115951457776e-14
"ENSMUSG00000039936",525.566083805278,2.24754143962875,0.272363044561178,8.25200585949504,1.55757783778862e-16,1.80580309461367e-14
"ENSMUSG00000053113",2287.49294931726,4.15542753824455,0.503774386784766,8.24858835076092,1.60276501951978e-16,1.84519723890588e-14
"ENSMUSG00000029084",7099.44025546743,2.06514160016806,0.250613559668064,8.24034263310944,1.71718185434012e-16,1.96319200472231e-14
"ENSMUSG00000036905",1709.37025378927,2.23956905256163,0.271950919955946,8.23519572180312,1.79264317467637e-16,2.03532997135842e-14
"ENSMUSG00000078763",143.822193226843,5.41232531589877,0.658081906058011,8.22439466284561,1.96179119788938e-16,2.21212112951047e-14
"ENSMUSG00000020143",501.454802486497,2.1214134832131,0.259065549439921,8.18871319555774,2.64033892240589e-16,2.93702024861947e-14
"ENSMUSG00000031538",640.065630832123,2.03361239584952,0.248322753764418,8.18939209162763,2.62548903062855e-16,2.93702024861947e-14
"ENSMUSG00000022372",401.623088531656,2.55123128983883,0.311620029738987,8.18699392325884,2.67831689917897e-16,2.95927054437472e-14
"ENSMUSG00000015340",1183.17439392931,2.65148224574926,0.32476115304033,8.16440704476744,3.2301795796568e-16,3.54522976132599e-14
"ENSMUSG00000062593",220.087489010114,2.84930579918584,0.349033304473101,8.16342097636537,3.25667037310322e-16,3.55063340082108e-14
"ENSMUSG00000034593",881.297752618578,1.13865009227969,0.139887457517249,8.13975829204907,3.96067791462457e-16,4.26174120970355e-14
"ENSMUSG00000025044",432.39189621838,2.53023226828721,0.311259076159534,8.1290232545391,4.32763295411554e-16,4.59650460152285e-14
"ENSMUSG00000034641",173.461932468669,3.37963292872619,0.416197309366693,8.12026616382698,4.65162396277442e-16,4.88339133488765e-14
"ENSMUSG00000026773",1052.74137725913,2.9562783508898,0.36406811466599,8.12012431685209,4.65706395904368e-16,4.88339133488765e-14
"ENSMUSG00000018008",653.878878390609,2.00099525044642,0.246669315175281,8.11205580647323,4.97704316951624e-16,5.18588998099658e-14
"ENSMUSG00000053158",502.050767570711,1.68497172084998,0.208200077054177,8.09304081290771,5.81933552875474e-16,6.02539124590499e-14
"ENSMUSG00000120788",45.8202386326736,4.83453464465997,0.59808360684373,8.0833759516889,6.29980331331828e-16,6.48210387169743e-14
"ENSMUSG00000022650",1697.38922269394,7.59746670530489,0.947548525453804,8.01802388079943,1.07459918212864e-15,1.08534517394992e-13
"ENSMUSG00000036995",171.45273187239,1.78212919252549,0.222312625378695,8.01632021343703,1.08960221057995e-15,1.09378787760839e-13
"ENSMUSG00000020275",960.191926938878,2.6009361461692,0.32614347406941,7.97482198161557,1.52600613652609e-15,1.52258418337146e-13
"ENSMUSG00000025804",447.025428215642,2.69777873427748,0.340018221366253,7.93421812347977,2.11825528908779e-15,2.1007733026658e-13
"ENSMUSG00000055978",4210.639940157,2.0987095616774,0.264726818652835,7.92783131062239,2.23005948515468e-15,2.19841133557494e-13
"ENSMUSG00000015947",322.458902106899,3.52710837663113,0.446925815919039,7.89193251094287,2.97542632126493e-15,2.89848778266181e-13
"ENSMUSG00000074622",1129.19262061816,1.79646033889787,0.227631618023732,7.89196313980679,2.97469598312281e-15,2.89848778266181e-13
"ENSMUSG00000020057",330.432627582851,2.37616922809129,0.301599635637922,7.87855470403796,3.31189495995046e-15,3.20727804268614e-13
"ENSMUSG00000120878",181.393589321525,2.84746824038139,0.361715223491097,7.87212717479521,3.48661463521391e-15,3.35673314266237e-13
"ENSMUSG00000040747",633.986091694392,2.49397373069947,0.316889159854919,7.87017685250351,3.5414026974999e-15,3.38965770982215e-13
"ENSMUSG00000031444",70.6198072445375,6.33024536942473,0.805114098177999,7.86254443159087,3.76407985882151e-15,3.5819680182531e-13
"ENSMUSG00000074785",194.214092881343,2.62139425645114,0.333455831392541,7.86129378965714,3.80185910544685e-15,3.59712680764204e-13
"ENSMUSG00000042228",1102.19605827491,1.56319032871691,0.198952827781793,7.85709027685389,3.93159497745886e-15,3.69861989222316e-13
"ENSMUSG00000004709",107.079341430464,2.60585997564416,0.331855593652488,7.85239129756227,4.08178627219339e-15,3.81809360222271e-13
"ENSMUSG00000001930",1197.80321905753,1.29066362820243,0.164652356268075,7.83871945385992,4.55164192866601e-15,4.23354130348184e-13
"ENSMUSG00000023903",90.1082987272132,4.22902335412967,0.540376663668021,7.82606585085206,5.0337374486312e-15,4.65564155150649e-13
"ENSMUSG00000063564",388.210017496053,1.5439954585199,0.197519639735789,7.81692119621735,5.41309673951813e-15,4.97853696216129e-13
"ENSMUSG00000022150",1236.8627640662,1.18121313840717,0.151579570438435,7.79269353376964,6.55955878229627e-15,5.99944534627464e-13
"ENSMUSG00000106874",5287.49775416622,2.5407840243644,0.326584251892915,7.7798730638044,7.25973543333293e-15,6.56686947466813e-13
"ENSMUSG00000015950",508.152293143632,2.3004259363156,0.2963781581825,7.76179307686729,8.37369494739922e-15,7.49218151733877e-13
"ENSMUSG00000075254",2003.33489567666,1.25941562987677,0.16245918280985,7.75219724791336,9.03159537593681e-15,8.03714349589447e-13
"ENSMUSG00000006958",321.457901492517,1.75367481710286,0.226452358784949,7.74412254529987,9.62441522853284e-15,8.47753602307236e-13
"ENSMUSG00000037872",138.196173191246,1.71710829460354,0.22173242637918,7.74405585436182,9.62946751087002e-15,8.47753602307236e-13
"ENSMUSG00000030043",262.917968471089,1.80235176650891,0.232791056878459,7.74235827903784,9.75895253562642e-15,8.54583168053286e-13
"ENSMUSG00000026395",1977.69508964369,2.34803224865743,0.303339526511725,7.74060761437456,9.89428155367647e-15,8.61849509090877e-13
"ENSMUSG00000058624",4480.01927286358,2.11960102843426,0.273935059946115,7.73760404692704,1.0130776864944e-14,8.77805155408277e-13
"ENSMUSG00000003283",295.783820879363,2.72481888934903,0.352461342782026,7.73083047304327,1.06847233134489e-14,9.16159374527652e-13
"ENSMUSG00000028369",3565.02495138419,1.3799343716794,0.178918848936014,7.71262714848394,1.23253780150084e-14,1.04594174361383e-12
"ENSMUSG00000031101",229.806017321546,2.12301379100338,0.275566326968038,7.70418437681474,1.31681610001614e-14,1.10605833951866e-12
"ENSMUSG00000030579",440.543855635906,2.69553411462462,0.349931457278459,7.7030345759388,1.328723885839e-14,1.11039499150088e-12
"ENSMUSG00000121093",1754.11706887462,2.0012385224936,0.261216753662396,7.6612181050227,1.84177766885201e-14,1.51605928811553e-12
"ENSMUSG00000028980",1539.05661756705,1.41519273730407,0.184786056391172,7.65854721369378,1.88048109635639e-14,1.54021692981668e-12
"ENSMUSG00000002111",433.118421292126,2.41137871554828,0.315079318084444,7.65324341251116,1.95972454331287e-14,1.59717550279999e-12
"ENSMUSG00000023349",309.160377825547,2.39363013645785,0.313549204773271,7.63398567120809,2.27605221982943e-14,1.8367964556398e-12
"ENSMUSG00000042404",341.029734480858,1.26917800902968,0.166269440267809,7.63326085049319,2.28889097333012e-14,1.8381469314114e-12
"ENSMUSG00000036887",1837.08782005583,2.23412676457494,0.292768587883211,7.63103303099635,2.32879996401133e-14,1.86111814599604e-12
"ENSMUSG00000064065",84.5293405377159,2.98570839459097,0.391413342688419,7.62801894816272,2.3838853125815e-14,1.89593738652315e-12
"ENSMUSG00000030413",2660.48596471023,1.58143349922464,0.207470929616241,7.62243415089438,2.48936120070316e-14,1.97030545419116e-12
"ENSMUSG00000101389",293.360016035671,2.73408846478769,0.358798431021792,7.62012380322151,2.53432528493067e-14,1.9962965151107e-12
"ENSMUSG00000032068",2090.73073972481,6.89716260095428,0.90621629922549,7.61094520905112,2.72098572890633e-14,2.12301365189502e-12
"ENSMUSG00000030830",509.138638782226,2.73045981746706,0.358858924574646,7.60872763775755,2.76807376696326e-14,2.13947410448432e-12
"ENSMUSG00000049988",195.999631149817,2.96531515689538,0.389720801191006,7.60881930816427,2.76611144702051e-14,2.13947410448432e-12
"ENSMUSG00000026185",14245.4733172736,2.90163103806584,0.381523421506105,7.60538114963254,2.84065451336084e-14,2.1853128623112e-12
"ENSMUSG00000038193",548.901488911009,1.08758995052792,0.143326506251903,7.58819829610884,3.24384231418345e-14,2.48387795434429e-12
"ENSMUSG00000034116",425.58718778515,1.62186254608709,0.213858385692871,7.58381552742244,3.35538143842565e-14,2.54560574289407e-12
"ENSMUSG00000008318",84.4375625937181,2.83393481236155,0.373674601998024,7.58396422237049,3.35153614934423e-14,2.54560574289407e-12
"ENSMUSG00000022439",148.013903456169,2.62038961857059,0.345683245830596,7.58031998997929,3.44703722388424e-14,2.60314558792689e-12
"ENSMUSG00000064147",73.6145106069646,4.74295618779986,0.626466602403317,7.57096414973189,3.70464289076156e-14,2.78491031555286e-12
"ENSMUSG00000022218",51.9985473586633,3.12871985333423,0.413392943633865,7.5683920142219,3.77872238982468e-14,2.82768666834926e-12
"ENSMUSG00000060550",1779.85800564984,2.60570932478394,0.345172067685721,7.5490156033032,4.38560335825685e-14,3.25226072463885e-12
"ENSMUSG00000031722",1106.74401184489,7.210292208734,0.955396343572634,7.54691208234234,4.45699235648622e-14,3.27569040914431e-12
"ENSMUSG00000073902",357.984808874553,3.37068249250857,0.446609560876377,7.54726899687128,4.44479946033835e-14,3.27569040914431e-12
"ENSMUSG00000047945",1427.92250073244,1.55276960106272,0.205864111149942,7.54269208163125,4.60367296823763e-14,3.36845635893761e-12
"ENSMUSG00000042759",273.002365396376,2.50559725964189,0.332629749182214,7.53269142583313,4.97049790448086e-14,3.6048152864083e-12
"ENSMUSG00000038623",287.098437340174,1.72398278408582,0.229042935704021,7.52689786649271,5.19599808955991e-14,3.75182967317652e-12
"ENSMUSG00000023913",997.257548285854,2.24337996901485,0.298243382069013,7.52197736443231,5.39539271651329e-14,3.87879258916849e-12
"ENSMUSG00000026180",93.5426239673711,7.36977793914893,0.982108071927613,7.50403967730765,6.1880560415936e-14,4.42930289620676e-12
"ENSMUSG00000020901",290.346743188402,2.03522608829455,0.271315668150768,7.50132162350312,6.31775610875459e-14,4.50256358521328e-12
"ENSMUSG00000024164",14901.4416643591,3.5120912048845,0.468573260582589,7.49528729086639,6.61533046634939e-14,4.67417105010773e-12
"ENSMUSG00000121137",4325.39417480678,2.84390260135615,0.379656913095862,7.49071728515603,6.84982229623989e-14,4.81917198559818e-12
"ENSMUSG00000025492",2658.41940942478,2.3250844909092,0.31063430912556,7.48495714286792,7.1570487723373e-14,4.99264804826224e-12
"ENSMUSG00000025964",790.652284731125,1.26689441098559,0.169273830537642,7.48428984540447,7.19350408446766e-14,4.99690538998275e-12
"ENSMUSG00000029371",824.939022699995,6.1251265944237,0.818669810989959,7.48180342330814,7.33095479967636e-14,5.07098776752403e-12
"ENSMUSG00000059970",441.539860831831,1.66899415741278,0.223402155964347,7.47080595622872,7.97051173077117e-14,5.46743894265358e-12
"ENSMUSG00000039959",595.694867964711,1.05274086717715,0.141091535829243,7.46140341438508,8.56057045783189e-14,5.84782869075877e-12
"ENSMUSG00000052160",537.903679472255,2.2264195667174,0.298463007715223,7.45961646557461,8.67746971682153e-14,5.9031894193402e-12
"ENSMUSG00000060063",330.505772701767,2.60090321547244,0.34889770598445,7.4546297406391,9.01205553800996e-14,6.10557491038099e-12
"ENSMUSG00000079227",482.793744090674,3.13258226473572,0.420473076923538,7.45013756327941,9.32429558612598e-14,6.29122451780295e-12
"ENSMUSG00000028602",197.878908327774,5.58365939732623,0.750499556620174,7.43992364562063,1.00743512667568e-13,6.7695528532497e-12
"ENSMUSG00000005824",39.3293681057533,4.11576014794896,0.553613498300151,7.4343565693146,1.05078173741485e-13,7.03212184677266e-12
"ENSMUSG00000009687",615.627755023932,1.71049204632892,0.230240095007764,7.42916669779536,1.0928395083014e-13,7.28397442314413e-12
"ENSMUSG00000022831",684.996451833958,2.51798676983711,0.338962196853798,7.42851796810598,1.09821165426925e-13,7.29026550977206e-12
"ENSMUSG00000003617",1171.50729343229,2.63013039405408,0.354406296517432,7.42122930630468,1.16038213911678e-13,7.6720366089476e-12
"ENSMUSG00000037820",6508.67358955447,2.32174681814922,0.313050532972639,7.41652408671078,1.20234023615703e-13,7.91765092314124e-12
"ENSMUSG00000031165",170.416820577316,2.27466741544384,0.306807200772378,7.41399618300169,1.2254944823066e-13,8.00607764373554e-12
"ENSMUSG00000024621",2481.53237945928,1.83456820432673,0.247671220678678,7.40727242874478,1.28923450586347e-13,8.38919670752189e-12
"ENSMUSG00000018819",1692.87068147821,1.28714661444514,0.173960028230318,7.39909407660588,1.37116689217527e-13,8.88721281333918e-12
"ENSMUSG00000029468",587.493282594367,1.41261404929056,0.191150771846486,7.39005150565144,1.46771948717062e-13,9.47571212442744e-12
"ENSMUSG00000061353",4826.94500699251,2.02046356289131,0.273602778802254,7.38466024261984,1.52843176915407e-13,9.82912977171228e-12
"ENSMUSG00000068227",218.660699758877,3.19140602913708,0.432205223184837,7.3840061571219,1.53596338948342e-13,9.83913045955861e-12
"ENSMUSG00000035493",3612.57844742959,1.40613644732457,0.19061116032811,7.37698907505785,1.61909287837575e-13,1.03314442080232e-11
"ENSMUSG00000095675",417.334060403003,1.99498971083569,0.270536844208149,7.37418859407097,1.65348983743943e-13,1.04697704591405e-11
"ENSMUSG00000096596",417.334060403003,1.99498971083569,0.270536844208149,7.37418859407097,1.65348983743943e-13,1.04697704591405e-11
"ENSMUSG00000075602",11346.2705816804,3.33812529505928,0.452855685839447,7.3712783110396,1.68999613359636e-13,1.06599258036003e-11
"ENSMUSG00000024737",380.689384903951,2.85500178378469,0.387594333770931,7.36595335645956,1.75885316542852e-13,1.10519082681106e-11
"ENSMUSG00000095788",43.1078731145163,5.34064479337899,0.725405834277328,7.3622854146183,1.80787904101628e-13,1.13167728715783e-11
"ENSMUSG00000019888",3218.52943326782,2.27283414235909,0.30878261926339,7.36062848284985,1.83046355155108e-13,1.13716684713907e-11
"ENSMUSG00000022221",712.224071543637,2.46159157421521,0.335196721890467,7.34372209946489,2.07734225196654e-13,1.28087211588484e-11
"ENSMUSG00000052384",343.802021281726,2.12628569083239,0.289763927258553,7.33799307232306,2.1682038881963e-13,1.33190823176775e-11
"ENSMUSG00000009356",280.114498519355,2.65440760967054,0.361767302631655,7.33733422108966,2.17890025785835e-13,1.33350315781123e-11
"ENSMUSG00000056054",358.578711208753,9.02742942583814,1.23262865545406,7.32372185726344,2.41186329459914e-13,1.47061131181428e-11
"ENSMUSG00000026288",596.924823485045,1.76699193625736,0.241393384781311,7.31996834900077,2.48029449191959e-13,1.50675602289566e-11
"ENSMUSG00000025930",73.6508762011215,2.83126694616932,0.386941260438427,7.31704585590415,2.53489250594874e-13,1.53426232814096e-11
"ENSMUSG00000024675",177.466638694629,4.10989630810705,0.561925345169181,7.31395432407426,2.59393348083966e-13,1.5528700689114e-11
"ENSMUSG00000040829",197.295371499801,2.2235124301645,0.303997388954863,7.31424844735965,2.58825877207089e-13,1.5528700689114e-11
"ENSMUSG00000025877",251.408354456643,4.13834193569103,0.565922787060811,7.31255575903563,2.62108454444636e-13,1.56343894402973e-11
"ENSMUSG00000052142",181.054870461453,2.00414511436975,0.274260348116875,7.30745486225259,2.72249733740637e-13,1.61806764136177e-11
"ENSMUSG00000052270",53.5855515120549,5.00427005034217,0.68537905952581,7.3014633009133,2.8465472450207e-13,1.68526762796426e-11
"ENSMUSG00000029299",178.915380662359,1.95637663275715,0.268081732191934,7.29768722680619,2.92756199820271e-13,1.71517626962318e-11
"ENSMUSG00000024397",292.961690436658,2.89078085033538,0.396098018861665,7.29814518800955,2.91761715624528e-13,1.71517626962318e-11
"ENSMUSG00000044811",176.209634995225,3.11695083152789,0.428402118214789,7.2757596169614,3.4447651665467e-13,2.0039282309844e-11
"ENSMUSG00000050075",103.102329921843,4.04246643541014,0.556234654495377,7.26755588264726,3.66049925248605e-13,2.11448418223431e-11
"ENSMUSG00000073399",1074.11044385578,3.12232524484991,0.430684899910791,7.24967428738887,4.17775058430958e-13,2.40483593949261e-11
"ENSMUSG00000025017",416.98783227877,2.25941478998801,0.311680671270722,7.24913348260058,4.19446364081167e-13,2.40604372538964e-11
"ENSMUSG00000041268",337.828643770982,1.32567836059516,0.183236179782261,7.23480680600555,4.66192294848045e-13,2.66490407989006e-11
"ENSMUSG00000034595",785.202369571082,1.09963900909682,0.152049943003065,7.23209089972925,4.7561366080698e-13,2.70935214459007e-11
"ENSMUSG00000045322",141.206039087154,2.47257862004212,0.3419149422828,7.23156058502128,4.77474995710434e-13,2.71057615668306e-11
"ENSMUSG00000001128",415.553640542109,2.07579501723234,0.288042339570125,7.20656213364415,5.73821464199195e-13,3.2463308471173e-11
"ENSMUSG00000049625",349.711143805903,2.4915936491419,0.345846821754074,7.20432715415737,5.83311630655368e-13,3.28871896420525e-11
"ENSMUSG00000034947",632.87534689948,1.2078091989789,0.168114105054791,7.1844608076476,6.74729331240872e-13,3.79114982260016e-11
"ENSMUSG00000031903",403.016604986742,1.44244416068778,0.2011054804088,7.17257509718595,7.36000172865282e-13,4.12135062785073e-11
"ENSMUSG00000024053",412.677794767296,1.97047644967997,0.274779430024158,7.17112066760868,7.43863005795414e-13,4.15125988624064e-11
"ENSMUSG00000001741",274.426090005601,1.56803251311112,0.218811436887311,7.16613599095675,7.71441448486948e-13,4.2906218129867e-11
"ENSMUSG00000020437",386.317887590192,2.19006206577975,0.306064976773141,7.15554614863056,8.33404455155398e-13,4.60292326029198e-11
"ENSMUSG00000095028",42.976042480387,5.43246145528315,0.759289439790088,7.15466483609333,8.38776029938403e-13,4.60292326029198e-11
"ENSMUSG00000024401",146.166530194292,3.8281231384835,0.535470282539073,7.14908607127821,8.73575457415403e-13,4.76214329649993e-11
"ENSMUSG00000028864",586.08051926087,2.3589017882257,0.330249599029026,7.14278471544296,9.1458812934971e-13,4.96926216946676e-11
"ENSMUSG00000027931",327.066713007752,1.40229431253475,0.196428241955789,7.13896483811313,9.40363829097026e-13,5.09250319685011e-11
"ENSMUSG00000140700",249.295906388817,3.60348006829177,0.505271029188247,7.1317765320545,9.90816483720032e-13,5.34813500704357e-11
"ENSMUSG00000037306",460.09225158154,1.45199459066423,0.203661290838426,7.12945785959966,1.00765021919015e-12,5.42122403873445e-11
"ENSMUSG00000051439",1276.51071276269,1.86014412300703,0.260994440580465,7.12714078840138,1.02475262687255e-12,5.49527768605956e-11
"ENSMUSG00000030187",159.408605767143,3.7200674751709,0.52247741783137,7.12005408886697,1.0788471716396e-12,5.76657824243596e-11
"ENSMUSG00000143161",474.738032056076,2.38973766317551,0.336027155430082,7.11173970483688,1.14589226553025e-12,6.10512115450632e-11
"ENSMUSG00000112148",702.701880156283,2.6362281100009,0.370805520724078,7.10946294664948,1.16495370549298e-12,6.1866557592035e-11
"ENSMUSG00000023224",4745.44939284546,1.65884842427508,0.233513102915317,7.10387727097548,1.21304588163251e-12,6.40076100939614e-11
"ENSMUSG00000042010",689.593010725971,1.80566712899465,0.254399492256766,7.09776231460472,1.26792997299899e-12,6.66898758641612e-11
"ENSMUSG00000029154",323.193020432696,1.87643603770399,0.264596399332474,7.09169150615003,1.32482581939e-12,6.92400236971986e-11
"ENSMUSG00000066363",212.287263609639,5.27940423187929,0.745475513582567,7.08192842781355,1.42162081036342e-12,7.40637449399145e-11
"ENSMUSG00000022122",691.327031487908,1.26222276755267,0.178291687478604,7.07953794931771,1.44635889074433e-12,7.51148467455011e-11
"ENSMUSG00000112023",650.144442430463,2.68584394561885,0.379446657811139,7.07831757199367,1.4591504277844e-12,7.55408600396687e-11
"ENSMUSG00000028539",88.845854241545,2.04079025772243,0.288548224732136,7.07261415181789,1.52041818396465e-12,7.8377575517574e-11
"ENSMUSG00000040430",391.200399476536,1.10401600522566,0.156103436452624,7.07233633233131,1.5234662069868e-12,7.8377575517574e-11
"ENSMUSG00000120115",137.950141516892,3.10629473104728,0.439869466137007,7.06185577809523,1.64293461778034e-12,8.42605377337002e-11
"ENSMUSG00000029321",101.270729246257,2.28116680647252,0.32340243650732,7.05364755784974,1.74287497753873e-12,8.88326648768425e-11
"ENSMUSG00000042190",326.450701296802,1.75044067714107,0.248316357582606,7.04923628141877,1.79902442172766e-12,9.14115402929091e-11
"ENSMUSG00000079018",2536.00244293869,3.21348877881701,0.455920754215729,7.04834940963552,1.81052544729448e-12,9.16430618887002e-11
"ENSMUSG00000009292",222.295429391559,2.44104766560383,0.346344784675172,7.04802778506749,1.81471409680594e-12,9.16430618887002e-11
"ENSMUSG00000024677",508.44756294376,2.5835141101161,0.366920368533239,7.04107575287704,1.90761254003122e-12,9.57470281906523e-11
"ENSMUSG00000030707",1225.79678699103,2.39725463367927,0.340606278558919,7.0381986022744,1.94740992259954e-12,9.74474454582254e-11
"ENSMUSG00000020077",830.794282217781,2.82625851416345,0.401626990573706,7.03702335872961,1.96389942232239e-12,9.76787800292854e-11
"ENSMUSG00000037035",147.90663026076,2.3716764002126,0.337022210138879,7.03715164420556,1.9620928481538e-12,9.76787800292854e-11
"ENSMUSG00000058427",119.063212783961,5.83096496601283,0.828828899816269,7.03518538905366,1.98996239761724e-12,9.86769606987129e-11
"ENSMUSG00000026928",72.7288054728216,2.61662342225639,0.372257656736341,7.02906541989456,2.07921482149259e-12,1.0279313395265e-10
"ENSMUSG00000036362",149.911943886441,2.14081801617699,0.30494005583449,7.02045525084755,2.2114648343946e-12,1.09004028648618e-10
"ENSMUSG00000043740",55.3705696651956,5.1264205329437,0.73119418919478,7.01102471641509,2.3657893228057e-12,1.15761735872048e-10
"ENSMUSG00000022912",1417.21056514387,1.11911525091171,0.159657280346697,7.0094846190637,2.39197584602834e-12,1.16506208145457e-10
"ENSMUSG00000030142",114.996716378355,8.59833262118672,1.22688254724947,7.00827690512283,2.41270947949644e-12,1.17169428203392e-10
"ENSMUSG00000072571",233.91688702987,1.45665024253398,0.208036191963952,7.00190783527891,2.52500173451492e-12,1.2226206928035e-10
"ENSMUSG00000030220",692.765921177036,2.25613993355347,0.322743440866236,6.99050591856507,2.73896741051589e-12,1.3223349114171e-10
"ENSMUSG00000089704",1993.54039822331,1.06447932920199,0.152407364482008,6.98443498986985,2.86004639802254e-12,1.37675274417091e-10
"ENSMUSG00000027533",393.944280481966,2.66799635351956,0.382650037274784,6.97241890402234,3.11537251435632e-12,1.49094121232117e-10
"ENSMUSG00000024451",355.630510161894,1.06881351000095,0.153310365180057,6.97156717842052,3.13429586893624e-12,1.49564964899412e-10
"ENSMUSG00000022564",1437.29333718679,1.10831774814852,0.159222254351757,6.96082185659802,3.38293333020221e-12,1.6049922598017e-10
"ENSMUSG00000022534",121.386528298573,3.21709002177284,0.462254812127538,6.95955983014241,3.41337533376504e-12,1.61015467391902e-10
"ENSMUSG00000026009",99.2100917243161,3.74781946601509,0.539146756386849,6.95139017645495,3.61703937442061e-12,1.69650482111358e-10
"ENSMUSG00000067235",126.110959980974,2.3985232272939,0.345318596605844,6.9458269866411,3.76249655877646e-12,1.75971536497548e-10
"ENSMUSG00000038608",735.610495561047,1.59197566112894,0.229257559128119,6.94404872486353,3.81018988297256e-12,1.77697325901919e-10
"ENSMUSG00000044674",2111.76528133308,1.20220019002603,0.173236223179902,6.93965827676568,3.93049533531325e-12,1.82790239280401e-10
"ENSMUSG00000047810",356.906984881364,2.48151470298887,0.357928744226161,6.93298524641793,4.12051194072918e-12,1.90550528315237e-10
"ENSMUSG00000027840",469.011694613059,1.20261986970741,0.173563829965542,6.9289774830745,4.23893260312039e-12,1.95477723936053e-10
"ENSMUSG00000089929",190.401017448593,2.84677087005254,0.411498011544788,6.9180671356481,4.57847322808167e-12,2.08796135052378e-10
"ENSMUSG00000070691",175.838574887067,2.22347755848601,0.321465840665727,6.91668375676057,4.62338594323657e-12,2.10261886142275e-10
"ENSMUSG00000041481",712.780109025584,3.98555864082796,0.577019908129291,6.90714234409903,4.94513687058123e-12,2.23658759066975e-10
"ENSMUSG00000095609",75.7465575261923,3.12586409445063,0.454260302545107,6.88121783245685,5.93430245063332e-12,2.66842346131575e-10
"ENSMUSG00000019122",682.659275224961,2.2250436376388,0.323377509772796,6.88063817178289,5.95850197395291e-12,2.66842346131575e-10
"ENSMUSG00000055172",2700.08956541179,1.92513082613696,0.2801938012209,6.87071169222341,6.38823869593049e-12,2.85012394718438e-10
"ENSMUSG00000032496",951.940415996904,8.76279647524029,1.27637618055969,6.86537136050113,6.63185030566251e-12,2.95081490762492e-10
"ENSMUSG00000059173",460.319474649908,1.49023399370674,0.217344667545485,6.85654730128067,7.05447297945373e-12,3.13039861619263e-10
"ENSMUSG00000028527",553.558110072213,3.32858510453463,0.485964298398074,6.84944370503538,7.41377161180165e-12,3.28099252809383e-10
"ENSMUSG00000045382",210.425757414873,1.99194183482426,0.291803064803974,6.82632252736069,8.71189501003094e-12,3.83486437299838e-10
"ENSMUSG00000036943",1263.4560108543,1.40040760878528,0.205317945743635,6.82067806451688,9.06117963568853e-12,3.96739894527501e-10
"ENSMUSG00000027398",519.945213426602,5.59920537458663,0.821268679045075,6.8177510204055,9.24767298848235e-12,4.03831406921446e-10
"ENSMUSG00000028262",494.05212299333,3.1968519601268,0.46931239628259,6.81177822160457,9.63996422558144e-12,4.19848494830019e-10
"ENSMUSG00000054555",158.113979438616,3.54904785503425,0.521132539521225,6.81025955181159,9.74228163137964e-12,4.23185178093412e-10
"ENSMUSG00000027360",114.392868499649,4.73398586330668,0.695209812728947,6.80943475858618,9.79829550206609e-12,4.24498260132932e-10
"ENSMUSG00000073489",444.429212713397,3.0714816173333,0.451299655752551,6.80585854250551,1.00448375966132e-11,4.34037168905624e-10
"ENSMUSG00000073411",22374.9134079929,1.50373611504125,0.220995008356145,6.80438950285205,1.01478640975552e-11,4.37341064497518e-10
"ENSMUSG00000030249",2328.07146987622,1.5489915306514,0.227783376056798,6.80028348629425,1.04413483618286e-11,4.48814407521628e-10
"ENSMUSG00000029082",160.265743168121,3.19004050422598,0.469495305166453,6.79461640856025,1.08601096143383e-11,4.65598918179301e-10
"ENSMUSG00000005413",399.834845292692,2.16109862196307,0.318389393376816,6.78759615401318,1.14017268957662e-11,4.87549688012983e-10
"ENSMUSG00000022876",143.827760632786,2.98646212117506,0.440124076187105,6.78550045943284,1.15684782972117e-11,4.93398596391182e-10
"ENSMUSG00000008496",206.414713059387,1.76786790024888,0.260557026052506,6.78495578120633,1.16122072286154e-11,4.93983895619368e-10
"ENSMUSG00000089942",75.038874585491,2.7444179330857,0.405342591259846,6.7706132843227,1.28237626148276e-11,5.44117535896668e-10
"ENSMUSG00000026073",113.714312539654,5.46422927278529,0.807208389856691,6.76929197150117,1.29414144291731e-11,5.47697958219733e-10
"ENSMUSG00000022220",189.902821460551,1.59074194820495,0.235131264518968,6.76533574324664,1.33000410040507e-11,5.61432243717145e-10
"ENSMUSG00000021217",305.403282918068,1.00204451135598,0.14815605833799,6.7634393260518,1.34753821584197e-11,5.67379070266147e-10
"ENSMUSG00000022822",744.145511038029,1.19395717601291,0.176684160876724,6.75757900475279,1.40316534316802e-11,5.89293649096305e-10
"ENSMUSG00000030745",160.274062953443,2.60200879379636,0.385978941494475,6.74132320204211,1.5695063641177e-11,6.55806682042379e-10
"ENSMUSG00000123342",2103.87512187501,1.65688597916347,0.245845407401724,6.73954415774801,1.58884304275931e-11,6.62205645897382e-10
"ENSMUSG00000035948",99.2504927412785,2.00015257401278,0.296811698289992,6.73879293011752,1.59707812057512e-11,6.63956997450206e-10
"ENSMUSG00000027322",351.693649893907,2.62451256363276,0.389546658150631,6.73735099177234,1.61300216066908e-11,6.68888024460834e-10
"ENSMUSG00000015134",1428.84407297168,2.85872425555858,0.424371785150868,6.73636739196099,1.62395363855126e-11,6.71737405815815e-10
"ENSMUSG00000030077",810.341140889911,2.19950454876908,0.32675733789591,6.73130881446263,1.68143665094682e-11,6.90311510836347e-10
"ENSMUSG00000090231",3235.4840299648,1.37265756579968,0.203952766548311,6.73027186162015,1.69346376759513e-11,6.93519751391012e-10
"ENSMUSG00000057191",124.772126659775,2.9879722529694,0.443988821696966,6.72983666919608,1.69853641484136e-11,6.93871091750204e-10
"ENSMUSG00000021728",403.081467907431,2.85339089434478,0.424214552655027,6.72629186454423,1.7404129860368e-11,7.09218291809997e-10
"ENSMUSG00000033220",502.585581423747,2.52741406948246,0.376483650546182,6.71321069538032,1.90387891174071e-11,7.73915025283635e-10
"ENSMUSG00000037405",735.839813939457,2.24245227638756,0.334138517218057,6.71114571004139,1.93102159485515e-11,7.8301498808129e-10
"ENSMUSG00000047517",145843.140592166,2.14112652487062,0.319071151667223,6.71049862603598,1.93960472957272e-11,7.84562964691788e-10
"ENSMUSG00000022971",559.231504411628,1.7286524321941,0.257895036207469,6.70293022159391,2.04281028929629e-11,8.24283965506983e-10
"ENSMUSG00000031342",742.927359130862,1.7979894991189,0.268413690948645,6.69857596594397,2.10460309935628e-11,8.47141340457271e-10
"ENSMUSG00000127564",147.313201732527,3.91189440637192,0.584107865403155,6.69721234394252,2.12432834675729e-11,8.5299555055281e-10
"ENSMUSG00000129327",159.739346133731,4.18520260971819,0.625909128969928,6.68659780790523,2.28418504971796e-11,9.11312551903815e-10
"ENSMUSG00000043263",282.174808338402,3.12005175096336,0.466621616660335,6.68647066394809,2.28616949484466e-11,9.11312551903815e-10
"ENSMUSG00000068696",57.1817661434793,3.14254759174706,0.470076247449854,6.68518694317201,2.30630041588419e-11,9.17116515620807e-10
"ENSMUSG00000087107",202.199497484628,2.3541384261274,0.352264646944846,6.68286882190588,2.34309303070379e-11,9.29502182276542e-10
"ENSMUSG00000025511",429.395031813217,1.92735794903199,0.288434664725862,6.68213007914223,2.35493844370531e-11,9.31955567276935e-10
"ENSMUSG00000035373",156.238723449252,3.61501252840192,0.541062580559648,6.68132053165225,2.36798650407373e-11,9.34871986008773e-10
"ENSMUSG00000005364",82.8939019973064,4.63860046134574,0.694362317907352,6.68037470023634,2.38332081604353e-11,9.38674894605852e-10
"ENSMUSG00000093880",56.2456055474521,4.41186276633016,0.660488429102581,6.67969728451511,2.39436313361745e-11,9.40773276103678e-10
"ENSMUSG00000027219",170.26827839701,2.3698052486665,0.354817667793451,6.67893812448489,2.40679745544609e-11,9.43407297833549e-10
"ENSMUSG00000021998",2409.23526749618,1.98789731803195,0.297696114253032,6.67760586334798,2.42877161250955e-11,9.49759312511752e-10
"ENSMUSG00000015355",169.362143242925,2.10054694565013,0.31473980528258,6.67391575642684,2.49066625508164e-11,9.71654942118696e-10
"ENSMUSG00000013846",855.31980582683,2.00217564828127,0.300693921246447,6.65851720574124,2.76603913303247e-11,1.07399297752626e-09
"ENSMUSG00000071715",199.414968010306,2.08352665472589,0.31360232668108,6.64384947897643,3.05594663982688e-11,1.1837658713287e-09
"ENSMUSG00000026068",119.982484656763,2.90135947181348,0.436930989957999,6.64031514929251,3.13013164451721e-11,1.20965627379547e-09
"ENSMUSG00000060131",81.8615987852282,2.39677575160506,0.361734257201624,6.62579145847704,3.45392503998089e-11,1.32855065264499e-09
"ENSMUSG00000025154",345.575331917669,1.68173898889775,0.254309457306224,6.61296283162879,3.76703063662757e-11,1.44560898300232e-09
"ENSMUSG00000019846",2016.99109575565,1.10517471598236,0.167210129430943,6.60949620542451,3.85630104214268e-11,1.47642521062314e-09
"ENSMUSG00000027339",976.050027502665,1.25760171136588,0.190296940323565,6.60862812206837,3.87897749646695e-11,1.47823163250776e-09
"ENSMUSG00000123750",903.955639196997,1.77670976132457,0.268836740290262,6.60888001917546,3.87238392588445e-11,1.47823163250776e-09
"ENSMUSG00000079499",132.392422391749,1.80537592715157,0.273381405509869,6.60387243157398,4.0055424185167e-11,1.51942960451706e-09
"ENSMUSG00000036908",1686.68291341152,1.43748189726609,0.217688849555581,6.60337863055807,4.01891340780021e-11,1.52099704442793e-09
"ENSMUSG00000004267",253.140973207524,1.04075088642491,0.157715324128542,6.59892050550951,4.1416229850082e-11,1.56384264225207e-09
"ENSMUSG00000034845",1475.00674255666,1.09498146061793,0.16594532131795,6.59844731940317,4.15486061949696e-11,1.56525103841598e-09
"ENSMUSG00000028517",2595.45952055074,1.05281695512879,0.159633133964511,6.59522825231787,4.24602098685709e-11,1.59594163257142e-09
"ENSMUSG00000032089",493.609476510641,2.52033713327192,0.382355457538179,6.59160758290016,4.35089365002118e-11,1.63163467335532e-09
"ENSMUSG00000125261",162.326315680915,10.2834211146472,1.56133099309746,6.58631716151762,4.50870170631693e-11,1.67933837536416e-09
"ENSMUSG00000035697",755.554802203923,1.70578809450646,0.259118882462334,6.58303276973424,4.60947496125228e-11,1.7129974331173e-09
"ENSMUSG00000073412",66.2297687989327,3.49182975446799,0.530677658137524,6.57994490803132,4.70622615395317e-11,1.74501353992187e-09
"ENSMUSG00000074196",259.954683466811,10.1701011070879,1.5459917304757,6.57836708088896,4.7564279563838e-11,1.75966457181902e-09
"ENSMUSG00000021423",293.644603672031,2.5637146910825,0.390000388692079,6.57362086145677,4.91061776360149e-11,1.81263453457783e-09
"ENSMUSG00000052749",110.997237909985,2.81894570065871,0.429137487665977,6.56886378300479,5.07006376623537e-11,1.86730335086203e-09
"ENSMUSG00000045868",2321.4917297869,3.43981633523953,0.52398353390484,6.56474128033235,5.21232814902769e-11,1.91541424815721e-09
"ENSMUSG00000029581",579.562278313812,2.14482032901022,0.326742201831554,6.56425866321347,5.22923609157737e-11,1.91734774555987e-09
"ENSMUSG00000039497",490.585104546825,1.33741697144473,0.204001354723139,6.55592200973276,5.52991280791379e-11,2.02308787903744e-09
"ENSMUSG00000034266",50.9866744744969,3.51825629126904,0.536758558730962,6.55463473109236,5.57782359697543e-11,2.03609112809327e-09
"ENSMUSG00000024349",537.270338997914,1.97102159225796,0.301013592520183,6.54794880110205,5.83327090595984e-11,2.12462696736321e-09
"ENSMUSG00000121353",211.879088039669,4.27565948341273,0.653843954539563,6.53926591157925,6.18215221817275e-11,2.24672785800834e-09
"ENSMUSG00000038352",93.7076078605002,2.44389405955407,0.373856591366703,6.53698267193834,6.27723181867138e-11,2.27541720984969e-09
"ENSMUSG00000074417",36.5051231123263,3.64140581450728,0.557357593316052,6.53333848533827,6.43195522386568e-11,2.32213330812502e-09
"ENSMUSG00000031825",2760.57003536597,1.5789548022877,0.241736184980823,6.53172714880462,6.50155216766209e-11,2.34212370538777e-09
"ENSMUSG00000039316",298.114669066818,1.21404964160355,0.185926583958185,6.52972595826637,6.58901371469885e-11,2.36844831408487e-09
"ENSMUSG00000022548",463.46764650408,2.50632308784692,0.3841382010208,6.52453487100912,6.82128797353646e-11,2.44659834222943e-09
"ENSMUSG00000020120",770.232825973585,2.26733055413431,0.348355828475006,6.50866260530211,7.58228057176773e-11,2.70188495785741e-09
"ENSMUSG00000041329",567.499250308226,1.17091450791777,0.179897679931806,6.50878048211418,7.57633407978978e-11,2.70188495785741e-09
"ENSMUSG00000056071",503.263586153543,8.82103842688742,1.35871142311161,6.4922089244574,8.45868410198089e-11,3.00119216316619e-09
"ENSMUSG00000052125",109.412361670592,2.13935025044978,0.329693469754181,6.48890695968249,8.64613366873568e-11,3.06110319544937e-09
"ENSMUSG00000039683",656.753615388146,1.33911224508088,0.206954745853376,6.47055586746302,9.76430424164338e-11,3.42749980234915e-09
"ENSMUSG00000091542",179.458761101991,1.47998432447282,0.228819391990316,6.46791476718656,9.93645134261908e-11,3.48050635007527e-09
"ENSMUSG00000030144",66.3231854313625,4.59094334677812,0.71113546936807,6.45579294597375,1.07653714530925e-10,3.75487945407333e-09
"ENSMUSG00000030110",383.54956859668,1.58334303428205,0.245454369015351,6.45066144323967,1.11363028746893e-10,3.86786823261623e-09
"ENSMUSG00000039158",520.072044112885,1.46602991056971,0.227663165283296,6.43946906714326,1.19892145735284e-10,4.1466058723529e-09
"ENSMUSG00000016256",2643.64212287186,1.11968482029311,0.173952257930106,6.4367363414334,1.22069702274223e-10,4.21306815207658e-09
"ENSMUSG00000003484",204.895562284953,2.81572613313244,0.437648618702811,6.4337598996159,1.24485449819119e-10,4.28745598404217e-09
"ENSMUSG00000050747",1190.62134635358,4.90546021818163,0.762824474981272,6.43065394342789,1.27056127082893e-10,4.36685807967781e-09
"ENSMUSG00000028633",987.224956050617,1.61734878663268,0.251548085465705,6.429580983049,1.27956174943657e-10,4.38863022520296e-09
"ENSMUSG00000035954",240.581477465278,1.29686193551933,0.20176184739092,6.42768666271487,1.29560453585328e-10,4.43441527520844e-09
"ENSMUSG00000061878",268.864135555258,2.13337373871104,0.332189959321046,6.42214997428393,1.34362944858469e-10,4.58924722241697e-09
"ENSMUSG00000027540",1448.50629043712,1.28625760765214,0.200304161007909,6.42152215500579,1.34918372463153e-10,4.59867736203083e-09
"ENSMUSG00000101304",114.566298918867,5.81794544642169,0.906832154601963,6.41568058311228,1.40195119371512e-10,4.76866167399421e-09
"ENSMUSG00000031871",613.383225465538,1.14720361678864,0.179450776345274,6.39285959165398,1.6281175532294e-10,5.49256132762616e-09
"ENSMUSG00000024663",300.378559606545,1.54602568826862,0.241993031759358,6.38871986118186,1.67280184589802e-10,5.63176621452334e-09
"ENSMUSG00000093938",209.281359260352,2.02672687943026,0.317391032757947,6.38558330340704,1.70745362852869e-10,5.73669573193219e-09
"ENSMUSG00000097705",137.377141918638,2.04188436220419,0.320122187388974,6.37845311147752,1.78885594165284e-10,5.98575922102249e-09
"ENSMUSG00000024610",17548.585538102,1.98736572550033,0.312578069918865,6.35798194676991,2.04421488537368e-10,6.79876962785997e-09
"ENSMUSG00000050989",502.353478212463,1.15642563920164,0.181944142158936,6.35593773715152,2.07158929011617e-10,6.87592227483518e-09
"ENSMUSG00000071847",172.588878551481,1.59547699940484,0.251342439479954,6.34782173160253,2.18384928780723e-10,7.2255500557729e-09
"ENSMUSG00000054203",317.112760930412,3.01922959419988,0.475642172592543,6.34769111776447,2.18570365533311e-10,7.2255500557729e-09
"ENSMUSG00000055541",275.177778533472,2.2463720231185,0.354140790578263,6.34316092040818,2.2509808656566e-10,7.42643246318729e-09
"ENSMUSG00000128928",225.487608637434,3.92012110414212,0.618065694485439,6.34256380691984,2.25972567749711e-10,7.44037276572699e-09
"ENSMUSG00000031497",424.202788454288,1.52064012961956,0.240458224948387,6.32392645311238,2.54999129846562e-10,8.36265074634252e-09
"ENSMUSG00000002603",784.934929443159,1.26887153552698,0.20073628428013,6.32108709233781,2.59729580994865e-10,8.48398430936204e-09
"ENSMUSG00000004707",123.829602264458,2.36419373801403,0.374092201879319,6.31981561266735,2.61875581276232e-10,8.53714394960517e-09
"ENSMUSG00000079293",493.495171147483,2.82652856441733,0.447286410170434,6.31928111417539,2.62782867614092e-10,8.54979120460632e-09
"ENSMUSG00000055805",532.643383373858,1.79564572872694,0.284172440875017,6.31885950375001,2.63500696853676e-10,8.55623663175951e-09
"ENSMUSG00000038751",794.664827209836,2.24410110264601,0.356364390328155,6.29720915880385,3.03052243464766e-10,9.78264526305968e-09
"ENSMUSG00000038178",752.120730887353,1.15276636297225,0.183077328947114,6.29660903183293,3.04227314920347e-10,9.80135868010504e-09
"ENSMUSG00000060703",472.833644883857,2.09411237948045,0.332825997226715,6.29191348311044,3.13576251033068e-10,1.00828238686668e-08
"ENSMUSG00000026872",1554.73846252392,1.04975129876071,0.166900575364573,6.28968052667084,3.1811996842106e-10,1.02089844836567e-08
"ENSMUSG00000001435",4895.47553600681,2.43707461865207,0.387515835391567,6.28896782034602,3.19583701667916e-10,1.02360048259901e-08
"ENSMUSG00000073409",933.621977733145,2.25847926362199,0.359436229430631,6.28339348874086,3.31261192858568e-10,1.05894233359818e-08
"ENSMUSG00000051735",148.291557276899,2.00778258222284,0.319618466231353,6.28181032809765,3.34652984834179e-10,1.06564643894102e-08
"ENSMUSG00000056737",1193.33257470255,1.50511907094405,0.239597538114712,6.28186367350505,3.34538146617506e-10,1.06564643894102e-08
"ENSMUSG00000051457",159.637087991242,2.59071822179751,0.412828681191668,6.27552866317129,3.48448277147442e-10,1.10743320206145e-08
"ENSMUSG00000021596",153.212011341994,1.18456140910831,0.188855114598535,6.27232898418683,3.55687036951498e-10,1.12826121181744e-08
"ENSMUSG00000020395",52.9185878529468,2.08107878119439,0.331936157145764,6.26951519559987,3.62173951654931e-10,1.14442797813726e-08
"ENSMUSG00000030022",460.828124375711,1.56206600752499,0.249216730969595,6.2679018436991,3.65945325409861e-10,1.15412986441045e-08
"ENSMUSG00000019990",269.159075848521,1.33261261711995,0.212681092124236,6.26577851284263,3.70967307922408e-10,1.16773131746207e-08
"ENSMUSG00000029380",139.509633100732,4.11014087373161,0.656632899243532,6.25941965208668,3.86412758168833e-10,1.20941316306721e-08
"ENSMUSG00000056529",354.224862566291,2.19455056589904,0.350662482449604,6.25829872237452,3.89199786074133e-10,1.21582468275872e-08
"ENSMUSG00000032690",228.346059358979,3.40209176249921,0.543730175187855,6.25694860750337,3.92582708960133e-10,1.22406991242626e-08
"ENSMUSG00000031548",3791.06208640961,2.26905134193324,0.362679173060971,6.25635964365613,3.94067425890712e-10,1.22637656567841e-08
"ENSMUSG00000031616",822.198401689948,1.58461326548959,0.253499567005277,6.25095058034796,4.07961962982915e-10,1.26722222577127e-08
"ENSMUSG00000037731",393.69188677922,2.59465923787332,0.415115919746452,6.25044503101233,4.09284766965907e-10,1.26893693381539e-08
"ENSMUSG00000003882",159.585592257482,1.76770586015852,0.282924601969824,6.24797507127732,4.1580801798567e-10,1.28432409007469e-08
"ENSMUSG00000040026",1924.93566981439,8.24034095712588,1.32086835235589,6.23857853996464,4.41564908313939e-10,1.36132642051917e-08
"ENSMUSG00000036469",284.198987636536,2.07956496607078,0.333719620654739,6.23147348061462,4.62068223531064e-10,1.41922185895372e-08
"ENSMUSG00000020676",493.636222076927,2.11079158872501,0.338814765974305,6.22992797452367,4.66649665980718e-10,1.4306244787785e-08
"ENSMUSG00000056427",1337.83740019885,1.76667882907169,0.2837543437273,6.22608558468284,4.78232892177257e-10,1.46069538106015e-08
"ENSMUSG00000020573",297.889126430681,1.114684357837,0.179122462150995,6.22302945399081,4.87645788080101e-10,1.48393948413359e-08
"ENSMUSG00000040447",258.776001734279,1.22346298341605,0.196636862310148,6.2219411408545,4.91041262946808e-10,1.49151518669618e-08
"ENSMUSG00000020227",185.738538288091,1.46546722903823,0.235777193676539,6.21547489893656,5.11696532877821e-10,1.55139226901797e-08
"ENSMUSG00000042118",23.5932772542512,8.06503911173546,1.29764421810646,6.2151389411684,5.12792552168231e-10,1.55185731366647e-08
"ENSMUSG00000114608",123.463431421153,2.92347791744319,0.471006055715762,6.20687968225917,5.40469443413826e-10,1.62962425767799e-08
"ENSMUSG00000042102",36.4340335647025,5.52714102548877,0.891109707986302,6.20253710172096,5.55600806254494e-10,1.66533672398455e-08
"ENSMUSG00000026536",324.647623394045,3.17031925057157,0.511141938974437,6.20242443211087,5.55998845418966e-10,1.66533672398455e-08
"ENSMUSG00000059108",65.1643077163635,4.38032838663779,0.706586120970687,6.19928449856929,5.67204219068279e-10,1.69471561860637e-08
"ENSMUSG00000013974",49.672037295137,3.72075813548432,0.600232813153027,6.19885826624364,5.68742185507106e-10,1.69623235507309e-08
"ENSMUSG00000074342",100.503527025381,3.00784880504883,0.485736066627781,6.19235220874331,5.92729184063533e-10,1.76457514597431e-08
"ENSMUSG00000086320",48.5280572491218,3.62336717960717,0.585287060123713,6.19075224188502,5.98777633227417e-10,1.77936393065396e-08
"ENSMUSG00000051506",655.499721419784,1.5353012514583,0.248042819275979,6.18966215567034,6.02932999344622e-10,1.78848395823613e-08
"ENSMUSG00000071005",61.0129148351201,3.30222392145932,0.533670685130153,6.18775588292612,6.10267360862786e-10,1.80698409386404e-08
"ENSMUSG00000020684",68.6640990366576,1.90018264324965,0.307917021150166,6.17108673028818,6.78222038391385e-10,2.00099810359093e-08
"ENSMUSG00000024798",54.6446267702516,3.68373042344319,0.59713342361746,6.16902400325708,6.87127977328596e-10,2.02364720764949e-08
"ENSMUSG00000027074",1184.01338368452,1.23681006843131,0.20071089085095,6.16214727156873,7.17650589259696e-10,2.10976458053257e-08
"ENSMUSG00000028965",58.3896669015969,4.39221765620909,0.712968882071139,6.16046193131167,7.25330509326938e-10,2.12854120767369e-08
"ENSMUSG00000048120",1169.89376866595,1.22940604499795,0.199723154303438,6.15555091389212,7.48169545170426e-10,2.18776469309782e-08
"ENSMUSG00000019843",484.450738958753,1.05461858600665,0.171538366005408,6.14800414954055,7.84639815806161e-10,2.28224828403124e-08
"ENSMUSG00000027347",176.090279198772,2.20441062676007,0.358920225012254,6.14178436638618,8.15995829071059e-10,2.36926619647211e-08
"ENSMUSG00000006403",834.446154952712,2.79646086762861,0.45573754508448,6.13612132199954,8.45605887636544e-10,2.4466097940528e-08
"ENSMUSG00000047592",117.44487726672,2.54034596071034,0.414878060683105,6.12311472081125,9.17635745665277e-10,2.64109043372158e-08
"ENSMUSG00000087006",1034.56219683129,1.40536692280755,0.229561457359456,6.12196376069774,9.2429048708627e-10,2.65560109753949e-08
"ENSMUSG00000038530",392.617049537924,1.0956102283522,0.179227273598958,6.11296599201613,9.77962179228238e-10,2.79517211052682e-08
"ENSMUSG00000033420",1937.43881817866,1.15492926278402,0.188991784454701,6.11100247619937,9.90072297646104e-10,2.82488045687137e-08
"ENSMUSG00000036103",1062.10138328987,1.25720931091165,0.207262604830226,6.06577974807112,1.31314984771067e-09,3.70177841487342e-08
"ENSMUSG00000051682",29.2597767444154,4.35001165749058,0.718363091465124,6.05544982638041,1.4002581541759e-09,3.93386518638189e-08
"ENSMUSG00000015437",97.8794318209301,4.36698600425545,0.721160305623646,6.05549968599417,1.39982447780869e-09,3.93386518638189e-08
"ENSMUSG00000079105",269.380936086722,1.72195068532145,0.284423162987892,6.05418583786283,1.41129610687377e-09,3.95812058048772e-08
"ENSMUSG00000021886",143.773139131141,2.72170923796924,0.449787533718804,6.05109976140597,1.43860320639366e-09,4.02100587213223e-08
"ENSMUSG00000067586",353.608260611979,1.04386347063908,0.172542040875482,6.04990798383102,1.44928588906433e-09,4.0439989138417e-08
"ENSMUSG00000025473",278.349703836596,2.67569564212573,0.442315328658258,6.04929440325372,1.4548159235916e-09,4.05256083757843e-08
"ENSMUSG00000002289",579.192022151388,2.42602192725355,0.401060698365089,6.04901436900487,1.4573466258609e-09,4.05275295634256e-08
"ENSMUSG00000028931",249.697375077822,1.37712819289891,0.227767236734716,6.04620845667487,1.48294203464885e-09,4.11697718658079e-08
"ENSMUSG00000032322",151.40661093762,2.35575848684456,0.389812018481148,6.0433192799531,1.50975467210767e-09,4.18435878230785e-08
"ENSMUSG00000020828",238.22497926407,1.19601484189469,0.198134129807948,6.03638980853018,1.57600282261013e-09,4.33875158338304e-08
"ENSMUSG00000024066",8853.35768791485,2.46439654718145,0.408509395356048,6.03265573618823,1.61286779834654e-09,4.42544042736319e-08
"ENSMUSG00000120140",98.5000719379154,2.07607922663754,0.344227665558889,6.03112252255151,1.62824676331108e-09,4.46020407061403e-08
"ENSMUSG00000000682",547.143456316141,2.19062344767327,0.363242908042925,6.03073975890095,1.63210832586192e-09,4.46262399787496e-08
"ENSMUSG00000031617",251.658869450237,1.57689344121895,0.261904522574888,6.02087136837457,1.73480586820921e-09,4.72067917493028e-08
"ENSMUSG00000023367",3286.08395222648,1.55869678609245,0.259249192382683,6.01234963074301,1.82853418077896e-09,4.96751785778284e-08
"ENSMUSG00000056917",532.011485871404,1.26991746497396,0.211236546046815,6.01182649849104,1.83444599324155e-09,4.97536810325135e-08
"ENSMUSG00000032508",868.804252617673,1.06879244337548,0.177943253826227,6.00636675116229,1.89726762565942e-09,5.12885335323991e-08
"ENSMUSG00000044583",151.738402898547,1.60657515503172,0.267513044837751,6.00559556266172,1.90630842938306e-09,5.14484519228415e-08
"ENSMUSG00000032915",47.3801937272794,3.29541143920502,0.549479164264942,5.9973364842931,2.00580167877394e-09,5.40433706347204e-08
"ENSMUSG00000023484",361.865314947306,1.16055040972587,0.193609859957718,5.99427327709097,2.04397407097833e-09,5.48938746011684e-08
"ENSMUSG00000036594",6070.21246269742,1.99453775060465,0.333054389506231,5.98862472151065,2.11622825131761e-09,5.67418008166806e-08
"ENSMUSG00000057777",618.051518863844,1.51818422006603,0.253549358078799,5.98772653801872,2.12794443459303e-09,5.69631694743171e-08
"ENSMUSG00000021614",1736.28482897791,1.7447625460605,0.291554683813661,5.98434065005662,2.1726817622189e-09,5.80663309276131e-08
"ENSMUSG00000029771",367.479624577369,1.91874012197843,0.320875186568725,5.97970862906682,2.23537097942995e-09,5.96449148044657e-08
"ENSMUSG00000040907",112.102950165362,2.21034827541158,0.369897076963941,5.97557648617767,2.29277934604395e-09,6.09790409917957e-08
"ENSMUSG00000015968",388.379532178809,1.18656752212732,0.198984683681845,5.96310982419391,2.474819617611e-09,6.57144441366612e-08
"ENSMUSG00000050721",833.482423324345,1.41117138085674,0.236999117248429,5.95433180190925,2.61136534155478e-09,6.92285146827962e-08
"ENSMUSG00000031304",485.056013744221,2.2128121211059,0.372142092281424,5.94614843900139,2.74525217515306e-09,7.23121384952717e-08
"ENSMUSG00000055447",2442.68287892984,1.1404348939561,0.191938100129684,5.94168064175667,2.82114624165537e-09,7.41925408568249e-08
"ENSMUSG00000100291",50.6159517391088,4.45544174699492,0.750075376302154,5.93999201648253,2.850359573196e-09,7.48412594155115e-08
"ENSMUSG00000025422",165.226600661901,1.39820285723026,0.235558068111434,5.93570353348636,2.92588094548896e-09,7.67018758050713e-08
"ENSMUSG00000026011",94.5921419162327,4.29787475812841,0.724399785795968,5.93301494892896,2.97421758505902e-09,7.78450621666561e-08
"ENSMUSG00000068349",27.2352810169279,8.55730059547369,1.44565309894732,5.91933196262978,3.23251918787675e-09,8.42040559968592e-08
"ENSMUSG00000035186",440.507144331048,3.81331849653855,0.64426685039643,5.91884945530278,3.24201544972167e-09,8.4318010029649e-08
"ENSMUSG00000121828",63.2885413791528,2.0943622277431,0.354785196612291,5.90318380738928,3.56552640797605e-09,9.25855855749364e-08
"ENSMUSG00000024696",122.326209008088,1.69803007852922,0.287739459080263,5.90127639760234,3.60700036594318e-09,9.33679984662305e-08
"ENSMUSG00000035711",191.537984829143,1.58319603366137,0.268279759626504,5.90128765533962,3.60675420997358e-09,9.33679984662305e-08
"ENSMUSG00000046245",96.2324175123974,2.83347575771063,0.480415315074564,5.89797133605296,3.67997880789667e-09,9.51004105742089e-08
"ENSMUSG00000042265",51.7225206270451,6.43610422484545,1.09128595665074,5.89772477655484,3.6854802858741e-09,9.51004105742089e-08
"ENSMUSG00000006369",3287.67040419588,1.10069885578001,0.186865041649148,5.8903412113147,3.8539903159954e-09,9.92930243696905e-08
"ENSMUSG00000019564",325.483429477163,1.58012819674082,0.268320210936006,5.8889644996503,3.88622907967347e-09,9.96557466334336e-08
"ENSMUSG00000008398",618.14440241201,1.11927363774558,0.190256256899584,5.88297938782808,4.02946124706163e-09,1.03167994572901e-07
"ENSMUSG00000018334",1232.86843282215,1.04421223117087,0.177563910000869,5.88076840144912,4.08366227166967e-09,1.04393372637419e-07
"ENSMUSG00000064267",331.94559294934,1.60865941034139,0.274018224032433,5.87062928395226,4.34144074691853e-09,1.10569504517031e-07
"ENSMUSG00000020399",104.952598134182,1.67715661210285,0.285866526664609,5.86692199213153,4.43959414421363e-09,1.12791725920045e-07
"ENSMUSG00000026158",379.034742070182,1.51124084924811,0.257618001324012,5.86620826759457,4.45873688913292e-09,1.13103521426495e-07
"ENSMUSG00000046688",1874.22203038212,2.40155499263286,0.409514356475367,5.86439755934984,4.50766284145982e-09,1.14168697475312e-07
"ENSMUSG00000027435",1031.4384296509,1.23981130914799,0.211469620423217,5.86283413507216,4.55032707502155e-09,1.14895758644294e-07
"ENSMUSG00000135122",381.34485242687,1.52856174709958,0.261103596322882,5.85423475059819,4.79211351924673e-09,1.20815566412495e-07
"ENSMUSG00000028766",169.024336509407,2.5963374277834,0.44379265694367,5.85033886244077,4.90572524912963e-09,1.22926871805816e-07
"ENSMUSG00000074934",5247.46514549546,2.45545190915226,0.419705108388415,5.85042178443031,4.90328000606437e-09,1.22926871805816e-07
"ENSMUSG00000002204",211.306811892538,2.10688253916382,0.360104714070712,5.85074967596814,4.89362259566834e-09,1.22926871805816e-07
"ENSMUSG00000016918",757.014059396368,1.84977687090427,0.316177162367108,5.85044427957934,4.90261686293945e-09,1.22926871805816e-07
"ENSMUSG00000091649",83.3631433885644,3.39475029229347,0.581153719926499,5.84139819792055,5.17645076588433e-09,1.29513539450993e-07
"ENSMUSG00000025915",259.969763401117,1.37355997935754,0.235613521140414,5.82971627735647,5.55216944999119e-09,1.38703134529901e-07
"ENSMUSG00000058755",33.6945040662518,4.37641888621263,0.750813987600577,5.82889897962426,5.5794264361007e-09,1.39172874875039e-07
"ENSMUSG00000117310",5150.58466530401,1.09238912108195,0.187456696399423,5.82742117013705,5.62904244145067e-09,1.40198072183967e-07
"ENSMUSG00000024371",346.89375188099,2.62518263673854,0.450682760146187,5.82490139158422,5.71463313750422e-09,1.4211481169597e-07
"ENSMUSG00000036040",189.641509405986,4.14321062541892,0.71196297763052,5.81941864337934,5.90526583497334e-09,1.46413240122238e-07
"ENSMUSG00000031490",395.330892271779,1.11261234780481,0.191206384898511,5.81890792190528,5.92333511551096e-09,1.46495737124402e-07
"ENSMUSG00000001281",305.89458950173,2.00295776990735,0.344220508107845,5.81882172249835,5.92639014303904e-09,1.46495737124402e-07
"ENSMUSG00000073421",6163.47167936532,1.97399089250494,0.33929882174422,5.81785366172898,5.96080500834407e-09,1.47125536510298e-07
"ENSMUSG00000004207",21818.7013396146,1.07070003020496,0.184161070954893,5.8139324703819,6.10220390610993e-09,1.50390094171089e-07
"ENSMUSG00000026737",637.736026204703,1.36987647567354,0.235664673181022,5.81282063697894,6.14288701792353e-09,1.5116644092089e-07
"ENSMUSG00000029659",545.98623926355,1.24639200676643,0.21449970084869,5.81069345008389,6.22145946545576e-09,1.52871473402684e-07
"ENSMUSG00000030047",154.132171983764,1.89573960184335,0.326505367402583,5.80615141773732,6.39251557094628e-09,1.56374418788244e-07
"ENSMUSG00000040249",12292.8551220368,1.21141679081874,0.208799572502734,5.80181643237262,6.56003571559577e-09,1.60234225498299e-07
"ENSMUSG00000034438",471.318673889594,3.44883871043755,0.594653997333035,5.79974022861237,6.64177272080892e-09,1.61990376744707e-07
"ENSMUSG00000055235",36.3541561437361,2.81329855310457,0.485286566831029,5.79719024879608,6.74351767211205e-09,1.64228596798788e-07
"ENSMUSG00000056025",278.700894332761,2.09684303814678,0.361763117449765,5.7961769373517,6.78436858488537e-09,1.64736076715292e-07
"ENSMUSG00000079017",551.441991584754,2.73945472920791,0.472936084087494,5.79244177253581,6.93703800248168e-09,1.67947730345376e-07
"ENSMUSG00000020176",734.643223631007,1.22117161367824,0.210831063918661,5.79218067290774,6.94783412127529e-09,1.67962104461902e-07
"ENSMUSG00000023947",259.563562972468,1.49771108677324,0.258665703477722,5.79014174139338,7.03270507912209e-09,1.69764550905553e-07
"ENSMUSG00000121091",43.7490199463047,2.20151064486711,0.380711145694313,5.78262724841468,7.35429001636634e-09,1.77267461990394e-07
"ENSMUSG00000016534",4913.97398057693,1.01103387128206,0.174880468298423,5.78128524654219,7.4132070549042e-09,1.78165879919544e-07
"ENSMUSG00000006800",1414.20325601878,1.2153040626044,0.210259807236332,5.78001130400732,7.46956064139687e-09,1.79123460800224e-07
"ENSMUSG00000050578",628.508312399037,3.52086780526892,0.609595791544856,5.77574165390188,7.66148525560812e-09,1.83329988027727e-07
"ENSMUSG00000037318",111.460779006384,2.03616367266013,0.352567846921606,5.77523926370087,7.68438101322201e-09,1.83610979130151e-07
"ENSMUSG00000078771",210.19860228848,1.92747752217062,0.333783873899579,5.77462745474191,7.7123532404535e-09,1.84012277387806e-07
"ENSMUSG00000020709",169.809732371175,1.3787327645375,0.239280531809727,5.7619930635805,8.31264155194274e-09,1.98047782734636e-07
"ENSMUSG00000045092",487.191319996995,1.2728840430785,0.22097151691439,5.76039871949489,8.3915470779522e-09,1.99638785468681e-07
"ENSMUSG00000032020",173.692926149152,1.56309524589962,0.271381251277647,5.75977610295723,8.4225582352476e-09,2.00087411582801e-07
"ENSMUSG00000053862",324.091138233349,2.69190885679827,0.467796267314146,5.75444706357721,8.69258379535355e-09,2.05612079055899e-07
"ENSMUSG00000058908",157.686939476509,4.06596538916665,0.706649205609531,5.75386677985364,8.72249029626271e-09,2.06023468791066e-07
"ENSMUSG00000034361",575.029762155821,1.5123763642244,0.263027884748764,5.74987083848154,8.93116521331392e-09,2.10650104450984e-07
"ENSMUSG00000029163",2555.284610455,1.33425053950241,0.232159196005197,5.74713628605324,9.07675684254736e-09,2.13777750928265e-07
"ENSMUSG00000029553",44.8852377852509,2.25297308046481,0.392468964903114,5.74051270785445,9.43903372029751e-09,2.21675908897657e-07
"ENSMUSG00000031387",209.893794262094,1.31953912872252,0.229899189617631,5.73964236636581,9.48766956468892e-09,2.22500718010646e-07
"ENSMUSG00000039934",261.241339378622,1.78600511081928,0.311191978333935,5.73923891091675,9.51029774554642e-09,2.22714127716829e-07
"ENSMUSG00000069806",203.820603193968,1.07182021228453,0.187121975685204,5.72792270047243,1.0166787028841e-08,2.37412503341574e-07
"ENSMUSG00000045763",327.595272146237,1.27572400901262,0.2233402557896,5.71202000509226,1.11642960160943e-08,2.59601419933561e-07
"ENSMUSG00000040751",111.542013909577,1.69231489472275,0.296661470378692,5.70453214757715,1.16663075514438e-08,2.70510452421716e-07
"ENSMUSG00000055994",100.801434339669,2.30005955579105,0.403377890771667,5.70199708117619,1.18411856455387e-08,2.74046640305456e-07
"ENSMUSG00000021298",156.564566199451,2.51358503607142,0.441252157740695,5.69648214060077,1.22304696577739e-08,2.82398628297238e-07
"ENSMUSG00000018920",864.754744033823,1.59399282372042,0.280030716907442,5.69220705972509,1.25407639642814e-08,2.88753282718832e-07
"ENSMUSG00000024411",5953.78193962175,2.13096526257035,0.375231466883577,5.67906865665807,1.3543011538325e-08,3.10095408839283e-07
"ENSMUSG00000031662",211.928391984051,1.96550002246331,0.346139796879522,5.67834164167903,1.36006863702055e-08,3.10983471823184e-07
"ENSMUSG00000040990",770.393501982906,1.24970118768473,0.22032459117125,5.67209125881636,1.41064791835439e-08,3.22101202217313e-07
"ENSMUSG00000038296",193.914089672403,1.08738834124206,0.191737235891558,5.67124239684495,1.41765645789836e-08,3.23253161584221e-07
"ENSMUSG00000031264",135.977521721007,1.78384145058939,0.314710475200072,5.6681985226432,1.44306708513694e-08,3.2859216352157e-07
"ENSMUSG00000036560",314.967006457383,1.21081431957592,0.213788162152703,5.66361723391901,1.48214825990562e-08,3.3521324961524e-07
"ENSMUSG00000000318",293.659863775443,2.4873056646856,0.439174218230124,5.66359672639589,1.48232549182952e-08,3.3521324961524e-07
"ENSMUSG00000023032",146.193501305817,1.84376156041405,0.325600713562683,5.66264594521259,1.4905650571942e-08,3.36614163739206e-07
"ENSMUSG00000028970",108.630531904551,1.52124305101639,0.268775030482521,5.6599121141773,1.51450534853448e-08,3.41084836565295e-07
"ENSMUSG00000035448",47.1353398002834,6.36159968813988,1.1245004509966,5.65726735147313,1.53802087482305e-08,3.45435711626356e-07
"ENSMUSG00000026285",22.7585341238216,3.88772834521459,0.687373893197239,5.65591504665864,1.55018134039813e-08,3.47692580476492e-07
"ENSMUSG00000043613",1037.22945995836,5.22383637388744,0.923881838907711,5.65422563134642,1.5655044988131e-08,3.49700143337315e-07
"ENSMUSG00000068758",141.354221043962,1.93039249280698,0.341501569246186,5.65266068050004,1.57982994210649e-08,3.52421955784542e-07
"ENSMUSG00000024065",274.381183661858,1.32571712313993,0.234612581481679,5.65066508695937,1.59828224849228e-08,3.56055759904308e-07
"ENSMUSG00000099974",98.8044036032783,3.0248423804834,0.536464391278083,5.63847746404372,1.71560267326811e-08,3.81675227162335e-07
"ENSMUSG00000062939",86.0964466859972,2.89115924498061,0.513736442043408,5.62770909044511,1.8261873354642e-08,4.03668729803645e-07
"ENSMUSG00000139315",106.632815238795,4.16722268964779,0.740489603824377,5.6276586033423,1.82672176215584e-08,4.03668729803645e-07
"ENSMUSG00000039264",278.390538391065,2.09272989496615,0.371888004295586,5.62731217676706,1.83039292788918e-08,4.03937785145303e-07
"ENSMUSG00000031506",134.659227860045,1.82231269973245,0.323977242526548,5.62481699492555,1.85704741717331e-08,4.0927137388118e-07
"ENSMUSG00000047898",30.9766470845459,3.81433279328743,0.678868946153922,5.61865852738917,1.92445772868201e-08,4.21868809418002e-07
"ENSMUSG00000022181",64.1437334718466,4.46051570829633,0.794748804937789,5.61248495195345,1.99441558839057e-08,4.36623189250984e-07
"ENSMUSG00000042129",653.427639506305,1.68471207443994,0.300636997230813,5.60380821375256,2.09692724748968e-08,4.57847656172715e-07
"ENSMUSG00000030560",3944.84629989576,1.45915252045312,0.260458383679668,5.60224823574002,2.11589236850593e-08,4.61376636592226e-07
"ENSMUSG00000078122",110.601259147055,2.47367330605243,0.441603170770516,5.60157505603125,2.12412775225445e-08,4.62559724674141e-07
"ENSMUSG00000022651",248.501381876789,7.38966850217139,1.31930813171725,5.60116952553971,2.12910384312047e-08,4.6303086617295e-07
"ENSMUSG00000005057",63.6568463301582,2.42639264826991,0.433381349778997,5.59874726844441,2.15906283708584e-08,4.68308978747618e-07
"ENSMUSG00000031709",423.468051996569,1.43646247426448,0.256592660975426,5.5982211993275,2.16562325435324e-08,4.6911388995286e-07
"ENSMUSG00000053338",34.7908907775055,7.76811057243716,1.38786927588315,5.59714859851916,2.17905927344633e-08,4.71404110627423e-07
"ENSMUSG00000122203",129.853193668202,2.32045759953877,0.414805416419014,5.59408702897642,2.21785691955104e-08,4.79167696411664e-07
"ENSMUSG00000072620",684.703724455455,1.97724679577298,0.353793171627066,5.58870818981548,2.28764999799579e-08,4.92308260353002e-07
"ENSMUSG00000042677",1028.76913359689,2.39901227186855,0.429711818966818,5.58283986146027,2.36622603722677e-08,5.07744640016258e-07
"ENSMUSG00000022667",59.2999367421444,2.14684587441452,0.384555866336376,5.58266317678963,2.36863198403988e-08,5.07744640016258e-07
"ENSMUSG00000100510",542.261829929883,1.03941009593724,0.186481993259964,5.57378263588301,2.49266718743755e-08,5.30876842261117e-07
"ENSMUSG00000046207",77.0761266829347,1.91367115563963,0.343396523119984,5.57277382500167,2.50714978616676e-08,5.32583315221464e-07
"ENSMUSG00000060802",13300.5034036493,1.81617218105613,0.32607176668346,5.5698541444688,2.54952673295219e-08,5.40887353151957e-07
"ENSMUSG00000038517",198.822275612394,1.69306621521657,0.304094503379394,5.56756599149793,2.58322259212843e-08,5.47330676115962e-07
"ENSMUSG00000018459",51.2389521733733,2.74042759183688,0.492478026079306,5.56456825831165,2.62802246923301e-08,5.55393246610822e-07
"ENSMUSG00000002257",109.497162422396,1.79412094608543,0.322755427655854,5.5587630519988,2.71693242692599e-08,5.73446904416444e-07
"ENSMUSG00000116929",78.6029140772677,1.69204180138557,0.304454133349685,5.55762466670851,2.73470652730292e-08,5.76459328540179e-07
"ENSMUSG00000035273",1250.69699307808,1.15710519189048,0.208354479035991,5.55354124012185,2.79939581697489e-08,5.87837414985429e-07
"ENSMUSG00000025355",597.574953248676,1.47049004424881,0.264916688457869,5.55076410175897,2.84423670341983e-08,5.96492596794913e-07
"ENSMUSG00000015451",49.0531439882214,2.15491281980235,0.388334967113975,5.54910837882361,2.8713015142887e-08,6.014025041951e-07
"ENSMUSG00000000791",65.497201916453,3.83548735988678,0.691297114119227,5.54824731877193,2.8854751889384e-08,6.02837284714376e-07
"ENSMUSG00000026430",280.037318643615,1.59442906448189,0.287678535849893,5.54239842667248,2.98356477205348e-08,6.21752238510334e-07
"ENSMUSG00000035692",460.627476656443,3.13262248390763,0.565743895106915,5.53717417192037,3.07390828264523e-08,6.37122161980878e-07
"ENSMUSG00000102037",51.4474751404155,2.93237415647538,0.529654442141462,5.53639113196032,3.08767615147655e-08,6.38598146755759e-07
"ENSMUSG00000020340",449.209267618522,1.31383864994321,0.237595028237681,5.52973965696325,3.20706386425653e-08,6.60799654533857e-07
"ENSMUSG00000026390",50.5428930114615,7.57937736763337,1.370891975415,5.52879256977119,3.22442327043234e-08,6.63546003764095e-07
"ENSMUSG00000004266",739.969295488672,1.19270492714136,0.215794817063285,5.52703231418009,3.25692990616842e-08,6.69398714672294e-07
"ENSMUSG00000026581",324.620198427994,2.86116869077479,0.51781777182375,5.52543548418159,3.28669339360576e-08,6.73833540958053e-07
"ENSMUSG00000039521",50.8898288768424,3.55004388839667,0.6430210526496,5.52088282921458,3.37300653905185e-08,6.9066923697028e-07
"ENSMUSG00000017493",8521.22667328821,2.41219140575141,0.437005418337003,5.51982036042221,3.3934639490085e-08,6.93484447182473e-07
"ENSMUSG00000055782",98.1184855767234,1.76745316067835,0.320206363794285,5.51973152480454,3.39517988476628e-08,6.93484447182473e-07
"ENSMUSG00000038886",1512.84951124216,1.09381855563296,0.198408716194682,5.5129561675087,3.52856133505006e-08,7.19835257235802e-07
"ENSMUSG00000050762",20.2285621413129,4.75081072227352,0.862349398898559,5.50914829689859,3.60574045252106e-08,7.32855618146348e-07
"ENSMUSG00000031207",3594.9427733253,1.28507539766808,0.233274263464079,5.50886059432771,3.61163776319586e-08,7.33149105986355e-07
"ENSMUSG00000029379",30.8036941424934,5.95813737177914,1.08172670085718,5.50798770803922,3.62958743844542e-08,7.35885443339001e-07
"ENSMUSG00000014158",83.9644730570522,1.59004705255675,0.288755339032565,5.50655464201627,3.65924420235244e-08,7.40985698687925e-07
"ENSMUSG00000064262",319.878412559687,1.38609067458561,0.251729002718357,5.50628119770695,3.66492966798028e-08,7.41225271793113e-07
"ENSMUSG00000073491",108.092799330232,3.30320619715795,0.600119651204751,5.50424601248551,3.70751532901533e-08,7.48918096461096e-07
"ENSMUSG00000025887",496.814144224603,1.56573683284437,0.284629343130155,5.50096773447702,3.7771233348601e-08,7.62043890463258e-07
"ENSMUSG00000033467",183.340866675884,1.96440926304139,0.357123522652255,5.50064372252009,3.78407153621479e-08,7.62511257046561e-07
"ENSMUSG00000027848",847.545470013715,1.73964740610156,0.31669080506958,5.49320465972905,3.94704931220618e-08,7.93374493929372e-07
"ENSMUSG00000046908",51.3774775847648,2.62425392969759,0.477745367054223,5.49299712915844,3.95169218867816e-08,7.93374493929372e-07
"ENSMUSG00000020253",276.617458687508,1.25964443935971,0.229716868025039,5.48346514641847,4.17074478578612e-08,8.33288487965983e-07
"ENSMUSG00000026070",74.2449501550781,2.29530858706751,0.418604907984341,5.48323381615339,4.17620462760586e-08,8.33367961021518e-07
"ENSMUSG00000026442",208.633209685003,1.83345877646354,0.334521812471419,5.48083475608991,4.23323724971347e-08,8.427059835796e-07
"ENSMUSG00000079014",21.17037107914,6.88471128959529,1.25835676966952,5.47119183965881,4.47019088082173e-08,8.87729221603958e-07
"ENSMUSG00000069607",101.859277700121,2.55597154483071,0.467152769306903,5.47138262419574,4.46538044887713e-08,8.87729221603958e-07
"ENSMUSG00000030247",749.497457630867,1.79486965807186,0.328227628025942,5.46836861012201,4.54196562032033e-08,8.99812033782595e-07
"ENSMUSG00000026921",365.29939001574,1.05929900748425,0.193965716620133,5.46126926934624,4.72742370822764e-08,9.35427602266245e-07
"ENSMUSG00000021069",328.430724681938,1.76221680684859,0.322703833773159,5.46078671035352,4.74029274552882e-08,9.36848012840828e-07
"ENSMUSG00000006519",1216.1448077032,1.33949350364054,0.245497014059866,5.45625171357031,4.86290444503762e-08,9.59928008137343e-07
"ENSMUSG00000035208",180.691643457941,2.70913422183443,0.49657915255993,5.45559395288443,4.88094151018845e-08,9.62334611763262e-07
"ENSMUSG00000104876",34.5770461192283,3.86425039852462,0.708435947715431,5.45462213060486,4.90770948807804e-08,9.66454800265895e-07
"ENSMUSG00000045027",23.8018085721398,8.21476759284402,1.50619919349949,5.45397157845897,4.9257078183e-08,9.68840236710548e-07
"ENSMUSG00000002384",70.2667280353385,2.842709747754,0.521887412230565,5.44697894820678,5.12325241281677e-08,9.99337730713299e-07
"ENSMUSG00000040061",180.634514675476,1.69857215144267,0.311836495229429,5.4469960297398,5.12276062321879e-08,9.99337730713299e-07
"ENSMUSG00000016194",267.479855610534,2.09259277172007,0.384289213457055,5.44535911610727,5.17009704665364e-08,1.00728174768117e-06
"ENSMUSG00000035042",119.940381505852,3.11515928250494,0.572444523352233,5.44185358654946,5.27290066943987e-08,1.02367645897392e-06
"ENSMUSG00000073400",42.4986807864982,6.87014173880663,1.26370610488957,5.43650276929458,5.43364951366417e-08,1.05116535773741e-06
"ENSMUSG00000029070",1750.48086941139,1.23756011581667,0.227655921174136,5.43609895773391,5.44597167162814e-08,1.05231257781707e-06
"ENSMUSG00000032640",313.315751827004,1.29679376575442,0.238565514111211,5.43579725085452,5.45519581450274e-08,1.05285918750479e-06
"ENSMUSG00000034041",117.918422899153,1.12087030156478,0.206419098891964,5.43007070363884,5.63317299174505e-08,1.08339867947545e-06
"ENSMUSG00000049608",100.249958184638,1.87472193102529,0.345344167046524,5.42856115700003,5.68101794901296e-08,1.09132553669312e-06
"ENSMUSG00000003363",947.200474167693,1.00287935056121,0.18476117021308,5.42797682762355,5.69964373968441e-08,1.09362744622872e-06
"ENSMUSG00000034612",354.809968925183,1.40482028468068,0.258972029059758,5.42460237802946,5.80836916690722e-08,1.11273887124257e-06
"ENSMUSG00000046318",139.506834928851,2.0001732666702,0.368823360481883,5.42311979386796,5.8567713091733e-08,1.11986092988293e-06
"ENSMUSG00000030790",184.326354442173,1.36062923448317,0.25100137975961,5.42080380508774,5.93316480624448e-08,1.13183884362923e-06
"ENSMUSG00000054676",356.755934110506,1.41369504815229,0.261094169516095,5.41450255581117,6.14593256035929e-08,1.16971662128549e-06
"ENSMUSG00000094686",1872.65150180311,1.69227336893338,0.312789309422516,5.41026600959516,6.29312003390546e-08,1.18991997403461e-06
"ENSMUSG00000028583",683.021773659843,1.44697206804522,0.267488602870343,5.40947185232632,6.32108843787242e-08,1.19339540083364e-06
"ENSMUSG00000033880",3692.43635962506,1.30851320137148,0.24211541276823,5.40450187127938,6.49887451537186e-08,1.22275395596076e-06
"ENSMUSG00000027994",122.164410151938,1.8423499640673,0.341048704957043,5.40201424983963,6.58967138736709e-08,1.23842191838156e-06
"ENSMUSG00000046387",107.481920878413,1.32684180309592,0.245678453374829,5.40072515464585,6.63720488063978e-08,1.24593277023914e-06
"ENSMUSG00000038521",5575.60463991274,1.55779989349076,0.288542735636143,5.39885327577671,6.70681948563392e-08,1.25756684728919e-06
"ENSMUSG00000043157",58.2531385872705,1.94519743446619,0.360345251299788,5.3981492123172,6.73318601413917e-08,1.26107441809753e-06
"ENSMUSG00000042804",371.052583292354,1.11734097940357,0.207004062038317,5.3976765885722,6.75094163511755e-08,1.26296309248796e-06
"ENSMUSG00000027843",119.86015039065,2.01265251743049,0.372910798386966,5.39714196031935,6.77108132844839e-08,1.26529298422527e-06
"ENSMUSG00000040247",108.694449074797,1.60122318946871,0.296769911015551,5.39550382311099,6.83315375710634e-08,1.27544456126124e-06
"ENSMUSG00000026880",4752.44992942933,2.03290314597477,0.376827010516257,5.39479148055142,6.86031753885866e-08,1.27761773350939e-06
"ENSMUSG00000021262",370.559668323514,1.46338075386241,0.271272309852207,5.39450839881035,6.87114132263073e-08,1.27818756603921e-06
"ENSMUSG00000032796",278.37945428653,2.66680113910798,0.494470018505561,5.39325143952684,6.91940197060517e-08,1.28571235487667e-06
"ENSMUSG00000037033",10754.2573554257,2.76935267208161,0.513692543881696,5.39107040790413,7.0039223962391e-08,1.29995010607987e-06
"ENSMUSG00000071356",21543.8020590712,16.5271655649002,3.06658810315595,5.38943118832667,7.06810363649876e-08,1.3103850244108e-06
"ENSMUSG00000129427",30.1201795062032,2.31979363108386,0.430538853061583,5.38811680894232,7.11997741382281e-08,1.31703582206478e-06
"ENSMUSG00000051212",83.7213148016973,1.72396897879511,0.320067761091099,5.38626249928505,7.19378781770246e-08,1.32919560990837e-06
"ENSMUSG00000035385",252.476898688004,3.6028711402448,0.669109888323074,5.38457315176485,7.26167671563835e-08,1.3402352440533e-06
"ENSMUSG00000070427",533.814788680462,3.15570928766556,0.586357760709819,5.3818837220563,7.37103754634302e-08,1.35889575728382e-06
"ENSMUSG00000052353",496.454639524976,4.90866503727375,0.91216838135625,5.38131460989181,7.3943831162015e-08,1.3616748237363e-06
"ENSMUSG00000022676",153.232800609683,2.09582530535324,0.389587444403191,5.37960176967159,7.46507852149909e-08,1.37162486271696e-06
"ENSMUSG00000044309",447.629591017134,3.11265347253378,0.578731312822358,5.37840860442471,7.51471134080106e-08,1.37766918489541e-06
"ENSMUSG00000040428",186.147115709503,1.07481589566475,0.199987844277253,5.3744061272778,7.68354996840332e-08,1.40393211020892e-06
"ENSMUSG00000034330",341.950103917843,1.34763442749053,0.250773687512515,5.37390681158793,7.7048688696934e-08,1.40533273105775e-06
"ENSMUSG00000024778",305.01914085246,1.48756545846626,0.276968026338797,5.37089236663953,7.83479641932909e-08,1.42681696295813e-06
"ENSMUSG00000045573",473.045261853188,1.5961146326226,0.297234366034339,5.36988590490983,7.87864716719645e-08,1.43321732943155e-06
"ENSMUSG00000079547",715.335498565001,1.94712179977163,0.362957553407687,5.36459919759419,8.11291641572085e-08,1.47257930487334e-06
"ENSMUSG00000032661",397.692359745944,3.32914072824872,0.620986983628364,5.36104751954202,8.27407469397648e-08,1.50017722122175e-06
"ENSMUSG00000060586",5068.37135694783,1.79818964223847,0.335523843022488,5.35934980369769,8.35219981071424e-08,1.51101390641526e-06
"ENSMUSG00000026833",544.745934581844,1.03927285839084,0.194115548482676,5.35388775661932,8.60842714639716e-08,1.55565901329458e-06
"ENSMUSG00000040710",283.247969658415,1.5307242162877,0.285932211889374,5.35345145680869,8.62921928261782e-08,1.557706546598e-06
"ENSMUSG00000048534",257.333023919913,1.9702849033583,0.368099422572237,5.35258895433786,8.67046553768927e-08,1.56343783293514e-06
"ENSMUSG00000004791",36.4536169833254,2.58526492845049,0.4833812802786,5.34829343610588,8.87874325053514e-08,1.59924234281794e-06
"ENSMUSG00000062585",84.5035255438642,1.74884482163418,0.327082499254882,5.34680035042591,8.95226696290906e-08,1.60896474902153e-06
"ENSMUSG00000030921",873.905594515801,2.42867545123593,0.454215793504169,5.34696390123132,8.94418460550544e-08,1.60896474902153e-06
"ENSMUSG00000029377",1367.45552167428,2.88276339323947,0.539325270775037,5.34512945980966,9.03524525260083e-08,1.6221073347172e-06
"ENSMUSG00000079484",202.848205722897,1.58666217788289,0.297081973455259,5.34082280196596,9.25256632869503e-08,1.65921535849309e-06
"ENSMUSG00000090958",483.449595259791,1.00991782858241,0.189142591068139,5.33945222426706,9.32278326533147e-08,1.66646016174975e-06
"ENSMUSG00000024014",985.683198948959,1.84096448445094,0.344820316631845,5.33890955855855,9.35072724127103e-08,1.66964232725645e-06
"ENSMUSG00000047747",540.964950836091,1.7754459051336,0.332638642208638,5.33746137654085,9.42569729423408e-08,1.67757031951325e-06
"ENSMUSG00000018169",80.5193282414192,1.65088899080798,0.309294694774942,5.33759233086508,9.41889414064755e-08,1.67757031951325e-06
"ENSMUSG00000050921",132.543050915852,2.46851048101683,0.462573484648534,5.33647206971324,9.47724629646827e-08,1.68492338853949e-06
"ENSMUSG00000016349",210.108970329886,1.06075163796181,0.198838346807913,5.33474380063391,9.5679553496253e-08,1.69921519871501e-06
"ENSMUSG00000027366",6369.65188946369,1.25991929774849,0.236192326953162,5.33429393749246,9.59170414879801e-08,1.70159725648342e-06
"ENSMUSG00000024042",408.392212090243,1.37043414393044,0.257909193820586,5.31363044344894,1.07462446206624e-07,1.89823417585799e-06
"ENSMUSG00000037944",171.143268917526,3.0740353014292,0.579725942532933,5.30256639542153,1.14185915819071e-07,2.00623557324372e-06
"ENSMUSG00000060216",483.367795382138,1.56988225874522,0.29619558892446,5.30015407874827,1.15704993188282e-07,2.02643755623264e-06
"ENSMUSG00000099757",206.371724319303,1.85181253809234,0.3496341248319,5.29642962906629,1.18088816595311e-07,2.06379637750383e-06
"ENSMUSG00000021725",264.943262022524,1.25557833647475,0.237406569088715,5.28872617676202,1.23171117758061e-07,2.13899378866135e-06
"ENSMUSG00000062082",33.2481469630694,3.62146826984086,0.68492029830715,5.2874301999688,1.24046670681631e-07,2.1519287033e-06
"ENSMUSG00000003123",450.734642223157,1.13867604671033,0.215724371823756,5.27838387978069,1.30328213542051e-07,2.25377455834327e-06
"ENSMUSG00000036894",356.565291682547,1.37137537714644,0.259933774895369,5.27586450702091,1.32131690410152e-07,2.28256455322386e-06
"ENSMUSG00000048521",68.1168561077148,2.77595530997592,0.526736687764751,5.27010055395211,1.36349042493721e-07,2.35048616395197e-06
"ENSMUSG00000035356",1469.63772903386,1.71260983460536,0.324994193290882,5.26966287386097,1.36674548540285e-07,2.35363294206978e-06
"ENSMUSG00000030789",577.991161161171,1.82237807183223,0.346056055248017,5.26613548353067,1.39325478508241e-07,2.39677675306287e-06
"ENSMUSG00000026832",527.341805504071,1.68659277430483,0.320352925490588,5.26479591757119,1.40345172253354e-07,2.40928318123771e-06
"ENSMUSG00000001870",1357.21122440075,1.03777409607536,0.197115066457984,5.26481366809454,1.40331613268016e-07,2.40928318123771e-06
"ENSMUSG00000026770",123.558588551066,2.67097176853973,0.507863605011801,5.25923051421979,1.44659457076702e-07,2.48075900193099e-06
"ENSMUSG00000049744",125.260342552691,2.14013465812014,0.407107337523744,5.25692971081691,1.4648026481641e-07,2.50676153812116e-06
"ENSMUSG00000001095",2002.43705020121,1.77767656002716,0.338281508024552,5.25502138857125,1.48007269672663e-07,2.5302634274362e-06
"ENSMUSG00000022665",2014.71456668896,1.32183371373635,0.251721356646821,5.25117825259046,1.5112933705348e-07,2.58095671775046e-06
"ENSMUSG00000049191",127.008951203,1.17872121900937,0.224593311126398,5.24824721225113,1.53553155702476e-07,2.61692091338495e-06
"ENSMUSG00000040594",55.7588522743833,1.93338275330972,0.368454051329421,5.24728319944881,1.5435852826427e-07,2.62792600911549e-06
"ENSMUSG00000021457",1860.75924019773,1.09844494077953,0.209347292593987,5.24699855044165,1.54597114896344e-07,2.62891619814818e-06
"ENSMUSG00000055926",156.002033621828,1.91949269849162,0.365838346373014,5.24683297287397,1.54736062443393e-07,2.62891619814818e-06
"ENSMUSG00000020473",1665.11559436119,1.40576873541057,0.267949950598632,5.24638549949316,1.55112172663779e-07,2.63258937996267e-06
"ENSMUSG00000026117",58.606365231643,2.5679047144984,0.489519678949204,5.24576401098037,1.55636012976475e-07,2.63875971331793e-06
"ENSMUSG00000022508",484.399357849815,1.50186945172723,0.286496350654348,5.24219400455541,1.58678401045315e-07,2.68205597167251e-06
"ENSMUSG00000031539",167.534427812012,1.02343167142426,0.195669103742969,5.23042039773759,1.69124990445764e-07,2.84693733917037e-06
"ENSMUSG00000004933",72.4967523992987,1.34973223668296,0.258373580103931,5.22395608769296,1.75140330367302e-07,2.9451841254718e-06
"ENSMUSG00000053318",168.059911156919,3.26981837358836,0.626166150565839,5.22196603989783,1.77033440521589e-07,2.96792416630033e-06
"ENSMUSG00000039286",2207.78563996281,1.06378544115772,0.203792408266527,5.21994636702298,1.789749531685e-07,2.99742080774468e-06
"ENSMUSG00000001131",226.382071922302,3.17290542720372,0.608575729026627,5.21365752176571,1.85153163326089e-07,3.09145692478439e-06
"ENSMUSG00000072941",1545.20007555852,1.49699930585165,0.287301786260117,5.21054646174841,1.88285219398212e-07,3.14056693713552e-06
"ENSMUSG00000056069",379.337827327391,1.25758603354235,0.241427088335374,5.20896823224489,1.89893619183316e-07,3.16098953752773e-06
"ENSMUSG00000019055",812.234473065949,1.00391614623563,0.192739698250085,5.20866305878006,1.90206155115122e-07,3.16299387036389e-06
"ENSMUSG00000030341",2520.98696728659,1.25661177028265,0.241442046783179,5.20461032792319,1.9440410038652e-07,3.22303595635778e-06
"ENSMUSG00000050370",102.32882572282,2.24265010120109,0.431077267944529,5.20243183291602,1.96697517327229e-07,3.25777789512895e-06
"ENSMUSG00000026582",26.7206651716859,4.73817363472609,0.912225768659611,5.19408001561738,2.05734647467966e-07,3.40061194906137e-06
"ENSMUSG00000038059",265.957651293812,2.1404409975765,0.412351722386961,5.19081376739796,2.09376965779647e-07,3.45734502269842e-06
"ENSMUSG00000041734",961.086078560681,1.00920495703353,0.194466590693681,5.18960585174861,2.10739679533616e-07,3.4763600642905e-06
"ENSMUSG00000016087",194.267300497856,1.3662244071509,0.263410965043333,5.18666490184319,2.14093455373541e-07,3.5246205558146e-06
"ENSMUSG00000022237",62.4009520936544,1.96954024422988,0.380262641030425,5.17942083106791,2.22575846555269e-07,3.65330624311007e-06
"ENSMUSG00000034118",462.000284215625,1.19202371539244,0.230658224697978,5.16792200648065,2.3671104461639e-07,3.87758599753197e-06
"ENSMUSG00000062380",246.235192882348,1.34013845058275,0.259344798071298,5.16740054379007,2.37372204504389e-07,3.88069374653005e-06
"ENSMUSG00000019194",231.592774088473,1.11884927626651,0.216807013785753,5.1605769422762,2.46189952820775e-07,4.00496560601622e-06
"ENSMUSG00000046191",55.7798459334632,1.66732862775145,0.323226419172207,5.15839216367749,2.49079495855674e-07,4.04797210293381e-06
"ENSMUSG00000003153",177.485609396889,1.38260639221388,0.268040291495956,5.1582035838621,2.49330437923511e-07,4.04805424017234e-06
"ENSMUSG00000039783",111.221833956169,2.0650685968202,0.400412448164434,5.15735363944568,2.50464488209772e-07,4.06245996984973e-06
"ENSMUSG00000013707",107.059407829713,2.3577219630395,0.457839896965719,5.14966471612682,2.60952517128158e-07,4.22424905553674e-06
"ENSMUSG00000070436",2859.19274297136,1.14558270412382,0.222546182174964,5.14761786936958,2.63815232254298e-07,4.26639505756631e-06
"ENSMUSG00000029126",311.616552442154,1.3408262028989,0.260497090647093,5.14718302445602,2.6442730012287e-07,4.27209680267204e-06
"ENSMUSG00000054404",1076.56083061903,2.11006149489561,0.410128119890226,5.14488373891649,2.67686538284713e-07,4.31697818036845e-06
"ENSMUSG00000056501",770.529292947577,2.15085448435593,0.418059427389303,5.14485344293654,2.67729740761476e-07,4.31697818036845e-06
"ENSMUSG00000038264",443.81855099003,1.46769199520053,0.28541874460531,5.14224108591788,2.71480431796999e-07,4.37317255251858e-06
"ENSMUSG00000139678",1015.35124686495,1.01964727263278,0.198444652886186,5.13819474499814,2.77390334895174e-07,4.46131297391633e-06
"ENSMUSG00000028525",609.333099379198,1.67936151142934,0.326843290210157,5.13812448268258,2.77494046363987e-07,4.46131297391633e-06
"ENSMUSG00000078780",27.8768650867787,6.27850363259257,1.22206660199618,5.1376116672667,2.78252128147029e-07,4.46478049286993e-06
"ENSMUSG00000024678",450.059333825854,1.29921455225755,0.252942179639413,5.1364092541215,2.80037475496802e-07,4.48034486556574e-06
"ENSMUSG00000071637",1535.81109756142,1.99810325552857,0.389696604352136,5.12733042375462,2.93879477116485e-07,4.69266521025091e-06
"ENSMUSG00000016283",90.5205351182762,2.0173784115265,0.393525283295418,5.12642642585194,2.95293375409446e-07,4.71067329395903e-06
"ENSMUSG00000052949",140.216962511513,1.05777661051723,0.206421024041172,5.12436470766782,2.98542623224751e-07,4.75329517035693e-06
"ENSMUSG00000021281",1361.72709053727,2.39288884407652,0.467781773169689,5.11539564242169,3.130840075024e-07,4.96586475648575e-06
"ENSMUSG00000039997",646.900755567107,2.06642868735725,0.404304629806949,5.11106857308052,3.20341671507012e-07,5.07582765930696e-06
"ENSMUSG00000071068",77.2760269578507,2.39243544539729,0.468146924505975,5.11043717294945,3.21414186834187e-07,5.08792476716464e-06
"ENSMUSG00000030589",162.486941179506,1.57608400116557,0.308456441422732,5.10958368674683,3.22869455841696e-07,5.10605173056854e-06
"ENSMUSG00000068245",307.465409169882,2.39102219620276,0.467990943038658,5.10912066092111,3.236616150903e-07,5.11366714897467e-06
"ENSMUSG00000032511",72.3641603702317,1.41710282883238,0.277494749312015,5.10677348795164,3.2770618379144e-07,5.17260489334466e-06
"ENSMUSG00000134910",33.0872829811186,2.98859564147101,0.58548753723114,5.10445645966187,3.31746642136692e-07,5.23136491331068e-06
"ENSMUSG00000026822",610.043653190746,4.61260522379467,0.903778040411899,5.10369251911948,3.33089320370135e-07,5.24751146531439e-06
"ENSMUSG00000038463",864.695600437757,1.03864613280345,0.203608793838753,5.10118503833387,3.37533359143467e-07,5.30736551249179e-06
"ENSMUSG00000054435",401.612928791865,1.96610422522975,0.385677550932212,5.09779275583327,3.43636726763734e-07,5.39303282431969e-06
"ENSMUSG00000001750",1077.45594726766,1.08976976998099,0.213845262615275,5.09606692546458,3.4678257547056e-07,5.43722051425888e-06
"ENSMUSG00000024885",223.755299643142,1.59663586138357,0.313408906838277,5.09441763315122,3.49814875408304e-07,5.47954547464025e-06
"ENSMUSG00000049690",167.770564548899,1.59934361503964,0.313951758906263,5.09423365109145,3.50154717345232e-07,5.47965504910128e-06
"ENSMUSG00000040699",317.177858615114,1.90328518229075,0.373674113323481,5.09343600326717,3.51631779584277e-07,5.49754414747953e-06
"ENSMUSG00000024481",31.6799065770032,2.92737382059834,0.575493404225012,5.08672001991141,3.64309031456752e-07,5.66882758494566e-06
"ENSMUSG00000041119",5307.88792507607,1.59560425904375,0.314099970366541,5.07992489519102,3.77584114109639e-07,5.85878159339018e-06
"ENSMUSG00000029915",104.53480118008,2.28108062998571,0.449462737916162,5.07512734105935,3.87236580459417e-07,5.99724912897779e-06
"ENSMUSG00000030428",218.804464063288,1.24278907602009,0.244916502985964,5.07433782888578,3.88847692127251e-07,6.01654093561178e-06
"ENSMUSG00000026579",74.6175349489751,3.36263516144054,0.663051010104486,5.07145771621801,3.94779987777327e-07,6.10259430871187e-06
"ENSMUSG00000022126",110.172851258648,6.47395787362253,1.27665388589156,5.07103604600037,3.95655816419289e-07,6.11039559635154e-06
"ENSMUSG00000039153",178.502054719464,1.14308522317723,0.225481021608809,5.0695407312833,3.98776793229464e-07,6.14706212259987e-06
"ENSMUSG00000023048",3800.66990917532,1.23553048235647,0.244411043613517,5.05513361462584,4.30089552357315e-07,6.60500401162171e-06
"ENSMUSG00000052560",315.679856314425,1.58168493180608,0.313089423700332,5.05186318053326,4.37521068090342e-07,6.70661950090438e-06
"ENSMUSG00000016206",254.111932949244,1.4051862547655,0.278296684237552,5.0492382207689,4.43575318786365e-07,6.78678482637539e-06
"ENSMUSG00000050357",83.132904309548,1.62455254960102,0.322178372849797,5.04240100051162,4.59726615385829e-07,7.02085275426428e-06
"ENSMUSG00000030742",65.8305266997149,2.72910286093148,0.541527203643405,5.03964130069556,4.66405171028778e-07,7.10800868588613e-06
"ENSMUSG00000004609",477.084515072539,1.27336477415923,0.252977456743592,5.03351085330048,4.81577537899327e-07,7.3138477919157e-06
"ENSMUSG00000040711",1231.28950110156,1.05865163391515,0.210429594467155,5.03090659180257,4.88165953574059e-07,7.40707474072786e-06
"ENSMUSG00000037185",110.49450661413,1.95812389229678,0.389257663795013,5.03040549852334,4.89443582972243e-07,7.41962219748806e-06
"ENSMUSG00000025402",333.163765620308,1.03189094221122,0.205337093165545,5.0253508818268,5.02512903345324e-07,7.58978892456336e-06
"ENSMUSG00000057604",95.8922152050869,1.49575052606654,0.297786344747763,5.02289830426409,5.08974980814619e-07,7.68034382140337e-06
"ENSMUSG00000030207",187.683336938684,1.59982598063546,0.318543969485473,5.02230817057869,5.10541790860122e-07,7.69405428470158e-06
"ENSMUSG00000024013",309.820711099262,1.4136711603591,0.281610810799214,5.01994634491159,5.16859143733266e-07,7.76373365262842e-06
"ENSMUSG00000051498",82.166787182513,1.8825289832057,0.375146786787655,5.01811304136604,5.21814715823473e-07,7.82389404972844e-06
"ENSMUSG00000032698",277.542997728082,1.19792154562795,0.238964777724323,5.01296281835271,5.35982569267842e-07,8.02171003441498e-06
"ENSMUSG00000053101",91.7068791394538,3.52449690298507,0.703153748595997,5.01241287559444,5.37517152296732e-07,8.03737046163588e-06
"ENSMUSG00000030148",163.334066459126,2.08411167913864,0.416082219740754,5.00889386822916,5.474374902475e-07,8.17086437166328e-06
"ENSMUSG00000121484",36.2372823811602,3.07870717416732,0.614889560601089,5.00692705070113,5.53058752675021e-07,8.24728826566021e-06
"ENSMUSG00000025279",443.912162158756,2.46006302514143,0.491922220954269,5.00091868256979,5.70577761727903e-07,8.50083410979771e-06
"ENSMUSG00000044197",353.683065174653,1.56267289102779,0.312673178039761,4.9977836308974,5.79930027975832e-07,8.60125049600551e-06
"ENSMUSG00000041797",361.10699679352,1.22662579591078,0.245450780963935,4.99744099853166,5.80961057325567e-07,8.60878657673341e-06
"ENSMUSG00000026890",34.8117377242407,2.13132786027911,0.426503016365855,4.99721638182005,5.81637919508923e-07,8.61106570942033e-06
"ENSMUSG00000037447",400.73668687347,1.75678617880876,0.351585460730684,4.99675434575055,5.83032614486301e-07,8.62395860942315e-06
"ENSMUSG00000045761",25.0565387277121,4.08516366565124,0.817768025370274,4.99550427372303,5.86822242623109e-07,8.67222134677221e-06
"ENSMUSG00000019880",366.897504808564,1.13367163469957,0.227207754766083,4.98958160942489,6.05102068859976e-07,8.93434561402851e-06
"ENSMUSG00000086474",117.138533499506,2.89947718183855,0.581792349551297,4.98369767851838,6.23805205112684e-07,9.18578272966915e-06
"ENSMUSG00000097585",48.6144565431619,1.57480739721475,0.316565723597063,4.97466175213343,6.53616676870808e-07,9.59901101813035e-06
"ENSMUSG00000023045",46.1503696484046,2.0693863808018,0.416220547975601,4.97185059907976,6.63168034118002e-07,9.71328767409668e-06
"ENSMUSG00000028789",114.476611632583,1.080712043962,0.217429218702469,4.97040853299877,6.68119746945561e-07,9.76843285432041e-06
"ENSMUSG00000027333",880.923108350076,1.16080988592701,0.233979302064135,4.96116483674624,7.00716952604258e-07,1.01997375691635e-05
"ENSMUSG00000029121",88.7445242282453,1.13049156756728,0.227987262704954,4.95857336131223,7.10127230156416e-07,1.03275835601282e-05
"ENSMUSG00000044162",1020.07751502624,2.41505081943839,0.487981886173306,4.94905833160514,7.45733968793926e-07,1.07951035592171e-05
"ENSMUSG00000046808",154.215591110294,1.22617147649696,0.247868115742643,4.94687052759165,7.54161013968435e-07,1.08910112043529e-05
"ENSMUSG00000022436",296.765516087225,1.35357235589059,0.273676594682107,4.94588277621202,7.57995651502454e-07,1.09367944002497e-05
"ENSMUSG00000023132",104.503315964498,4.46947780661619,0.904181816528322,4.94311843582202,7.68827444430029e-07,1.10833679664199e-05
"ENSMUSG00000019359",132.816347939104,1.60783120854026,0.325512034601275,4.93939098291624,7.83669412422188e-07,1.12578966288887e-05
"ENSMUSG00000039911",508.17654590271,1.28584552922082,0.260358068884332,4.93875812925959,7.86216561657138e-07,1.12846410240292e-05
"ENSMUSG00000070873",35.2176794672271,2.86508932591429,0.580560047558135,4.935043907973,8.01327303170022e-07,1.14715229496418e-05
"ENSMUSG00000001670",1159.78844380564,2.19481828414929,0.445053198596113,4.93158636107476,8.1564492494217e-07,1.16587956974592e-05
"ENSMUSG00000031129",210.87571170073,1.18814546845927,0.240927723535006,4.9315431658351,8.1582534431592e-07,1.16587956974592e-05
"ENSMUSG00000038007",292.269289119444,1.08972798996267,0.221005507130434,4.93077301155004,8.19048610923489e-07,1.16947070959526e-05
"ENSMUSG00000022901",184.789378877383,1.78821520883829,0.362710480202204,4.93014485779787,8.21686651989057e-07,1.17120583131566e-05
"ENSMUSG00000025902",88.3919863259318,1.62736731380342,0.330079523726314,4.9302280112133,8.21336965379221e-07,1.17120583131566e-05
"ENSMUSG00000024669",42.9461825989659,2.84577581623806,0.577484257029102,4.92788466802247,8.31246575044441e-07,1.18380729800663e-05
"ENSMUSG00000002847",203.659996449163,2.1745997204087,0.44191661640712,4.92083718889931,8.61747957928305e-07,1.22090848807002e-05
"ENSMUSG00000030737",746.107052650407,1.01699860893455,0.206665841689032,4.92098065467837,8.61116429189018e-07,1.22090848807002e-05
"ENSMUSG00000049130",295.563375790083,1.87860313854062,0.382181608559823,4.91547237351313,8.8568640311243e-07,1.251592725703e-05
"ENSMUSG00000044906",153.538946215961,1.08395553429536,0.220540654995466,4.91499190622086,8.87861275108899e-07,1.2534328219075e-05
"ENSMUSG00000029810",4222.66214322664,1.41931854486186,0.288781746966851,4.9148485310077,8.88511269614318e-07,1.2534328219075e-05
"ENSMUSG00000090942",142.308915168871,3.91784982985104,0.797449868044226,4.912973199757,8.97055428784507e-07,1.2644026989794e-05
"ENSMUSG00000129346",204.603060848217,2.27598895575315,0.464189293448948,4.90314832305255,9.43127155441033e-07,1.325935299746e-05
"ENSMUSG00000027224",41.444307995397,3.01274546807936,0.614953873166629,4.89914056897569,9.62567629330801e-07,1.3521118499721e-05
"ENSMUSG00000078783",21.2842814661394,6.77805452724062,1.38359604627602,4.8988680948344,9.63903236491823e-07,1.35283367283588e-05
"ENSMUSG00000020178",70.3341527583817,1.62490293121416,0.331862240121557,4.89631761244962,9.76491942548712e-07,1.36647038883234e-05
"ENSMUSG00000014776",124.936062282317,1.05123095922102,0.214880767292292,4.89215937036881,9.97356313084408e-07,1.39384354688528e-05
"ENSMUSG00000121501",209.550264714451,1.94012583725994,0.396625720088237,4.89157848066011,1.0003049245362e-06,1.39677862363354e-05
"ENSMUSG00000041390",745.417617304418,1.01991495171573,0.208550103527254,4.89050321465051,1.0057851602014e-06,1.40324077054201e-05
"ENSMUSG00000016763",779.321625413039,1.64267693219422,0.335928250211302,4.8899636489666,1.00854600638888e-06,1.40571613586872e-05
"ENSMUSG00000043004",625.058999832492,1.09337694746093,0.223623040076505,4.88937520519741,1.0115652673197e-06,1.40772603515505e-05
"ENSMUSG00000027670",43.7333413775333,2.86131238326992,0.585401385965945,4.88777862824597,1.01980107496963e-06,1.416791991327e-05
"ENSMUSG00000000031",44.9321864824793,3.76619045114118,0.771290497946173,4.88297270765031,1.04498339389648e-06,1.44933122272264e-05
"ENSMUSG00000026786",334.863598959389,1.4778482306209,0.302884664634411,4.87924415851393,1.06493165238291e-06,1.47203776601006e-05
"ENSMUSG00000057123",86.2066515215063,1.42028629161978,0.29126960710579,4.87619118840616,1.0815378857422e-06,1.4924860195284e-05
"ENSMUSG00000014599",973.558144134528,1.04928164143164,0.215218103944399,4.87543390728284,1.08569543183702e-06,1.49696850036289e-05
"ENSMUSG00000134796",159.028371388655,2.36603211076733,0.485608555103672,4.87230318720849,1.10304719672679e-06,1.51962058575005e-05
"ENSMUSG00000000693",199.020175922452,1.24103065473366,0.254793250136412,4.87073599504396,1.11183316167664e-06,1.53044392480622e-05
"ENSMUSG00000059013",194.12587064139,1.01695400277517,0.208881449697079,4.86857020692821,1.12408587371668e-06,1.54601718788619e-05
"ENSMUSG00000022015",39.3977365374924,2.6971537152723,0.554097134296675,4.86765505238688,1.12930222087871e-06,1.55189503024426e-05
"ENSMUSG00000022227",61.1987240441727,3.45146804124364,0.709088599128763,4.86747078642128,1.13035534357854e-06,1.55204670736726e-05
"ENSMUSG00000047728",462.624398510361,1.62453502546582,0.334440541976986,4.8574703768349,1.18894918122272e-06,1.62302407715337e-05
"ENSMUSG00000074115",20761.8772495656,1.77254464806929,0.364902091378861,4.85758972049557,1.18823300420503e-06,1.62302407715337e-05
"ENSMUSG00000041202",93.1881342379369,1.94577469801499,0.401271639509923,4.8490212275938,1.24072144914273e-06,1.6908938093739e-05
"ENSMUSG00000030519",63.0399430543837,2.25394055834655,0.465457538043403,4.84241928451996,1.28267745722767e-06,1.74138453100135e-05
"ENSMUSG00000035929",2730.87006514322,1.68766012456248,0.348520149960186,4.8423602616815,1.28305863822186e-06,1.74138453100135e-05
"ENSMUSG00000021732",316.0832154907,1.45996715909374,0.301858730266251,4.83659080459921,1.32084947145043e-06,1.78825204346123e-05
"ENSMUSG00000066682",31.2561226096228,2.7006034833475,0.559687654510082,4.82519752148447,1.39864584292175e-06,1.88273969844814e-05
"ENSMUSG00000034786",287.793108920093,1.68995780190036,0.351109184457744,4.81319736625615,1.48534465100642e-06,1.9896850276256e-05
"ENSMUSG00000070509",565.741579965558,1.06262208821861,0.220937023334046,4.80961530205815,1.51221047020536e-06,2.02402609520251e-05
"ENSMUSG00000062991",685.075634811877,1.83001810150348,0.381028838836235,4.80283357840536,1.56435900922037e-06,2.08873011912368e-05
"ENSMUSG00000143426",72.4849642194247,4.49207623593235,0.935338603216768,4.80262037777916,1.56602614055309e-06,2.08926161684972e-05
"ENSMUSG00000044562",237.103239804779,1.28555065829689,0.267738064369915,4.80152368816986,1.57462877598692e-06,2.09903753352815e-05
"ENSMUSG00000032691",87.4553705606667,2.84631710751019,0.592866554876485,4.80094058957867,1.57922118853327e-06,2.10345618339994e-05
"ENSMUSG00000087281",64.7505303023803,1.53980669608934,0.321011040018992,4.79674062299614,1.61268204803456e-06,2.14455448762463e-05
"ENSMUSG00000043008",125.581754343784,1.79795471497797,0.374912649853144,4.79566297824906,1.62137682315083e-06,2.15437664564424e-05
"ENSMUSG00000032035",1011.78155316042,1.04437562953297,0.217818397831851,4.79470806841207,1.62911897437463e-06,2.16291819960721e-05
"ENSMUSG00000122916",22.7154468763839,2.30349080415018,0.480501677961059,4.79392874115386,1.63546387257863e-06,2.16959240405012e-05
"ENSMUSG00000010142",137.398783086839,1.31102846364283,0.273546867723394,4.79270142829242,1.64550423235469e-06,2.17870128346791e-05
"ENSMUSG00000066026",793.299539709918,1.16859733864782,0.243883022926475,4.79163053100307,1.65431337176479e-06,2.18403857573085e-05
"ENSMUSG00000045827",448.590721685333,1.39140971372896,0.29052843885514,4.78923756728245,1.67416186110845e-06,2.20317559707661e-05
"ENSMUSG00000024818",168.547382755298,1.28871592971578,0.269704223306285,4.77825639479242,1.76821818405538e-06,2.31953593339472e-05
"ENSMUSG00000063193",80.5511822777413,2.01204694286359,0.421482427483156,4.773738622695,1.80837052023348e-06,2.37031877982514e-05
"ENSMUSG00000020941",312.844349891105,1.11085119622457,0.232781003346201,4.77208698414477,1.82326724273402e-06,2.38036864529184e-05
"ENSMUSG00000022504",727.379935300855,2.05737956819667,0.431119964661127,4.77217419010931,1.82247776094173e-06,2.38036864529184e-05
"ENSMUSG00000024190",998.072322199824,1.3685009372263,0.28675767692138,4.77232537213466,1.82110987760267e-06,2.38036864529184e-05
"ENSMUSG00000040345",228.248549900853,1.86708425563056,0.391474154226018,4.76936787646165,1.84804904416242e-06,2.40890193302027e-05
"ENSMUSG00000030278",222.616566953736,1.9851924887831,0.416272515304266,4.76897324660522,1.85167246440505e-06,2.41171548904275e-05
"ENSMUSG00000015568",1496.80380750329,1.71394042660086,0.359501893147531,4.76754214447904,1.86486993513254e-06,2.4256677752605e-05
"ENSMUSG00000037754",187.201834987822,1.0735406828575,0.225325875328363,4.7643914898502,1.89424418939585e-06,2.45938029101135e-05
"ENSMUSG00000120996",360.626061744953,2.29622758573105,0.482168457029912,4.76229324472091,1.91405265243825e-06,2.48314017471165e-05
"ENSMUSG00000021384",35.779704856258,2.33083594309906,0.489867928479005,4.75809051295947,1.95432868301398e-06,2.52941140789773e-05
"ENSMUSG00000045165",128.489741580004,1.33017858429619,0.279809592307871,4.75387056363891,1.99558824637959e-06,2.58078313433992e-05
"ENSMUSG00000026360",846.742921251179,1.21244484139799,0.255080192671797,4.75319086401193,2.00231160748486e-06,2.58744552543353e-05
"ENSMUSG00000044708",134.504206800566,1.74943257525031,0.368218196843527,4.75107583016523,2.02337229958492e-06,2.61056255235631e-05
"ENSMUSG00000045551",26.1052372228167,6.53595752685801,1.37730834454986,4.74545700149238,2.0803610445379e-06,2.67487145414181e-05
"ENSMUSG00000049775",13152.891882581,1.24272027254302,0.262362770450069,4.73664868842177,2.17281340958555e-06,2.78590554221237e-05
"ENSMUSG00000062515",1193.24305811343,1.27469350406806,0.269105300450492,4.73678334070038,2.17137084804224e-06,2.78590554221237e-05
"ENSMUSG00000021411",200.31790600703,1.23607472052362,0.261020041857361,4.73555483221895,2.18456630449349e-06,2.79879494714991e-05
"ENSMUSG00000075122",55.6471071624118,2.22557275853521,0.470335702927531,4.73188138744833,2.22448391217766e-06,2.84329803153578e-05
"ENSMUSG00000027368",81.2102019218932,2.34146894383703,0.495670187746123,4.72384460821418,2.31427276343277e-06,2.94890654058775e-05
"ENSMUSG00000035352",51.5187210785535,2.26215223865837,0.478996833086804,4.7226872546951,2.32748622088974e-06,2.96109176889555e-05
"ENSMUSG00000014329",724.338405402208,1.25365585688913,0.265653593699483,4.7191375784937,2.36846604075081e-06,3.00632663291293e-05
"ENSMUSG00000050234",126.46423125541,1.20430921866692,0.255308284881325,4.7170784889598,2.39255407380788e-06,3.02756477456565e-05
"ENSMUSG00000008734",417.987018046963,1.00682298254845,0.213490660301461,4.71600481785366,2.40520741565818e-06,3.04123883901541e-05
"ENSMUSG00000037580",556.006386759725,1.20813693550739,0.256243300305804,4.71480399317985,2.41943538467308e-06,3.05688140735786e-05
"ENSMUSG00000022769",499.074700155034,1.13522766703356,0.240801180547168,4.71437749787606,2.42450813171709e-06,3.0585959672382e-05
"ENSMUSG00000020654",251.060211262856,1.23953341936351,0.263040234671653,4.71233391694161,2.44895654980153e-06,3.08707286978428e-05
"ENSMUSG00000073599",263.958058825281,1.03904868443444,0.220524915543578,4.71170652927478,2.45650967658148e-06,3.09232871580067e-05
"ENSMUSG00000042817",135.69256544541,2.09798476910794,0.445370825906913,4.71064705425145,2.46931550406451e-06,3.10398140058527e-05
"ENSMUSG00000023236",114.210744025594,1.05921476298893,0.225020229620833,4.70719794737454,2.51145011278076e-06,3.15377598830737e-05
"ENSMUSG00000039252",825.060523812325,3.83544822659879,0.815087689180239,4.70556515269691,2.53163634866611e-06,3.17670192134834e-05
"ENSMUSG00000015314",65.9910873629858,2.32050985453246,0.494595506598795,4.69173258465288,2.70901069604206e-06,3.37866993098033e-05
"ENSMUSG00000120977",45.8555450387119,2.3519747139184,0.502127143152911,4.68402225609653,2.81299444328571e-06,3.49775887611878e-05
"ENSMUSG00000024810",401.650896453896,2.35375765092321,0.503918268898133,4.67091152712112,2.99866081734309e-06,3.69767565503321e-05
"ENSMUSG00000035673",2871.60623270156,1.62805226890388,0.34865101566811,4.66957558056754,3.0182264266198e-06,3.71645936136438e-05
"ENSMUSG00000050896",38.901602094956,2.96451701779824,0.636024636980615,4.66100972420128,3.14661854843725e-06,3.86587919126287e-05
"ENSMUSG00000029561",1762.34706219234,2.63016187418796,0.564364786242766,4.66039330996916,3.15605720947625e-06,3.87458388065679e-05
"ENSMUSG00000024909",409.912475611679,1.46534677375485,0.314555803846458,4.65846363613791,3.18578066730917e-06,3.90524997214527e-05
"ENSMUSG00000047330",271.616324559065,1.76407943382998,0.378672175472275,4.65859270391293,3.18378423999664e-06,3.90524997214527e-05
"ENSMUSG00000046223",378.289084184526,1.86289459557443,0.400159259725081,4.65538295141362,3.23379079533063e-06,3.95526730041071e-05
"ENSMUSG00000038578",87.1739452278768,1.81282264563829,0.389465194461336,4.6546460926902,3.24537659840963e-06,3.96649108683131e-05
"ENSMUSG00000060591",2170.03333445899,1.29088303167756,0.27795426854224,4.644228125899,3.41350224807973e-06,4.16270277852864e-05
"ENSMUSG00000038151",382.166264933494,1.93531033548941,0.416900239094163,4.64214254156927,3.44814841094648e-06,4.19562951141256e-05
"ENSMUSG00000067629",298.723813205488,1.01537623024224,0.218774011475169,4.6412104591202,3.46374115339855e-06,4.20217911631543e-05
"ENSMUSG00000134746",862.819414933237,1.57970580098073,0.34053887808444,4.63884126789489,3.50368012749503e-06,4.24437718461742e-05
"ENSMUSG00000027408",307.432348132462,2.78185123984587,0.599751340808222,4.63834100995433,3.51216957659172e-06,4.25001721144833e-05
"ENSMUSG00000062609",34.9135325840845,2.66614039482465,0.576144231321519,4.62755721550703,3.70004030531278e-06,4.46254677995343e-05
"ENSMUSG00000093661",432.006654858911,1.45143672994512,0.314203734768469,4.61941272281394,3.84827708355241e-06,4.63454174297903e-05
"ENSMUSG00000038543",72.4022722236625,1.4897709852633,0.322516980687814,4.61920169935284,3.85219254710331e-06,4.63586592857908e-05
"ENSMUSG00000049866",291.946042251248,1.56515164913499,0.339003984707518,4.61691224805324,3.89491867895094e-06,4.68044132931163e-05
"ENSMUSG00000029322",14014.9853988805,1.63917989099335,0.355097671401196,4.6161381023008,3.90946840628532e-06,4.69107714086554e-05
"ENSMUSG00000030427",21.0780606443129,2.78507903749173,0.604029831656065,4.61083027945143,4.01063884111581e-06,4.8054692315349e-05
"ENSMUSG00000026228",72.6759766527987,1.68067156901014,0.364667859181899,4.60877350907913,4.05051278179068e-06,4.83915761441364e-05
"ENSMUSG00000060594",81.3680351372944,1.24339300668532,0.269824463932139,4.60815520047893,4.06257381765263e-06,4.85004733575165e-05
"ENSMUSG00000046546",443.562022698216,1.12617327376892,0.244812221415292,4.60015136196372,4.22184059492905e-06,5.02197700247955e-05
"ENSMUSG00000064080",1628.37224318497,1.2223123436453,0.265782827020538,4.598913922873,4.24699201154393e-06,5.04824761632113e-05
"ENSMUSG00000009585",1295.91340867531,1.49308352297955,0.324713527072397,4.59815621616113,4.26246349268187e-06,5.06298243001599e-05
"ENSMUSG00000090214",186.713353359319,2.26053305706831,0.492378946625625,4.59104328598981,4.41035847475583e-06,5.2273384859543e-05
"ENSMUSG00000001020",278.268746806154,1.54436341298328,0.336481547862893,4.58974176382642,4.43794709368568e-06,5.25625345347823e-05
"ENSMUSG00000017652",111.489167534253,2.36278406438772,0.5157716606775,4.58106608898217,4.62611610190762e-06,5.46724772534355e-05
"ENSMUSG00000066684",32.9309505169022,2.43266723393302,0.531045573231802,4.58090106867561,4.62976829272199e-06,5.46724772534355e-05
"ENSMUSG00000020297",333.664806854396,1.10075729203537,0.240336581489327,4.5800655281612,4.64830271602334e-06,5.48173406976305e-05
"ENSMUSG00000001588",173.013140885568,1.45894659758822,0.318604580984361,4.57917646093055,4.66810254331449e-06,5.50114331929753e-05
"ENSMUSG00000117613",19.630532060165,3.3941682007497,0.741479758618027,4.57756015764445,4.70430528343629e-06,5.53278968705358e-05
"ENSMUSG00000074141",143.127769809561,2.18577678688831,0.478139465148086,4.57142098950427,4.84427943077392e-06,5.68434584952467e-05
"ENSMUSG00000023191",513.604516301949,1.09261191090011,0.239087679595473,4.56992143112002,4.8790709642715e-06,5.71702101671186e-05
"ENSMUSG00000069830",14.856776894052,3.09817532389779,0.678157047528871,4.56852190091838,4.91175752874237e-06,5.75122789442999e-05
"ENSMUSG00000074151",750.714177069741,2.77462299587842,0.607434942223044,4.56776981864769,4.92940922381603e-06,5.76779417567046e-05
"ENSMUSG00000046157",276.989746457771,1.40859330207753,0.308548046529336,4.56523163222687,4.98943114900186e-06,5.82973775770174e-05
"ENSMUSG00000074671",92.5916555259006,1.1822796348393,0.258991419432997,4.5649374694638,4.99643246933094e-06,5.83377785408477e-05
"ENSMUSG00000022864",193.308830464415,1.34024525756175,0.294036917998353,4.55808497342929,5.1622152891569e-06,6.0060459579781e-05
"ENSMUSG00000028524",140.405818870939,1.12049138432841,0.245922308029304,4.55628199534826,5.20670246724634e-06,6.04925495541824e-05
"ENSMUSG00000030162",21.1531542665825,3.25389859905411,0.714301843466228,4.55535517487146,5.22971371270897e-06,6.07170499663807e-05
"ENSMUSG00000055413",138.742741162761,1.83154445465249,0.402234220435383,4.55342773339872,5.27788075244417e-06,6.11899653714707e-05
"ENSMUSG00000050105",80.3585288149953,1.79829032359075,0.395209405486697,4.55022147404658,5.35894799675847e-06,6.20424478696446e-05
"ENSMUSG00000031758",48.070717750059,1.69310696003549,0.372150222457611,4.54952558903371,5.37669957066262e-06,6.21605372414457e-05
"ENSMUSG00000069920",211.695665924054,1.04960908592359,0.230812064947154,4.54746196289137,5.4296729538044e-06,6.2728916377882e-05
"ENSMUSG00000115801",155.453346451773,1.8010171061794,0.396097319572577,4.54690556382166,5.44404104529695e-06,6.28508048588525e-05
"ENSMUSG00000018339",3280.18794400825,1.72372111481519,0.37911883253466,4.5466512525663,5.45062032955707e-06,6.28826646709867e-05
"ENSMUSG00000025161",296.835893303399,1.67156764596024,0.367838441876242,4.54429840838285,5.51185281829338e-06,6.35445608876498e-05
"ENSMUSG00000001123",1602.94825033125,1.32325938224604,0.291334759956518,4.54205801753124,5.57077039802433e-06,6.41788614854266e-05
"ENSMUSG00000042842",147.934984617931,1.94485492784498,0.428785163827911,4.53573279094499,5.74038214670465e-06,6.59482981725043e-05
"ENSMUSG00000032841",120.668170890883,2.05881632327538,0.453949407957965,4.53534311794064,5.75099132728873e-06,6.60241075461328e-05
"ENSMUSG00000041293",437.306939126132,2.63830693802163,0.581759782254163,4.5350452514935,5.7591136492915e-06,6.60712808420111e-05
"ENSMUSG00000000278",1455.03494121001,1.0247536231529,0.225991703294023,4.5344745325436,5.7747068884706e-06,6.62040386524314e-05
"ENSMUSG00000021260",211.088828769526,1.50384085480336,0.331761381043842,4.53289906761218,5.81796192379589e-06,6.66071676992015e-05
"ENSMUSG00000096606",66.7748740489364,1.19367430212938,0.263437113595931,4.53115464953158,5.86621738375674e-06,6.70663449922133e-05
"ENSMUSG00000028717",49.9382714695449,1.87951889647184,0.415170333471653,4.52710308261986,5.97977747179155e-06,6.82698172802387e-05
"ENSMUSG00000073492",22.376752767021,2.0672092353176,0.456699755351887,4.52640758198964,5.99948181970016e-06,6.84473106013331e-05
"ENSMUSG00000074361",51.2271101419251,2.41253657009744,0.533644535417642,4.52086812471402,6.15865469974243e-06,7.00690617289976e-05
"ENSMUSG00000030017",3677.77523345515,9.55468893439723,2.11385422852248,4.52003208427275,6.18302601667734e-06,7.02977605749718e-05
"ENSMUSG00000054520",307.60046805389,1.21294906891486,0.268507364822608,4.51737727833352,6.26102926484267e-06,7.10374395500378e-05
"ENSMUSG00000121400",81.9598994441093,7.85358109169349,1.73885522496046,4.51652384796559,6.28630405026002e-06,7.12750851098008e-05
"ENSMUSG00000029304",59.7155529449229,4.88757774299013,1.08410571713869,4.50839587479537,6.5319612561384e-06,7.36041602736526e-05
"ENSMUSG00000043017",98.3651523755031,1.34950582318891,0.299412965019844,4.50717230330847,6.56972825759997e-06,7.39790945997731e-05
"ENSMUSG00000029314",177.797152033356,1.82320903101323,0.405085797272381,4.50079722194579,6.76990673318553e-06,7.59216447877612e-05
"ENSMUSG00000064105",190.333799187848,1.01203642007063,0.224967440552874,4.49859062975279,6.84054342533279e-06,7.66094329328257e-05
"ENSMUSG00000020264",47.3998739671114,3.01275346851293,0.670276988608145,4.49478875109382,6.96390467295224e-06,7.77793504958024e-05
"ENSMUSG00000039697",811.706355541384,1.39127507621769,0.310285477020312,4.48385496342973,7.33064976089643e-06,8.16539154354789e-05
"ENSMUSG00000028019",239.957571367363,1.20869321899225,0.269636020696666,4.48268453105531,7.37098557305771e-06,8.20476913382347e-05
"ENSMUSG00000090307",25.23493174665,2.08284941984462,0.464785948658315,4.48130892480103,7.41866347037581e-06,8.23556687206992e-05
"ENSMUSG00000024670",45.3696298531532,2.95698062844039,0.660262007204652,4.47849580344527,7.51708480214074e-06,8.33358700994229e-05
"ENSMUSG00000024697",1654.25234749329,1.42912699210894,0.319135735605878,4.47811646475675,7.53045168966491e-06,8.33717728089801e-05
"ENSMUSG00000056130",89.8114582162245,1.47410046142578,0.329169132338872,4.47824633783775,7.52587275080261e-06,8.33717728089801e-05
"ENSMUSG00000028927",106.810185208306,2.26691470894918,0.506700638354569,4.47387379718059,7.68150902845963e-06,8.48729417016986e-05
"ENSMUSG00000033538",704.583858597118,1.5474596626276,0.346159106518906,4.47037109088182,7.80839962096976e-06,8.59864100067058e-05
"ENSMUSG00000045680",984.981850443326,1.05303817355647,0.23558158864329,4.46995106714787,7.82374946401301e-06,8.60978525575175e-05
"ENSMUSG00000000486",170.756526012452,1.56780165220471,0.351115925702402,4.46519664144639,7.99952448740917e-06,8.78560184364357e-05
"ENSMUSG00000074489",113.197451836238,1.89889682632472,0.425340091366872,4.46442003673443,8.02859252292155e-06,8.81164791365717e-05
"ENSMUSG00000044092",37.733670085247,1.94093992093504,0.435352007224783,4.45832312410332,8.26033177171636e-06,9.02387803303029e-05
"ENSMUSG00000062783",20.2699570684375,2.57812954153678,0.578231875002085,4.45864306862621,8.24801359613294e-06,9.02387803303029e-05
"ENSMUSG00000027399",49.2758147153229,3.87765352036674,0.869791952481727,4.45813910936156,8.2674244816066e-06,9.02563721755235e-05
"ENSMUSG00000037649",616.877371552694,1.82260921551698,0.408970513500986,4.45657854380396,8.32780977315972e-06,9.0855356060655e-05
"ENSMUSG00000052102",761.589538173922,1.02261874482435,0.229834094643726,4.44937791501102,8.61193659135455e-06,9.37067495726833e-05
"ENSMUSG00000075270",24.9696240391995,3.87157293372293,0.870703917782951,4.44648617589893,8.72862813795467e-06,9.47885257487782e-05
"ENSMUSG00000028071",71.1703524106062,2.27452500613892,0.511644134766444,4.44552150915831,8.76789073220238e-06,9.51521325802556e-05
"ENSMUSG00000058396",96.6448708736597,1.21607768524603,0.273837196029853,4.44087838641707,8.95924189662728e-06,9.71007237288841e-05
"ENSMUSG00000053137",85.3875374087221,1.36398280124504,0.307434514092596,4.43666126840341,9.13648924992047e-06,9.89565937641057e-05
"ENSMUSG00000140892",204.031143374989,1.48589249900052,0.334942688267692,4.43625895130145,9.15357279095987e-06,9.9076442378417e-05
"ENSMUSG00000030283",56.0574987350448,2.34502499895461,0.528726426648683,4.43523319577287,9.19726753633552e-06,9.93534222117399e-05
"ENSMUSG00000022102",86.2245348603314,1.84260891232876,0.41562105289337,4.4333868544467,9.27641994173434e-06,0.000100077130734451
"ENSMUSG00000063522",4203.27015285113,2.04264209194607,0.460863236534863,4.4322087986542,9.3272626870695e-06,0.000100493930377765
"ENSMUSG00000068606",84.9292536023378,4.43452730189663,1.00059760127298,4.43187880548079,9.34155225630207e-06,0.00010058206330641
"ENSMUSG00000044534",80.887218070565,2.03452022140945,0.459138765978359,4.43116628820087,9.37247748901714e-06,0.000100849082942281
"ENSMUSG00000039232",154.10690700099,1.73749438519976,0.392626256314811,4.42531378697869,9.63021971915731e-06,0.00010341963942367
"ENSMUSG00000115902",79.140670584348,1.43059212735856,0.323348724178657,4.42430113491998,9.67549821236297e-06,0.000103838153239981
"ENSMUSG00000039037",76.3665152035672,1.63247693052891,0.369004706520508,4.42400029506989,9.68898873329372e-06,0.000103915193170172
"ENSMUSG00000142319",24.2370448236446,4.04292650907398,0.913965528603396,4.42349999266587,9.71146352193095e-06,0.00010402070524499
"ENSMUSG00000073591",74.1704507458621,1.23423165465977,0.279063009651573,4.42277052842216,9.74432206990459e-06,0.000104304794692353
"ENSMUSG00000061576",99.516454167221,1.0986375264335,0.248468597163702,4.42163532524663,9.79566834954951e-06,0.000104786282026403
"ENSMUSG00000017446",402.267818260379,1.20076695240207,0.271680140811764,4.41978183909301,9.88005911221344e-06,0.000105483406721381
"ENSMUSG00000027134",284.417196384874,1.27343535370781,0.288131694582102,4.41962955708419,9.88702342432277e-06,0.000105489349730801
"ENSMUSG00000060568",61.4687421049453,1.32208715408057,0.299191202191794,4.41887042264385,9.92181092077176e-06,0.000105791951547063
"ENSMUSG00000060441",242.306180271397,1.64249131837838,0.371805336421709,4.41761093099383,9.97978542186329e-06,0.000106341234563194
"ENSMUSG00000030149",101.565159052677,2.82568063638013,0.639717432964715,4.41707618203362,1.00044976824942e-05,0.000106535605010933
"ENSMUSG00000085747",131.19018402851,1.70069301502158,0.385272655361117,4.4142582956673,1.01356886241384e-05,0.000107862858318805
"ENSMUSG00000021536",90.3119581883595,1.82554596173771,0.414795176482093,4.40107808682901,1.07714348804077e-05,0.000113853763517654
"ENSMUSG00000037849",67.668683609312,3.04156718246096,0.691106315431937,4.40101199272068,1.0774716853581e-05,0.000113853763517654
"ENSMUSG00000046006",35.3174057211854,3.06313855950454,0.696135595082813,4.40020389869612,1.08149209020567e-05,0.000114205287242181
"ENSMUSG00000006777",158.956356745374,1.68064623620101,0.38228564417806,4.39631009376383,1.1010660521369e-05,0.000116197759079038
"ENSMUSG00000050953",1782.56579465903,1.15202105513351,0.26208518588939,4.39559775660006,1.10468334207129e-05,0.000116430229580792
"ENSMUSG00000053063",102.207489117746,2.28228166610976,0.519682321378909,4.3916861748424,1.12474966139058e-05,0.000118393565699956
"ENSMUSG00000067750",110.000739824114,5.46921870577717,1.24670762855264,4.38692968625421,1.14961933119907e-05,0.000120779725906383
"ENSMUSG00000030124",90.5960141114231,2.01238821494553,0.458765616699666,4.38652798224623,1.15174354029353e-05,0.00012092572642763
"ENSMUSG00000026121",513.685455872788,1.05941901166714,0.241666064127648,4.38381373690744,1.16619494944815e-05,0.000122287053839267
"ENSMUSG00000071547",73.0160165322527,2.04278360585001,0.466186259240722,4.38190436838936,1.17646449434693e-05,0.000123206965460773
"ENSMUSG00000055022",160.973609609517,1.1005429280414,0.251468542245536,4.37646362528647,1.2062030966979e-05,0.000126160874084737
"ENSMUSG00000021314",78.6921213363625,1.39329632414402,0.31848840607103,4.37471599463275,1.21590676789112e-05,0.000127014423348931
"ENSMUSG00000050908",93.5309105860857,1.49726257787016,0.342253559035261,4.37471733556438,1.21589929392513e-05,0.000127014423348931
"ENSMUSG00000031503",9111.77557826163,1.02179985895326,0.233616119025965,4.37384142504178,1.22079071714012e-05,0.0001273982178585
"ENSMUSG00000039519",120.027772112504,2.40962152970055,0.551017612330504,4.37303903864192,1.2252880291e-05,0.000127751214838969
"ENSMUSG00000019987",74.2517624797909,4.29553161119352,0.984105313373231,4.36491049567619,1.27174819699682e-05,0.000132176708126001
"ENSMUSG00000001029",66.1915915329584,1.55059856766487,0.355276442663598,4.36448461383941,1.27422817211422e-05,0.000132350904716192
"ENSMUSG00000070594",37.232738292886,1.92239811397649,0.440568638775997,4.36344747396766,1.28028691240816e-05,0.000132874489688668
"ENSMUSG00000073565",147.154976252308,1.42911179793935,0.327526608228808,4.3633456398174,1.28088328455273e-05,0.000132874489688668
"ENSMUSG00000027220",619.842774369003,1.07010052596986,0.245541156645193,4.35813099763212,1.31177863359224e-05,0.000135737345347763
"ENSMUSG00000033965",174.739271932637,1.54174312085274,0.353966990299384,4.35561270713052,1.32695217165697e-05,0.000137049018833053
"ENSMUSG00000042770",111.49802707255,1.5026289287586,0.345360737595907,4.35089680204694,1.35581856687537e-05,0.000139854893900183
"ENSMUSG00000000409",120.620109895456,1.82721355066468,0.420134569490451,4.34911498208958,1.36688034929973e-05,0.000140907646778468
"ENSMUSG00000117975",201.859788343274,1.1718154984447,0.269461223540816,4.34873516510697,1.36924941061015e-05,0.000141063535962921
"ENSMUSG00000026222",915.501811463294,1.30847580368669,0.301122582584277,4.34532605444987,1.39068937489817e-05,0.000143093244868429
"ENSMUSG00000022586",60.1326583731339,3.51788715645164,0.810098587196715,4.34254202149027,1.40843535472443e-05,0.000144828677356829
"ENSMUSG00000028037",150.662470370094,2.81698151776067,0.648740028173816,4.34223478654523,1.41040691081788e-05,0.000144940879979992
"ENSMUSG00000032204",19.1828354630201,3.58245058292336,0.825080406669123,4.34194116593537,1.41229356199238e-05,0.000145044222776547
"ENSMUSG00000031596",286.84164810915,1.19873949475228,0.276179925208101,4.34042950025795,1.42204488436569e-05,0.000145863706737149
"ENSMUSG00000040265",131.657746196497,1.04792602272388,0.24153165683139,4.33866945837009,1.43347931667109e-05,0.000146853578035819
"ENSMUSG00000031779",171.662392219691,2.02578288926411,0.466994898494616,4.33791224656701,1.43842561015912e-05,0.000147268661816229
"ENSMUSG00000017737",186.766283302956,3.29352615181698,0.759852022037063,4.33443098958593,1.46137621707282e-05,0.000149432525848881
"ENSMUSG00000141856",142.195863668592,2.01564537188579,0.465167616430118,4.33315927569219,1.46984689630404e-05,0.000150112217455667
"ENSMUSG00000059854",27.2178874677567,3.49381509592637,0.806365554970259,4.332793079257,1.47229474009801e-05,0.000150268991359167
"ENSMUSG00000019929",13291.7408138552,1.25777785590269,0.290664477641251,4.32724998289984,1.50982572513487e-05,0.000153932540530679
"ENSMUSG00000076523",154.028063038774,2.53693975578898,0.586529762161107,4.325338489971,1.52297820698058e-05,0.00015505745344169
"ENSMUSG00000024529",1029.98748711877,2.37871842133126,0.550328599459354,4.322360174754,1.54368914371361e-05,0.000156875026993563
"ENSMUSG00000024338",1892.93427267964,2.10751481450973,0.488190303540166,4.31699441637176,1.58168157837079e-05,0.000160438840571278
"ENSMUSG00000022894",302.861848763262,1.06863615764902,0.247538596865735,4.31704861859847,1.58129337913038e-05,0.000160438840571278
"ENSMUSG00000092517",85.8201935848065,3.95612852002,0.916772058157922,4.31528042856049,1.5940042138537e-05,0.000161489793062606
"ENSMUSG00000057058",46.6328572201826,2.23965325869553,0.519534930105126,4.31088099936292,1.62605399933779e-05,0.00016453427775721
"ENSMUSG00000039206",431.497749806002,1.30338591976474,0.30245884300902,4.3093000912057,1.63772019212095e-05,0.000165511280066834
"ENSMUSG00000056145",125.54362241415,1.5230236675702,0.353712988933886,4.3058177539951,1.6636998729848e-05,0.000167724990869252
"ENSMUSG00000097415",1107.07468343455,1.1703139620323,0.271822827319635,4.30542928852746,1.66662221767356e-05,0.00016791677827148
"ENSMUSG00000089762",139.966052245902,1.57548624751075,0.365955274143318,4.30513332865302,1.66885194479325e-05,0.000168038590624656
"ENSMUSG00000022324",1370.94465907894,1.0874497084909,0.252613849087304,4.30479054263995,1.67143800786403e-05,0.000168196112001623
"ENSMUSG00000021880",110.584499212251,1.92491383338709,0.447209240456536,4.30428009810807,1.67529600757155e-05,0.000168481357193955
"ENSMUSG00000027175",91.4636747778673,1.12029273477889,0.260769640137015,4.2961010882642,1.73828338797697e-05,0.00017386002075495
"ENSMUSG00000036256",4540.50908779731,1.15357537126458,0.268532566408016,4.29584905359972,1.7402597239467e-05,0.000173952008714842
"ENSMUSG00000128770",63.5783520159664,2.74661967338484,0.639776776468023,4.29309061286647,1.76203052425154e-05,0.000175771585091263
"ENSMUSG00000039634",57.388777246432,1.23317088022689,0.287351699265589,4.29150369870307,1.77467246423385e-05,0.000176854919967807
"ENSMUSG00000030474",88.334765786698,2.06113515642053,0.480814049793636,4.28676149814083,1.81296758417732e-05,0.000180249773758641
"ENSMUSG00000063286",383.93421846016,1.98452234141449,0.46294408516932,4.28674305383696,1.81311805469422e-05,0.000180249773758641
"ENSMUSG00000024730",6421.5937738825,1.17074966239007,0.273456069937449,4.28130800920921,1.85797981753594e-05,0.000184264588771652
"ENSMUSG00000042351",132.982582655566,1.23266261685718,0.288172770833852,4.27751245646967,1.88993385637232e-05,0.000186870757221967
"ENSMUSG00000034839",88.0631015813122,1.18688521167091,0.277660433147387,4.27459252374245,1.91487174755381e-05,0.000189109379603949
"ENSMUSG00000024399",132.967052120163,1.62987854298705,0.381320261074488,4.2743035431539,1.91735677925464e-05,0.000189241274921278
"ENSMUSG00000053626",53.4637636846651,1.50020244814219,0.351007643288353,4.27398797954314,1.92007391472886e-05,0.000189395906879456
"ENSMUSG00000129172",23.6540608665569,2.88990423936212,0.676483833852862,4.27194870704136,1.93772153594246e-05,0.000191022213450423
"ENSMUSG00000076668",38.3850825223185,2.12059989770653,0.49647135098961,4.27134394256499,1.94298472443851e-05,0.000191426436376009
"ENSMUSG00000029361",635.318853310553,1.06555305208531,0.249520192858288,4.27040809755415,1.95115610888307e-05,0.000192001691694811
"ENSMUSG00000046259",18.6784752309642,4.52591112926873,1.05993600424704,4.26998527376552,1.95485874345052e-05,0.000192219330647479
"ENSMUSG00000038067",15.3005490784214,7.31961896919694,1.71760195695356,4.26153390170761,2.03028546896006e-05,0.000199311804862787
"ENSMUSG00000031502",13267.7687115081,1.1100582803542,0.260574152770101,4.26004754713175,2.04383420716444e-05,0.000200402874047339
"ENSMUSG00000081665",67.70350280712,2.87265004276038,0.67437011652372,4.25975287512512,2.04653047055973e-05,0.000200547804385862
"ENSMUSG00000053040",102.998603171959,1.30306088200056,0.305919019767691,4.25949613394447,2.0488824256107e-05,0.000200658842194105
"ENSMUSG00000109564",18.33183924971,3.82688089512638,0.898475639743314,4.25930400986685,2.0506441194843e-05,0.000200711974667479
"ENSMUSG00000059901",100.981408040106,1.19607324595895,0.28110253894656,4.25493576273365,2.09109039965205e-05,0.00020430635756363
"ENSMUSG00000030659",424.211753305129,1.45292281718002,0.341949147391926,4.24894411423914,2.14780488327226e-05,0.000208979384121225
"ENSMUSG00000005763",45.6237016519781,2.15902027335716,0.508536648732044,4.24555492458674,2.18053085089071e-05,0.000211913101524284
"ENSMUSG00000047562",427.327808315133,4.71608421441451,1.11198977126744,4.24112193859403,2.22405260512004e-05,0.000215760624856165
"ENSMUSG00000023927",369.269426521933,1.00814906565916,0.237830127621734,4.23894598947787,2.24571674596957e-05,0.000217605855143597
"ENSMUSG00000045826",80.9162409760197,1.65126098761318,0.390115774834444,4.23274600550039,2.3085517494587e-05,0.000223169039643796
"ENSMUSG00000029401",247.450439217791,1.10881986201976,0.262021113574137,4.23179585375676,2.31832786831772e-05,0.000223982580376259
"ENSMUSG00000025854",172.313095314627,1.08177741765893,0.255663187205424,4.23126000064187,2.32385862600652e-05,0.000224376911605749
"ENSMUSG00000003206",34.4305130589183,2.10999033472273,0.498738348075439,4.23065589976163,2.33010885252719e-05,0.000224542638218134
"ENSMUSG00000027797",545.473342871029,1.17035154761818,0.27668314469868,4.22993438538782,2.33759484050341e-05,0.000225051601515834
"ENSMUSG00000131782",32.9110896941964,2.73395664332123,0.646847451708034,4.22658640163469,2.37263193410116e-05,0.000228291288901855
"ENSMUSG00000053687",83.1240125009449,1.76583563366174,0.418085117753024,4.22362710051035,2.40401692764869e-05,0.000231175996961918
"ENSMUSG00000034634",104.665075977012,1.95496610745058,0.462884848567378,4.22343940075199,2.40602084903634e-05,0.000231233632444164
"ENSMUSG00000022587",7360.97254584971,1.29922091647508,0.308010495133037,4.21810599640093,2.4636300736445e-05,0.000236218648237678
"ENSMUSG00000121044",58.7310150779191,2.23588531454427,0.530340848186438,4.21594022446156,2.48739646102187e-05,0.000238358602664744
"ENSMUSG00000039377",327.799514294171,1.089013528146,0.258332882172726,4.21554360012855,2.49177243262547e-05,0.00023863903175284
"ENSMUSG00000043110",25.600943407371,4.19767717985013,0.996012771853234,4.2144812782267,2.50352917570961e-05,0.000239625586161089
"ENSMUSG00000027995",495.229156037232,1.42012984533358,0.33735705434012,4.20957506909525,2.55851425196697e-05,0.000244437993385654
"ENSMUSG00000031278",1086.20089217997,1.17074032610964,0.278254235023861,4.2074483646556,2.58270391504212e-05,0.000246201821385862
"ENSMUSG00000062545",172.286311467475,2.13064234267378,0.507389807261756,4.19922180575969,2.67833864171396e-05,0.000253994752641342
"ENSMUSG00000074570",38.2711808086515,2.2834444775537,0.543813513363384,4.19894765657997,2.68158292677409e-05,0.000254156014527817
"ENSMUSG00000038390",143.040988976823,1.07065251464697,0.255054323360496,4.19774305544195,2.69588252956098e-05,0.000255364292774237
"ENSMUSG00000078566",854.288820398349,1.143168490332,0.272390561993281,4.19679919144995,2.7071376039956e-05,0.000256135668819422
"ENSMUSG00000076498",65.5799481670559,2.47815427157072,0.590879573526588,4.19400903771335,2.74067054777751e-05,0.000258985545864737
"ENSMUSG00000050982",2700.63033518501,4.74206645451753,1.13070540779002,4.19390092401341,2.74197780746058e-05,0.000258985545864737
"ENSMUSG00000030651",20.5534702650942,3.74121396692153,0.892562256556923,4.19154399532122,2.77062445745535e-05,0.000261541229604859
"ENSMUSG00000005465",62.0654946002861,2.16850316653642,0.517497370361017,4.19036557620307,2.78505371432455e-05,0.000262301712236414
"ENSMUSG00000069892",558.208765642948,1.64209836610948,0.392494981755709,4.18374359530417,2.86747517263422e-05,0.000269294031757428
"ENSMUSG00000034664",37.7247076474783,1.64546584232421,0.393464435586617,4.18199383095699,2.88963812319879e-05,0.000270684358706579
"ENSMUSG00000024235",173.767418251905,1.45687018786889,0.349322169854402,4.1705632038073,3.03847766670363e-05,0.000283413358792872
"ENSMUSG00000022500",4056.3041844976,1.2356616174903,0.296617986015553,4.16583510018677,3.1021488115429e-05,0.000288861288939088
"ENSMUSG00000132981",162.956288253963,1.75818006334488,0.422253463026062,4.16380259085375,3.12990753285168e-05,0.000291281332466576
"ENSMUSG00000063011",72.399432894635,2.89468025300586,0.69544112707,4.16236564150526,3.14967471700112e-05,0.000292624688859986
"ENSMUSG00000055421",79.3138021120476,1.27092970505617,0.305360775984018,4.16205945560829,3.15390202198929e-05,0.000292852165753016
"ENSMUSG00000097194",100.538398639958,2.49240199114264,0.598875291268032,4.16180468201542,3.15742362006178e-05,0.000293013895473941
"ENSMUSG00000100287",13.5447634819922,5.02569743930024,1.20807228444134,4.16009662999952,3.18112976900823e-05,0.000295047545843281
"ENSMUSG00000027009",1105.06753552644,1.41200441914824,0.339503584611948,4.15902654094847,3.1960676519965e-05,0.000296266113484337
"ENSMUSG00000090338",43.1044566685741,1.72449079554382,0.41474423200913,4.15796209434894,3.21099287238872e-05,0.000297482136511736
"ENSMUSG00000038811",145.148112633599,1.10315929502032,0.265330043798676,4.15768707993492,3.2148597592197e-05,0.00029767286960649
"ENSMUSG00000027583",124.521583640922,1.07306090077997,0.258234512764391,4.15537369228029,3.2475631342319e-05,0.000300363100443032
"ENSMUSG00000034459",462.296804489318,2.29733540715076,0.553072751232249,4.15376711659051,3.27046030261506e-05,0.000301971889859516
"ENSMUSG00000038179",190.486915082535,1.68498531751377,0.405701043459699,4.15326838487943,3.27759944351486e-05,0.000302461432951711
"ENSMUSG00000053835",129.015538173228,2.01613865501919,0.485590565184931,4.1519312762005,3.29681273350549e-05,0.000303893773973689
"ENSMUSG00000000386",149.742244227966,2.42067717377755,0.583273919416727,4.15015500126978,3.3225020476207e-05,0.000305748190106091
"ENSMUSG00000038552",67.2639647633799,1.13520873013726,0.273882994016631,4.14486753444914,3.40010204522747e-05,0.000312714413243463
"ENSMUSG00000002227",845.732688788387,1.27670790331539,0.308287929623904,4.14128410694804,3.45366854552151e-05,0.000316932805267116
"ENSMUSG00000033355",422.248356123825,2.07394402035052,0.501220418528972,4.13778837350107,3.5066957670728e-05,0.000321261727397437
"ENSMUSG00000051855",89.4976980908274,1.10079430549396,0.266118414137335,4.1364830354275,3.52669414977412e-05,0.000322734662522131
"ENSMUSG00000031875",487.609926859855,1.02485752438767,0.248106988762694,4.13070800423086,3.61647701656847e-05,0.000329850754148292
"ENSMUSG00000004366",201.054273681809,1.0820525303186,0.2621558170084,4.12751676719014,3.66701701164017e-05,0.000334090210639912
"ENSMUSG00000090272",371.988573837428,1.72778457833175,0.419222081137111,4.12140642412073,3.76566424764134e-05,0.000342887889982961
"ENSMUSG00000035279",765.046184658574,1.25788504848906,0.305579168435232,4.11639659512874,3.8484186957551e-05,0.000349842722187831
"ENSMUSG00000043505",86.9933755003317,1.32388869925616,0.321646918701909,4.11596885367055,3.8555637313129e-05,0.000350298817376403
"ENSMUSG00000049871",70.6901391433511,1.30897353127757,0.318244470352253,4.11310691377831,3.90369481646331e-05,0.000354476159754194
"ENSMUSG00000020642",318.999048055005,1.1081239544851,0.269493615198626,4.11187461219954,3.92459438687835e-05,0.000355981252843958
"ENSMUSG00000030365",70.4837099367384,1.5488202424038,0.37683096295355,4.11011937624329,3.95454624328195e-05,0.00035830321850936
"ENSMUSG00000025163",57.7452420759792,2.43164220143528,0.591693325100962,4.10963263954408,3.96289040340936e-05,0.000358664456906698
"ENSMUSG00000030364",5466.36514115943,1.03291679931545,0.251461245756206,4.10765800594526,3.9969133895768e-05,0.000361148107204187
"ENSMUSG00000127315",65.4373170003268,2.95043725453656,0.718348315209888,4.10725158264553,4.00395038804733e-05,0.000361585492256847
"ENSMUSG00000104063",75.4010295281875,1.12172686646898,0.273136785326423,4.10683191254674,4.01122908542882e-05,0.000362044212902493
"ENSMUSG00000058163",365.821917415904,3.6667638964218,0.893257297491835,4.10493584179794,4.04427106956212e-05,0.000364826491058637
"ENSMUSG00000020848",79.5466824298686,1.23288451128566,0.30046315342347,4.10328021002977,4.07333410906518e-05,0.000367045973932896
"ENSMUSG00000029641",156.601281583447,1.42028484999387,0.346153822231604,4.10304540576065,4.07747188580996e-05,0.000367217831816682
"ENSMUSG00000047867",354.36997487211,1.18002712554278,0.287691869052534,4.10170481852338,4.10117253102515e-05,0.000368948652340257
"ENSMUSG00000022575",3852.4053464749,1.2549185386349,0.305986929726361,4.10121615245838,4.10984426958211e-05,0.000369325143068397
"ENSMUSG00000079563",33.3500067559322,2.25083661111904,0.548805221552587,4.10133964241694,4.10765120812575e-05,0.000369325143068397
"ENSMUSG00000018451",125.280440923992,1.14493585161554,0.27943932993706,4.0972609398735,4.18067553003152e-05,0.00037507608311122
"ENSMUSG00000063354",1968.00530566143,1.08988770449617,0.266341247703985,4.0920725343582,4.27534867500215e-05,0.000382527528459567
"ENSMUSG00000048621",53.1526833794508,2.09964841338734,0.514855210094587,4.07813375920115,4.53986468668348e-05,0.00040356259361161
"ENSMUSG00000026875",245.286326194473,1.23464096448759,0.303300052998985,4.07069155537445,4.68737791899942e-05,0.000415106523294715
"ENSMUSG00000063439",83.8319904253619,1.29069265240312,0.317298048320813,4.06776108215493,4.74670122107475e-05,0.000420134097863192
"ENSMUSG00000027514",1463.64318243307,3.20770497746939,0.788872612889197,4.06618879279047,4.77882273088165e-05,0.000422296074173401
"ENSMUSG00000037337",139.454486526718,1.58938057322752,0.390971318787335,4.06521014932055,4.79892013698186e-05,0.000423844539780753
"ENSMUSG00000035109",54.9184990863892,1.28484138804511,0.316105831615208,4.06459248625671,4.81164567475967e-05,0.000424740604523155
"ENSMUSG00000031389",268.947153527975,1.12226370285148,0.276323925582226,4.06140619378805,4.8778017587727e-05,0.000430119177047001
"ENSMUSG00000001700",1166.06258334638,1.20824750599259,0.297797589547233,4.05727765570429,4.96480453626965e-05,0.000437322509794581
"ENSMUSG00000056290",91.7171076791981,2.43400820233201,0.600804179224117,4.05125045147872,5.09446409404946e-05,0.000448263828863369
"ENSMUSG00000060459",19.53882240297,6.31493013391499,1.55972368156313,4.04874928076124,5.1492069885036e-05,0.000452355361001787
"ENSMUSG00000044350",352.237475743282,1.02195993057766,0.252918756757693,4.04066485095349,5.32998833698039e-05,0.000466246535556366
"ENSMUSG00000022456",85.9396389631034,1.20245134071691,0.297773760142392,4.03813734340432,5.38773070794082e-05,0.000470893169912303
"ENSMUSG00000030325",20.2855879824771,3.41847617576223,0.846918422065117,4.03637007614812,5.42845650700284e-05,0.000473853019484558
"ENSMUSG00000034987",38.9087291993878,2.12238022351282,0.525874013349741,4.03591006521422,5.43910497350774e-05,0.000474530923046412
"ENSMUSG00000045502",60.1051643624816,2.17450704022137,0.53961953761169,4.02970405750236,5.58471179975784e-05,0.000486460901372557
"ENSMUSG00000048218",189.281977676425,1.02038495746798,0.253367031614003,4.02729964892397,5.64211087256303e-05,0.000490941180206158
"ENSMUSG00000070034",543.367633907023,1.44940122693114,0.360221947668578,4.02363386326659,5.7306986595099e-05,0.000497124491026372
"ENSMUSG00000030167",20.7892120223654,3.77331055842085,0.937956363828851,4.02290629280208,5.74843718686387e-05,0.000498349243851184
"ENSMUSG00000050164",70.7240958469154,1.48651769734645,0.369634115478042,4.02159225866897,5.78060584029573e-05,0.000500084676556955
"ENSMUSG00000054892",27.0870032733688,3.1390943541514,0.781432679005974,4.01710145798421,5.8918361902167e-05,0.000509172174275788
"ENSMUSG00000034959",60.2401501191561,1.44427508449479,0.359567203074738,4.01670417141629,5.90177336422605e-05,0.000509523668408441
"ENSMUSG00000031762",1507.9264325055,1.70544932930652,0.426048816778669,4.00294347065983,6.25592539896902e-05,0.000536972366231632
"ENSMUSG00000049723",172.134506090658,1.81412575679147,0.453919657136691,3.99657897222366,6.42644494677459e-05,0.000550747335547892
"ENSMUSG00000062488",152.273575573004,2.48113293222924,0.621372361749417,3.99298888229248,6.52456287311897e-05,0.000557994174442377
"ENSMUSG00000047910",71.5997078007151,1.26259643974031,0.316200400521003,3.99302606087763,6.52353954781384e-05,0.000557994174442377
"ENSMUSG00000075010",3137.76766899908,1.95615084108933,0.490911772046931,3.98472995042034,6.75569095739357e-05,0.000574226478647319
"ENSMUSG00000026458",184.155408395319,1.51083883505988,0.379330595409551,3.98290792607614,6.80771352739699e-05,0.000578304374620932
"ENSMUSG00000037979",57.669950926764,1.3999164716005,0.351570571421138,3.98189321120275,6.83684984038945e-05,0.000580479932554572
"ENSMUSG00000043461",375.5913206681,5.86035152118026,1.47293754036075,3.9786829791472,6.92980684325275e-05,0.000586566999523211
"ENSMUSG00000030492",186.600829367947,1.76283411354753,0.443538369559649,3.97447940140488,7.05333659639783e-05,0.000594263461548093
"ENSMUSG00000096727",1034.12423776393,2.02502404530142,0.509556883329197,3.97408829426638,7.06493531248706e-05,0.000594936215086826
"ENSMUSG00000028362",29.2961241516654,2.07368188533927,0.522674339491629,3.96744536446195,7.26471591144661e-05,0.000611446922546757
"ENSMUSG00000057135",40.681212318633,2.63364189250998,0.665569946656407,3.95697237494044,7.59057050205145e-05,0.000635946881299099
"ENSMUSG00000000594",1357.66531843475,1.13701337049624,0.28745424342675,3.95545863905807,7.6387963736329e-05,0.000638362968015829
"ENSMUSG00000069609",21.6050039703589,4.02351254667537,1.01807814306423,3.95206652267901,7.74791939495648e-05,0.00064649770399984
"ENSMUSG00000011148",67.2308334433231,1.47715879872027,0.373793978417233,3.95179934405323,7.75657675098111e-05,0.000646892214039524
"ENSMUSG00000038037",299.602991208958,3.6184187824155,0.915866827077395,3.95081323554667,7.78860874201668e-05,0.000649234763138332
"ENSMUSG00000070354",33.7170766541892,2.14501337599786,0.542964715397969,3.95055758720096,7.79693341799753e-05,0.000649599771561201
"ENSMUSG00000017316",110.572813586562,2.45573749931207,0.622113074637195,3.9474134195688,7.90000730310272e-05,0.000656399429595002
"ENSMUSG00000097804",80.2034306341697,2.494482545557,0.631967868695386,3.94716672970499,7.90814869645803e-05,0.000656539848662575
"ENSMUSG00000076545",334.466159038085,2.54580980770621,0.645003609239863,3.94696986379107,7.91465146258456e-05,0.000656748523329283
"ENSMUSG00000032271",90.4184929862829,1.59327847071252,0.404168028526195,3.94211901550558,8.07648796200023e-05,0.000669165683535027
"ENSMUSG00000030577",264.466946868513,1.6294143561552,0.413500486103338,3.94053794594087,8.12990886372187e-05,0.000673252965912742
"ENSMUSG00000000628",6892.46718852371,1.85817212677066,0.471962103283426,3.93712146344678,8.24648714170093e-05,0.000680644294278916
"ENSMUSG00000000706",23.2685536487889,2.5959811385049,0.6595255450865,3.93613432845035,8.28046355749936e-05,0.000682517643207667
"ENSMUSG00000057074",242.558495593289,2.31322535294843,0.58770166722588,3.93605375303343,8.28324273297041e-05,0.000682517643207667
"ENSMUSG00000047415",120.287494883587,1.26819981992692,0.322227077170799,3.9357332445861,8.29430631383817e-05,0.000683087367907543
"ENSMUSG00000043458",24.0783174730362,2.03116082790113,0.516508174385455,3.93248534801568,8.40721055946443e-05,0.000691348189013301
"ENSMUSG00000025746",56.3225531348962,5.63739153653474,1.43490836512934,3.92874672246167,8.53897151848492e-05,0.000699388498053817
"ENSMUSG00000079298",99.0639492318898,1.82373962133297,0.464322307683339,3.92774499771986,8.57460551723522e-05,0.00070160899915628
"ENSMUSG00000035934",137.499598420345,1.05760878558802,0.269290673644619,3.92738735164569,8.58736193832496e-05,0.000702303723748851
"ENSMUSG00000112627",77.572928052288,1.91017973466061,0.486451309198995,3.92676450559042,8.60962025624482e-05,0.00070342520237498
"ENSMUSG00000115368",21.6392297800433,2.60933281499841,0.664999959330308,3.92380898432859,8.71598523507735e-05,0.000711056813305641
"ENSMUSG00000026072",1223.73420070413,1.24207906974387,0.316875491660298,3.9197700751039,8.86334868600852e-05,0.000721341711143762
"ENSMUSG00000012889",34.6922621995102,2.008068238206,0.512846899028748,3.9155315982391,9.02052289283815e-05,0.000732633785815463
"ENSMUSG00000121482",26.7271431891151,2.04755794294359,0.523394703677094,3.91207233959102,9.15074905239414e-05,0.00074121570761537
"ENSMUSG00000019817",193.897584155757,1.19646657023512,0.30597493314907,3.91034179800672,9.21656090434323e-05,0.000745612983627531
"ENSMUSG00000039005",783.628775297483,1.11147479132029,0.28425680838012,3.91010789734184,9.22549027754635e-05,0.000745968793905921
"ENSMUSG00000032269",199.944544625461,1.12992725659154,0.289053194005211,3.90906338357629,9.265465359253e-05,0.000748098853405503
"ENSMUSG00000020598",37.9784082931104,1.41045162974606,0.360809877658499,3.90912698648742,9.2630265119892e-05,0.000748098853405503
"ENSMUSG00000038301",636.09457433584,1.5049076278916,0.385232046192216,3.90649646821103,9.36440114261019e-05,0.000755346085305202
"ENSMUSG00000076490",41.4688895590883,2.27692359622194,0.583465508550908,3.90241336094895,9.52383325435604e-05,0.00076632877256336
"ENSMUSG00000052726",60.3351384336508,1.38110620365224,0.353933483488501,3.90216316930385,9.5336853010815e-05,0.000766746756774327
"ENSMUSG00000040612",138.031261022158,1.45284958710542,0.372710585503609,3.89806365478546,9.69649309174569e-05,0.000777561450411151
"ENSMUSG00000027078",551.519624813157,1.85765080465305,0.477018849753691,3.89429223942041,9.84858600079217e-05,0.000788605405306622
"ENSMUSG00000028480",462.658973942846,1.35329772693231,0.347958356508251,3.88925197978461,0.000100553672784714,0.000803209662811617
"ENSMUSG00000006731",726.173811228038,1.90117377109732,0.488922680421406,3.8884957626811,0.000100867431032729,0.00080532517802707
"ENSMUSG00000036006",167.907671083686,1.53694579092385,0.395471464341381,3.8863633144391,0.000101757179142182,0.000811641686152004
"ENSMUSG00000027559",681.413835332904,1.49644152545763,0.385667156438886,3.88013731652765,0.000104397509109047,0.000830689314868172
"ENSMUSG00000048332",1119.18625658759,1.0748033623007,0.277039015111003,3.87961010426655,0.000104624034564502,0.000831687822808011
"ENSMUSG00000033419",74.2268631621909,1.13989238937109,0.293943816339408,3.87792607297067,0.000105350717621373,0.000836656470912041
"ENSMUSG00000003541",292.849904053946,1.22608443628152,0.316835739494751,3.86977945807732,0.00010893385050465,0.000861786631839526
"ENSMUSG00000012705",44.5922420429643,2.50631401376734,0.648011304166089,3.86770106887666,0.00010986622940456,0.000868745309648068
"ENSMUSG00000032369",2717.50047074037,1.08023044759312,0.279393375105345,3.86634238262027,0.00011047980900871,0.000872758683162379
"ENSMUSG00000028871",46.1317256749345,2.30158553544056,0.596470602240476,3.85867388400248,0.000114003941625394,0.000898442743407782
"ENSMUSG00000090698",129.532804226093,1.26693461790814,0.328441731573316,3.85741060321177,0.000114594570164832,0.000902233576577535
"ENSMUSG00000044258",286.193824730628,1.82528436638254,0.473231788582677,3.85706203687043,0.000114758044589962,0.00090308876103468
"ENSMUSG00000121430",27.4578120507644,1.72867294013896,0.448620837374729,3.8533050543415,0.000116534052521067,0.000915132982748536
"ENSMUSG00000050919",157.619997553883,1.26689797419836,0.329196671352884,3.84845317236001,0.000118866012683209,0.000931346809648959
"ENSMUSG00000057346",159.932698101248,2.56456912330257,0.666393406473306,3.84843111950162,0.000118876711708863,0.000931346809648959
"ENSMUSG00000004359",27.1206310338065,2.07902295975023,0.540367057090505,3.84742728571261,0.000119364687926175,0.00093398329720942
"ENSMUSG00000076928",55.9170113737431,2.72620409802164,0.708833810798481,3.84604128145447,0.000120041546911974,0.000938387458125277
"ENSMUSG00000050232",34.9520897275109,2.28040392688286,0.593053256381351,3.84519248877792,0.000120457842137776,0.000941194805464736
"ENSMUSG00000034156",61.5328565991531,1.14281190924611,0.297287282261918,3.84413319181027,0.00012097928991085,0.000944372712092141
"ENSMUSG00000021136",214.835656650639,1.58230763372332,0.411858623439388,3.84187083545716,0.000122100088579847,0.000951767877978233
"ENSMUSG00000039899",2875.0082992221,1.12735865341551,0.2937643747246,3.83762889721531,0.000124228029929697,0.000964246137073365
"ENSMUSG00000020053",611.602234897541,1.81554894645987,0.47334795465371,3.83554830777306,0.000125284477137384,0.000971987910986217
"ENSMUSG00000034059",99.3264662827215,1.1163254797089,0.291233684437077,3.83309190990951,0.00012654264680031,0.000981286667109517
"ENSMUSG00000042345",19.6771401006533,2.82230389771277,0.737073706842752,3.82906603710242,0.000128630490573571,0.000995601206540995
"ENSMUSG00000037613",87.2949411787528,2.02319609546875,0.528449431031776,3.82855194208184,0.000128899429160101,0.000996825477627952
"ENSMUSG00000041134",453.022975633391,1.21716025022613,0.318086381887621,3.82650851948811,0.000129973653236373,0.00100363801746267
"ENSMUSG00000045349",20.9922778411903,1.98218753094643,0.518705349964584,3.8214133150579,0.000132689054949956,0.00102316623496072
"ENSMUSG00000061577",104.345352610319,1.60280376479916,0.419462088141449,3.82109327663165,0.00013286138588678,0.00102401544749722
"ENSMUSG00000057465",496.698478249179,1.78544653624302,0.467442007906065,3.81961078817249,0.000133662415319757,0.00102970722667719
"ENSMUSG00000031517",99.5779391598648,1.26035533854393,0.330328720817863,3.81545793361051,0.000135930612508358,0.00104473654235532
"ENSMUSG00000050666",244.818446022133,1.39442860607514,0.365614637667948,3.81392992077511,0.00013677426758615,0.00104975047425211
"ENSMUSG00000032094",35.5087106459481,2.96167031121258,0.777673596739584,3.80837194888634,0.00013988475327473,0.00107112683402878
"ENSMUSG00000075033",72.9792035284509,1.66267234325211,0.436620071694376,3.8080529298615,0.000140065297133276,0.00107201068652028
"ENSMUSG00000031963",113.462051720461,2.0193155698022,0.530817779751517,3.80415963223287,0.000142286405755569,0.00108749354593962
"ENSMUSG00000030798",327.532274025707,1.4374091222816,0.377978567660612,3.80288525663777,0.000143020608312195,0.00109209103647665
"ENSMUSG00000099398",67.6602648793884,1.21094566022833,0.318596626248092,3.80087408485413,0.000144186561812618,0.00109935789821535
"ENSMUSG00000061535",150.445513070917,1.24350112799771,0.327507357327122,3.79686471212819,0.000146537708992836,0.00111481067613173
"ENSMUSG00000032093",70.5192484260631,1.99508106363796,0.525770821140899,3.7945830833836,0.000147891754021748,0.00112251818647305
"ENSMUSG00000002033",57.7789796944915,2.1297493824783,0.561870537432562,3.79046282122226,0.000150366839702451,0.00113972803039661
"ENSMUSG00000000244",61.6669576344891,1.81214172404003,0.478322577809712,3.78853478407398,0.000151538378237085,0.00114755120557365
"ENSMUSG00000094724",2440.9502269394,1.36737835231513,0.360996314183272,3.78779034187296,0.000151993020851436,0.0011504648746102
"ENSMUSG00000060791",248.115395830175,1.17686550032048,0.310730712423037,3.7874128731706,0.000152224037249316,0.00115168397299425
"ENSMUSG00000055912",99.4472004621239,1.15737097823671,0.305697277543424,3.78600355075882,0.000153089487418039,0.0011576996928632
"ENSMUSG00000048070",243.729732308018,1.03934094053549,0.274538206389604,3.78577886919148,0.000153227889345661,0.00115821429857558
"ENSMUSG00000026042",4225.81227906208,1.29097164563348,0.34172679563245,3.77778875444702,0.000158227000017998,0.0011899913665127
"ENSMUSG00000061780",797.058889582404,2.10542530575678,0.557335241754464,3.77766404853389,0.000158306226754429,0.00119004356669323
"ENSMUSG00000121399",29.9402883185178,2.47385810404995,0.655244904136762,3.77547095510659,0.000159705633798983,0.00119837458944059
"ENSMUSG00000095589",496.617174614176,1.27763966673672,0.33859888917534,3.77331322571204,0.000161093829896093,0.00120769021929844
"ENSMUSG00000040033",1421.19884392243,1.72838302789783,0.458170337241762,3.77235907130719,0.000161711308016243,0.00121066542240628
"ENSMUSG00000046718",612.858695765707,1.72412899922487,0.45736946751974,3.76966352514656,0.000163467777227283,0.00122270332416754
"ENSMUSG00000032750",21.1918254087456,1.92816857961598,0.512528064310619,3.76207414555822,0.000168510072382792,0.00125699198986765
"ENSMUSG00000062826",331.248998617097,3.49423043445181,0.931031339360586,3.75307498977594,0.000174678572098822,0.00129771359768182
"ENSMUSG00000125995",131.375533690803,4.85669874488916,1.2946634881032,3.75132131980076,0.000175905092019636,0.00130564721817821
"ENSMUSG00000021624",117.360290853598,1.54393836527827,0.412144066983692,3.7461132864964,0.000179595512003211,0.00133123859257491
"ENSMUSG00000037225",478.157741556585,1.08365495107831,0.289286836326953,3.74595320283969,0.000179710092538213,0.00133148841289676
"ENSMUSG00000024052",909.657440536888,1.07875076271068,0.288131752984821,3.74394960477511,0.000181150001935445,0.00134155307326281
"ENSMUSG00000016458",25.9667981186652,3.60988633793415,0.965177898154952,3.74012536428244,0.000183928497078171,0.00135907309129171
"ENSMUSG00000030165",42.4644424595156,2.03116356536325,0.543094438177552,3.73998226197854,0.000184033241411599,0.0013592369911885
"ENSMUSG00000042607",22.164137997123,2.77932623997161,0.743306724740023,3.73913775762449,0.00018465252274791,0.00136285739790395
"ENSMUSG00000051627",32.3232239382518,2.80521202788768,0.75023961604879,3.73908810982497,0.000184688990750392,0.00136285739790395
"ENSMUSG00000021280",79.3821535121936,1.78764531335175,0.478284828536164,3.73761659725443,0.000185772946161734,0.00136962830840154
"ENSMUSG00000039304",1308.01545930507,2.75084651930818,0.737088183152444,3.73204534027818,0.000189931303758415,0.00139778232175896
"ENSMUSG00000027996",281.657671457895,1.39759524249915,0.37465728552486,3.73032981472988,0.000191229277797595,0.00140668547196497
"ENSMUSG00000050014",129.880763034326,2.64377552739152,0.710354788867897,3.72176772624416,0.000197832961971246,0.00144880963208747
"ENSMUSG00000095642",285.267143552029,1.92977333271197,0.519340888107102,3.71581244015973,0.000202551798569576,0.00148073279744713
"ENSMUSG00000029925",192.851714855978,1.19207295272139,0.321063937213396,3.71288336855183,0.000204911331854609,0.00149532591149044
"ENSMUSG00000030134",50.0840776609537,1.86373653026086,0.502439054337071,3.70937831001198,0.000207768787611749,0.00151015344390827
"ENSMUSG00000130235",46.8969470505732,1.41976602581403,0.382746029604961,3.7094206497175,0.00020773404847237,0.00151015344390827
"ENSMUSG00000051262",46.1445966587371,1.55884853652708,0.420433683106931,3.70771562594,0.000209137319151155,0.00151942969337399
"ENSMUSG00000042985",71.8600940009756,2.91714497520138,0.787753372233433,3.70311962858466,0.00021296439497397,0.00154295600790131
"ENSMUSG00000074445",7101.24834660619,1.30717587283089,0.353037884784858,3.70265042129256,0.000213358780903793,0.00154464626649918
"ENSMUSG00000007908",58.0794891702436,1.00187673749778,0.27060525483974,3.70235507100969,0.000213607385267338,0.00154576632248623
"ENSMUSG00000022206",90.3082468362242,1.39087101654816,0.375728546767233,3.70179755708,0.000214077401420429,0.00154848693303362
"ENSMUSG00000007682",125.885125854469,4.58959087626431,1.24048237292418,3.6998436869726,0.000215732302744006,0.00155771969301516
"ENSMUSG00000036353",91.988742747233,1.1737156196221,0.31732336157429,3.698799904927,0.000216621287070837,0.00156276785672532
"ENSMUSG00000029193",154.705423520137,2.66545968098666,0.720956319929583,3.6971167424498,0.000218062077671876,0.00157178458174785
"ENSMUSG00000026950",35.8397101598678,1.96562719365346,0.531734170597537,3.6966350901327,0.00021847602585253,0.0015740791306828
"ENSMUSG00000024907",80.1396081918488,1.87309890352342,0.507691091029759,3.68944607580996,0.000224742857081192,0.0016164008982646
"ENSMUSG00000070407",186.169467580003,1.19599966373173,0.324191018057236,3.68918198566678,0.000224976252817189,0.00161737294765475
"ENSMUSG00000025461",39.170610237217,3.23144311744555,0.876701092181687,3.68591204717681,0.000227885048713346,0.00163664093908847
"ENSMUSG00000027313",82.8852076426141,2.65512323222501,0.721380604915677,3.68061355424904,0.000232673411827398,0.00166616023441255
"ENSMUSG00000102418",21.7528802956498,1.85590405942627,0.504522466171763,3.67853600952317,0.000234576575647668,0.00167905833255981
"ENSMUSG00000025352",119.547643171012,1.28707677248678,0.349993082825427,3.67743488555962,0.000235591188918822,0.00168542047216176
"ENSMUSG00000042401",35.1793366836142,2.3526198944414,0.640771525435889,3.67154250938509,0.000241090967095571,0.00171821670618805
"ENSMUSG00000029204",74.9283456916117,1.75697490114732,0.478856712193493,3.66910363039324,0.000243402405005444,0.00173244003182214
"ENSMUSG00000006345",118.121022072917,3.17701471851604,0.866679197319599,3.66573321286777,0.000246630936896415,0.00175238891416732
"ENSMUSG00000039013",28.0893484042813,2.57879508695528,0.703686042332909,3.66469552018665,0.000247633005012557,0.00175874985397831
"ENSMUSG00000030787",1037.81464432521,1.13297569125466,0.30918318148314,3.6644156574747,0.000247903913018973,0.00175991467012995
"ENSMUSG00000005124",149.141703469482,1.21708691021965,0.332418636737558,3.661307687693,0.000250931181789616,0.001779104240225
"ENSMUSG00000031445",39.2161555438342,1.59973078606721,0.437790110050727,3.6541044426103,0.000258081204188118,0.00182351539251029
"ENSMUSG00000097910",64.0761579059432,1.1106074581117,0.303961608063077,3.65377543956548,0.000258412294916262,0.00182507147627903
"ENSMUSG00000027173",24.2726472042863,2.43994808430399,0.667950787148337,3.65288600784617,0.000259309365355084,0.00183062181897116
"ENSMUSG00000022032",847.289768562081,1.32913816078852,0.363933896209197,3.65214170659307,0.000260062302186884,0.00183515031328876
"ENSMUSG00000027863",58.4654912268332,1.65551739419583,0.453420252202643,3.65117655453983,0.000261041704850793,0.00184127231660609
"ENSMUSG00000022582",2179.56638155578,2.05772801029899,0.563637757367574,3.65079873269926,0.00026142604631072,0.00184319357619417
"ENSMUSG00000001444",19.1579864679748,3.69180369940581,1.01137189010822,3.65029296890068,0.000261941367983173,0.00184603627615881
"ENSMUSG00000030156",46.1561831729315,1.75056366600238,0.48072192010834,3.64153077439834,0.000271021719905105,0.00190188856555744
"ENSMUSG00000049734",179.91151073899,1.51574720708153,0.416333681802122,3.64070281443609,0.000271894831449995,0.00190639037911468
"ENSMUSG00000030107",253.657679026264,3.79034852876852,1.0412698218366,3.64012136842982,0.000272509560816421,0.00190932030401254
"ENSMUSG00000032554",2239.40721606139,1.05510085860453,0.28985584917054,3.64008820806562,0.000272544658593784,0.00190932030401254
"ENSMUSG00000023868",126.157183771423,1.29268032054272,0.355239985973049,3.63889306267677,0.000273812462828375,0.00191580845369411
"ENSMUSG00000028793",1538.94874920039,1.35695989311484,0.373521684075382,3.63288117120662,0.000280274109476654,0.00195597823836971
"ENSMUSG00000030717",2490.66095614948,1.98967554790615,0.547758988183663,3.63239233098447,0.000280805753883182,0.00195802843124897
"ENSMUSG00000022309",141.37697872444,1.13197870282108,0.311958990196793,3.62861381910166,0.000284947117599521,0.00198019603083196
"ENSMUSG00000000204",2952.99545759182,1.69628922398582,0.467691800062721,3.62693813267271,0.000286801977138848,0.00198972648530841
"ENSMUSG00000063889",197.785190450278,1.16732512197739,0.321881927796872,3.62656310022491,0.00028721865630098,0.0019917779017199
"ENSMUSG00000002578",71.8510742278159,1.21899884435446,0.336146474368111,3.62639187766566,0.000287409081350945,0.00199225924474973
"ENSMUSG00000020010",16.2785039839136,3.04409891366086,0.84043858663419,3.62203611551434,0.000292293301221622,0.00202185908319814
"ENSMUSG00000013418",937.556157332785,1.81663835323517,0.501973775758725,3.61899055481406,0.000295754431559678,0.00204236795585863
"ENSMUSG00000045362",22.962347351277,2.54070305684979,0.702136158582113,3.61853327989897,0.000296277404591971,0.00204426442237956
"ENSMUSG00000029718",1071.83980918863,1.02525830615442,0.283832779955859,3.61219132728034,0.000303620412585446,0.00209054908088423
"ENSMUSG00000139803",25.5277970961979,1.77154590592119,0.491255997044172,3.60615629443786,0.000310766004668748,0.00213238706727374
"ENSMUSG00000068086",704.190078377955,1.77757957822837,0.492940171577809,3.60607570800868,0.000310862477158292,0.00213238706727374
"ENSMUSG00000042726",2059.60296386295,1.35151850202371,0.374994740958888,3.60409988302179,0.000313236587791352,0.00214688340749751
"ENSMUSG00000066258",774.630410275146,1.21920447442647,0.338884965430352,3.59769419949982,0.000321050769737251,0.00219586988873468
"ENSMUSG00000000562",26.8109741366551,1.9884618091241,0.553025658350463,3.59560497618715,0.000323638585912372,0.00221265034878546
"ENSMUSG00000046402",182.056840289764,1.77205870424002,0.492973305341291,3.59463420237979,0.000324847666442159,0.00221907349901961
"ENSMUSG00000029298",970.679229150903,2.72479014060536,0.758078961442665,3.59433552333379,0.000325220515187189,0.00221977833396629
"ENSMUSG00000043635",53.2196825604942,1.49747115934758,0.416813093091375,3.59266823467875,0.0003273092033094,0.00223125938471331
"ENSMUSG00000026107",470.930942241914,1.09047495173066,0.303759196030091,3.58993230816505,0.000330763845736746,0.00225387632134273
"ENSMUSG00000024261",133.399804338382,1.09416362381149,0.305134089351955,3.58584524638094,0.000335988170578327,0.00228474731608054
"ENSMUSG00000018168",163.125992786292,1.34514203508117,0.375174655212625,3.58537554813991,0.000336593488326042,0.00228791849641273
"ENSMUSG00000046814",35.1088672773555,1.29631319325432,0.362429927954076,3.57672778451833,0.000347922150585356,0.00235616715964077
"ENSMUSG00000031673",861.294670916202,1.12290271143649,0.313965718427939,3.57651375780448,0.00034820699887367,0.00235712657173406
"ENSMUSG00000030650",1927.11773300188,1.12601667718013,0.314924511967417,3.57551297022135,0.000349541844836596,0.00236324738872479
"ENSMUSG00000061728",27.0426668844594,2.92789538583268,0.819139246425768,3.57435612883678,0.0003510907981379,0.00237079893754891
"ENSMUSG00000023272",811.137731506748,1.18848826883654,0.332495373635829,3.57445054299688,0.000350964142056859,0.00237079893754891
"ENSMUSG00000090164",26.884538437123,1.84103553796986,0.51546596235809,3.57159477523543,0.00035481410371206,0.00239397729074248
"ENSMUSG00000109243",16.3073107371133,1.96395938165891,0.550553316607211,3.56724648170649,0.000360752118343474,0.00242608746907214
"ENSMUSG00000018822",92.3616539932591,1.03609560452405,0.290735915498416,3.56370007726031,0.000365663741500308,0.00245110837798028
"ENSMUSG00000075012",76.4265055051059,1.22894530339915,0.344923116237496,3.56295430936837,0.000366704524162693,0.00245708448566969
"ENSMUSG00000022584",251.028894585859,1.8272366740097,0.513010150629227,3.56179438509846,0.000368328802805672,0.00246596058584375
"ENSMUSG00000033576",681.574869234233,3.42511171809295,0.962235685733971,3.55953512104506,0.000371511849405254,0.00248323165926053
"ENSMUSG00000095687",2099.59222805848,1.02458769933821,0.289031845813814,3.54489553375452,0.000392768719126842,0.00261258643352937
"ENSMUSG00000026043",43494.7462209277,1.40951148482554,0.398220809414414,3.53952242450171,0.000400851713026987,0.00265455420416866
"ENSMUSG00000032739",35.4646117216919,1.74281550490089,0.49304535825888,3.53479751042663,0.000408087750109192,0.00269596654496293
"ENSMUSG00000004371",141.55247079481,4.34729133228475,1.23072067047345,3.53231357576239,0.000411940562420792,0.00272032790980084
"ENSMUSG00000020256",101.562642802501,2.16462914465714,0.612846281355823,3.53209150566803,0.000412286663070537,0.00272043099564339
"ENSMUSG00000059049",63.2050491453327,1.93314944483685,0.547329592052358,3.53196588108454,0.000412482571734776,0.00272063324457918
"ENSMUSG00000045404",37.1036176131188,1.3645360599442,0.386753266332307,3.5281823806803,0.000418423757229855,0.00274880698933564
"ENSMUSG00000041912",42.1915723540015,1.35286242497909,0.383480264779799,3.5278541015818,0.000418943000124853,0.00274971960186025
"ENSMUSG00000007805",44.3807108317862,1.37366737086391,0.389721209399814,3.52474368274543,0.000423892734871447,0.00277697815128875
"ENSMUSG00000050350",29.2179972455199,2.1045796346594,0.597239258273753,3.52384677581717,0.000425330130229103,0.00278366951149859
"ENSMUSG00000076613",218.743933871459,2.40822971903164,0.683402551774483,3.52388166063847,0.000425274138374439,0.00278366951149859
"ENSMUSG00000070031",371.215880988694,1.38369693621519,0.392802119683042,3.5226310319601,0.000427285764468151,0.00279475786270924
"ENSMUSG00000120913",54.6582538446637,1.41311614358751,0.401275516167175,3.52156083950756,0.000429014211048754,0.00280272260178398
"ENSMUSG00000030111",39.5694968907083,4.21267535944996,1.19740330776535,3.51817581605972,0.00043452437112608,0.002831977324564
"ENSMUSG00000040432",36.8965979592553,1.31634945587412,0.374913403488601,3.51107600748699,0.000446296772698538,0.00290410425649645
"ENSMUSG00000073530",475.541671751437,1.21845418762398,0.347074612954171,3.51064048520562,0.00044702852872454,0.00290771658174323
"ENSMUSG00000028978",169.994765932634,1.21189457867646,0.345391783049467,3.50875335822016,0.000450212199693131,0.00292495794930861
"ENSMUSG00000045932",1218.73309078425,2.61672866119214,0.74585266287936,3.50837208395861,0.000450857991243123,0.00292799807094104
"ENSMUSG00000040663",122.983821812071,1.04928677345005,0.299217044552611,3.50677473945023,0.000453572937279097,0.00294446816499439
"ENSMUSG00000048636",19.54812732578,2.59549893850591,0.741338796743755,3.50109686678525,0.00046334739521834,0.00299964143432148
"ENSMUSG00000029661",16099.361749443,1.30514188924936,0.372873477113338,3.50022720670114,0.000464861756996498,0.00300699429362642
"ENSMUSG00000033082",66.4807258964003,1.02194400087729,0.291973146759496,3.50013010518081,0.000465031128686926,0.00300699429362642
"ENSMUSG00000049241",91.1364103405102,1.00443652555571,0.287004106899649,3.49972875442828,0.000465731805493605,0.00300798066451205
"ENSMUSG00000050592",85.101907495543,1.8045229951351,0.516048750822516,3.49680721493642,0.000470861977444156,0.00303516082015001
"ENSMUSG00000044703",24.5287673665123,2.42368103192913,0.693541723511989,3.4946434363833,0.000474695462640986,0.00305628134589697
"ENSMUSG00000031343",134.218512143565,1.20029231169103,0.343893308040019,3.49030435786016,0.000482470729289768,0.0030978610047962
"ENSMUSG00000056148",903.59000703596,1.83524018058656,0.526094677336842,3.48842187470282,0.000485880789102537,0.00311489697468655
"ENSMUSG00000076752",14.2537489914474,3.13317026326438,0.900067907740437,3.48103763762671,0.000499475300125118,0.00319092803729574
"ENSMUSG00000029510",53.8880960946843,1.37515175215522,0.395323872735414,3.4785446743703,0.000504144396812148,0.00321445747665314
"ENSMUSG00000099041",74.6760240024924,1.64915958926561,0.474297588518721,3.47705666060016,0.000506950672984906,0.00322984865686939
"ENSMUSG00000025092",851.079910639837,1.00660056708305,0.289564771275481,3.47625356029727,0.000508471300643869,0.0032370313312065
"ENSMUSG00000023206",239.344057710171,1.02331350708723,0.294495428964871,3.47480268432043,0.000511229242037631,0.00325081769473369
"ENSMUSG00000066677",46.5098732680179,2.12655774514205,0.612465080916658,3.47212896114713,0.000516348230017693,0.00327703967262192
"ENSMUSG00000022226",36.0070715029068,2.73229076543134,0.787116123519272,3.47126768692656,0.000518007333369502,0.00328630240048637
"ENSMUSG00000101031",747.767476912564,1.30311180408002,0.375666779589984,3.46879701607441,0.000522794286829286,0.0033128415489109
"ENSMUSG00000023073",342.867856019817,1.93231715594208,0.557126288062233,3.46836470894771,0.000523636113121719,0.00331689931909306
"ENSMUSG00000000394",856.022709799199,1.2563509800083,0.362436257810838,3.46640534144354,0.000527467427608345,0.00333805890702215
"ENSMUSG00000028444",39.6071006840317,1.35423974514422,0.391161341597756,3.46210016463444,0.000535977641371543,0.00338206205822143
"ENSMUSG00000060924",62.6436793821605,1.4677474677847,0.423946639651259,3.46210426149875,0.000535969482466804,0.00338206205822143
"ENSMUSG00000069171",59.8922290350363,1.45791615682678,0.42120414986631,3.46130530121681,0.000537562802925786,0.00338946626754777
"ENSMUSG00000058216",101.096917248365,1.38668845953417,0.400690434769902,3.46074759765724,0.000538677613290272,0.00339519507947846
"ENSMUSG00000026630",49.7565194773881,1.6877901817585,0.488077552185217,3.458036892297,0.00054412686780701,0.00342168091088877
"ENSMUSG00000037922",127.207893922269,1.52728281899184,0.441892149816256,3.45623433144694,0.000547778887802407,0.00344333097743071
"ENSMUSG00000054855",42.1667133975175,2.16694535069038,0.627009508833063,3.45600077855808,0.000548253737453759,0.00344500048843559
"ENSMUSG00000045733",41.2306929186001,1.19904713796446,0.346962104867144,3.45584466183587,0.000548571361030342,0.00344568115858166
"ENSMUSG00000030157",1420.32606995839,1.10292942659727,0.319247681065249,3.45477662646466,0.000550748909048745,0.00345672104066698
"ENSMUSG00000128022",124.217558880413,1.9276263346598,0.557982609120694,3.45463515018412,0.00055103795903107,0.00345721719494226
"ENSMUSG00000041347",45.941557420025,2.24617731884787,0.650479333549712,3.45311096447957,0.000554160995448899,0.00347416316377579
"ENSMUSG00000057137",660.216810440223,1.25127421598149,0.362379630597041,3.4529375007087,0.000554517463468327,0.00347507461023185
"ENSMUSG00000067276",51.5638307777872,1.87796269767994,0.544459877839635,3.44922146537503,0.000562205402442943,0.00351789720274351
"ENSMUSG00000079056",57.5496531761084,1.10906492935564,0.321609913054081,3.4484786828357,0.000563753967610151,0.00352624679664358
"ENSMUSG00000000686",38.6342871541389,1.5833346263537,0.459604676317325,3.4449924205308,0.000571075404784754,0.00356699800363008
"ENSMUSG00000135464",23.3087998663385,1.78653035438511,0.51904269080972,3.44197189560279,0.000577490244429709,0.00359849428237937
"ENSMUSG00000094787",56.2174294257611,2.13956009640203,0.621669560605429,3.4416356083421,0.000578208570197082,0.00360160714761807
"ENSMUSG00000076547",136.386661022707,2.87442941685577,0.837052852344499,3.43398796002522,0.000594770613836874,0.00369051032938413
"ENSMUSG00000021123",30.8685964440591,1.89707402708646,0.552925736456519,3.43097436419591,0.000601417433775675,0.00372363114413273
"ENSMUSG00000037411",234.030772723101,1.60419502306889,0.467650417446768,3.43032950088512,0.000602848701920598,0.00372908140621243
"ENSMUSG00000027737",186.46916476775,1.54638900040112,0.450865434950282,3.42982380224299,0.000603973312436037,0.00373383876929571
"ENSMUSG00000045062",24.8786947218146,1.96987637012475,0.574927654978951,3.42630303667837,0.000611857337208736,0.00377266192601776
"ENSMUSG00000013338",141.316520858109,1.13283956515484,0.330716519872149,3.42540966986706,0.000613873024827599,0.00378225733822484
"ENSMUSG00000005667",200.961183754561,1.50793906927719,0.440327269408514,3.42458706067147,0.000615734526072869,0.00379088911845087
"ENSMUSG00000078153",58.9750450917395,1.75805405919108,0.513557345746564,3.42328675415084,0.000618687736120843,0.00380480246535579
"ENSMUSG00000123583",13.7251106707356,2.15766363035891,0.630626448661875,3.42146073152696,0.000622857187939348,0.0038234175926328
"ENSMUSG00000133723",34.0835190775106,2.69952552683124,0.788972680392014,3.42157034574371,0.000622606164398733,0.0038234175926328
"ENSMUSG00000018500",17.5451819029976,2.78219443898411,0.813161775389138,3.42145256108809,0.000622875902535454,0.0038234175926328
"ENSMUSG00000058248",34.4852188014391,1.41856150422546,0.414785487500949,3.41998827580055,0.000626238346422412,0.0038411929572102
"ENSMUSG00000032532",22.1719810333367,2.76180797105567,0.808441107323305,3.41621417569899,0.00063498284040098,0.00388181303435623
"ENSMUSG00000019789",50.3796411923403,1.05029409618855,0.307647107081006,3.41395732972715,0.000640266025165109,0.00390830536607089
"ENSMUSG00000028497",304.279984433784,1.10871304244834,0.324805191726744,3.41347081478024,0.000641410280992584,0.00391238883141197
"ENSMUSG00000022878",130.638606600574,1.8932440092269,0.554698544409455,3.4131043398401,0.000642273465172097,0.00391620298412157
"ENSMUSG00000076543",47.1267408682356,2.29223619381377,0.671835806241301,3.41189941429004,0.000645119133123022,0.00392918841605783
"ENSMUSG00000040899",31.5345659716051,1.6118767729617,0.472422239967143,3.41194092190453,0.000645020910044578,0.00392918841605783
"ENSMUSG00000024339",1957.73148757046,1.32059328502394,0.387249877579265,3.41018386701395,0.000649190972507295,0.00394814591074533
"ENSMUSG00000048915",167.774993774423,1.09538243711573,0.32137569827878,3.40841713602606,0.000653409268665762,0.00397086629385177
"ENSMUSG00000109866",75.104556933776,1.26837997733775,0.372233222402655,3.4074872982877,0.000655639599584598,0.00398001280529544
"ENSMUSG00000111116",16.2967612763062,1.88786169044567,0.554216346660073,3.40636233814227,0.000658347419185996,0.00399056463993337
"ENSMUSG00000073940",232.485024323157,1.78599877560686,0.524867551320641,3.40276088912914,0.000667086334077745,0.0040375890874713
"ENSMUSG00000140893",48.8556754037747,1.75284466908608,0.515892911342871,3.39769093652288,0.000679571467102505,0.00410560919739763
"ENSMUSG00000028111",443.52899697483,1.20800545460106,0.35582097890635,3.39498097699011,0.000686333691485485,0.00413735319037918
"ENSMUSG00000036067",56.9936624400307,1.72687116907964,0.508909134231957,3.39327996477372,0.000690610161315738,0.00415876276646674
"ENSMUSG00000085887",32.0703570530539,1.67384303496152,0.493586279312776,3.39118631354994,0.000695907754222987,0.00418363913790188
"ENSMUSG00000026358",339.198181728698,1.16284866126891,0.343264493703029,3.38761707837727,0.000705026195717081,0.00422835929329337
"ENSMUSG00000052248",60.3307943856772,1.65428241382762,0.489347506237027,3.38058821745856,0.000723308520563468,0.00433169449764874
"ENSMUSG00000103793",61.4610923699002,1.10519171056336,0.327545034856945,3.37416719214213,0.000740393839191546,0.00441954451581234
"ENSMUSG00000117964",99.7299308769138,2.58269928808246,0.765848660887158,3.37233636354559,0.000745333616480098,0.00444258773646338
"ENSMUSG00000135230",101.5166235564,1.33492852232986,0.396102393376264,3.37016020264688,0.000751244945881628,0.00447620178937721
"ENSMUSG00000074577",80.5630985686604,1.15642836931115,0.343860357037555,3.36307557891836,0.000770792580554316,0.00457941474329329
"ENSMUSG00000123116",46.2449142617083,1.75806602142002,0.522902020650396,3.36213277438343,0.000773429244828712,0.0045917654733556
"ENSMUSG00000026211",206.760167786613,1.0308425312224,0.306928293012324,3.35857773522694,0.000783446826380998,0.00464286720759913
"ENSMUSG00000052087",73.6992949331974,1.10068381709285,0.32780078737979,3.35778271275961,0.000785703500463986,0.00465121780947091
"ENSMUSG00000042213",27.1571083271416,1.50357834530686,0.448102450125184,3.35543433178464,0.000792404669830781,0.00468583264347132
"ENSMUSG00000089789",28.2852977705032,2.8595522121979,0.852751499457163,3.35332416773024,0.000798471288830306,0.00471662462433202
"ENSMUSG00000026012",69.395920311384,1.40187945417039,0.418897866395444,3.34659010377247,0.000818120862731656,0.0048188636004119
"ENSMUSG00000024842",26.0944990494429,1.81667509869644,0.54313780774204,3.34477746310612,0.000823486150679794,0.00484526536763454
"ENSMUSG00000037161",32.67217820323,1.64515485924862,0.491997677606622,3.34382647343309,0.000826314050737287,0.00485750320226281
"ENSMUSG00000020262",380.818405401971,1.27331671125074,0.380801533260212,3.34378042112727,0.000826451222106428,0.00485750320226281
"ENSMUSG00000012519",428.539745015789,1.19707678101527,0.358019815011988,3.34360482526696,0.000826974445685717,0.00485884378990862
"ENSMUSG00000019539",919.34171889237,1.08388223797836,0.324257318751812,3.34266082921623,0.000829792544441538,0.00487192391552819
"ENSMUSG00000029168",57.1941209990955,1.0620191508169,0.317933378645991,3.34038267809379,0.000836630210900025,0.004906819794103
"ENSMUSG00000055809",58.3297356738427,1.43734436387425,0.430714185411564,3.33711870320874,0.00084651785677094,0.0049524603681663
"ENSMUSG00000005360",87.4836365311072,1.35076951428097,0.404899471308624,3.33606144240031,0.00084974381219463,0.00496690079390256
"ENSMUSG00000074607",71.4596585829068,1.40507822087843,0.421396507011396,3.33433760721807,0.000855028105061686,0.00499160556511721
"ENSMUSG00000040152",4092.91818878027,1.38090246702489,0.414267520879311,3.33335923630661,0.00085804077061972,0.00500741765569388
"ENSMUSG00000029798",537.165271642452,1.89737623854707,0.569390716593896,3.33229219102343,0.000861337708749037,0.00502309695328919
"ENSMUSG00000052736",15.1438445917252,2.22545982467066,0.668470385678846,3.32918237269503,0.000871013498682952,0.00506695944481182
"ENSMUSG00000063687",22.3231333657262,1.51813454912311,0.457127282150578,3.32103247476494,0.000896851012788526,0.00519523512439743
"ENSMUSG00000021806",409.24934955506,1.14267623377487,0.345038971146429,3.31173093282248,0.000927206774861015,0.00535412316188597
"ENSMUSG00000104346",62.4136961290235,1.26357656131728,0.38172353355494,3.31018774124235,0.000932334139315598,0.00537807180643052
"ENSMUSG00000036356",76.8055975917083,1.79754459874965,0.543854067717925,3.30519656916855,0.000949098098824597,0.00545450011296378
"ENSMUSG00000139834",14.7297923078652,2.04044615987179,0.617480964375679,3.30446811738535,0.000951567984576257,0.00546603758900172
"ENSMUSG00000017830",293.740866119824,1.40025245944175,0.423802746626058,3.304019312261,0.000953092664099311,0.00547288612803172
"ENSMUSG00000031740",3663.44357690649,1.24054177955053,0.375876180896724,3.30040008545095,0.000965470844767465,0.00552495257722317
"ENSMUSG00000006235",25.8566669665751,1.83172151410385,0.555002041374134,3.30038698518779,0.00096551591840315,0.00552495257722317
"ENSMUSG00000049502",2553.42621912789,1.46213282373205,0.443034213864412,3.30027067430852,0.000965916190812898,0.00552532253278413
"ENSMUSG00000022847",101.704640216105,1.34711709741782,0.408241091269053,3.29980770242943,0.000967510986654809,0.00553252288061762
"ENSMUSG00000137801",80.5661437952323,1.3913730428607,0.422349223838364,3.29436628346496,0.000986438652448289,0.00562317850943773
"ENSMUSG00000025318",44.7194171232105,1.51454424846825,0.460027454429072,3.29229100108364,0.00099374728471617,0.00566092095096274
"ENSMUSG00000113136",38.269782957258,1.95030377361897,0.593326970156579,3.2870640839136,0.00101237792576455,0.0057590800939398
"ENSMUSG00000034792",37.6251763695229,1.29427078060125,0.394029467276141,3.28470555653699,0.00102088998679482,0.0057994864915815
"ENSMUSG00000063611",161.362290778144,1.30873306198321,0.398512352312449,3.2840464150961,0.00102328068188766,0.0058070561413018
"ENSMUSG00000079363",1613.66754747837,3.50891340236636,1.06901878182433,3.2823683381673,0.00102939044613251,0.00583770406981727
"ENSMUSG00000092021",45.0527185983012,3.93899188757781,1.2014849507603,3.27843630923984,0.00104383916962327,0.00590830411557653
"ENSMUSG00000039058",38.3306139127395,1.62779339183432,0.496521478092293,3.27839471937555,0.00104399299472831,0.00590830411557653
"ENSMUSG00000130275",48.7306800178905,1.77295355155552,0.541323374460262,3.27522075565882,0.00105579435414884,0.00596688721330322
"ENSMUSG00000031558",158.183889286661,1.11029526032374,0.339550567269885,3.26989664382225,0.00107586786502508,0.00607199611309834
"ENSMUSG00000022824",52464.9179419047,1.07102922480404,0.327743654261645,3.26788699301257,0.00108353620128376,0.00611108478305395
"ENSMUSG00000096718",41.7787948098665,1.24549490686956,0.381208843463743,3.26722458889654,0.00108607483040081,0.00611911359784
"ENSMUSG00000059994",48.3194222064577,1.73374394006651,0.531304924642264,3.26318063254142,0.00110169276603184,0.00619862201202399
"ENSMUSG00000038540",94.2674120978996,1.17471453905099,0.360119714201819,3.26201119440146,0.00110624774921985,0.00621999887138194
"ENSMUSG00000020374",40.259762097125,1.09689837967851,0.336295769051544,3.26170734402069,0.00110743409896291,0.00622454338382602
"ENSMUSG00000031380",127.348762047782,1.49040032965427,0.457175732429755,3.26001627805839,0.00111405819738815,0.00625612456160724
"ENSMUSG00000020695",753.414216656696,1.33910886903258,0.410796812754749,3.25978397946346,0.00111497099402531,0.00625835917989728
"ENSMUSG00000017344",100.488224579781,2.05944709416225,0.632298339577071,3.25708129415579,0.00112564190102412,0.00630965019290437
"ENSMUSG00000034247",1812.55474411434,1.06438894653597,0.326902441578726,3.25598347138574,0.00113000329509423,0.00632420032365703
"ENSMUSG00000090104",81.5341556260796,2.13977511374503,0.657460176453137,3.25460794490806,0.00113548999058408,0.00635187621983885
"ENSMUSG00000116380",32.4610703159784,1.57617568638443,0.48470896990372,3.25179805667205,0.00114677468019991,0.00640846964023459
"ENSMUSG00000059326",515.967765611486,1.24981981220144,0.384762167402363,3.24829184906438,0.00116100119875042,0.00646602257612588
"ENSMUSG00000117655",52.1945603223013,2.01330515412487,0.619969560103613,3.24742581521001,0.00116454018193401,0.00648134719918173
"ENSMUSG00000032596",1298.42560355472,1.1569585273387,0.356404334147067,3.24619657083434,0.00116958051778724,0.00650500137308493
"ENSMUSG00000036412",115.075923556144,1.76989671108756,0.545486965783787,3.24461778576958,0.00117608366759134,0.00653896164118751
"ENSMUSG00000074896",463.223345037523,2.83327729818773,0.873392239402188,3.2439918405126,0.00117867122633432,0.00655113585386291
"ENSMUSG00000029075",33.7620119603082,2.26875278960876,0.699529161608805,3.24325691353737,0.0011817160118268,0.00656362709268037
"ENSMUSG00000040441",38.2060448159579,1.37042185046655,0.422653673347777,3.24242266632074,0.00118518108500957,0.00657843432316675
"ENSMUSG00000035105",1830.88356390644,1.14129303031983,0.352121385088772,3.24119203959197,0.00119030967437952,0.00660467413862823
"ENSMUSG00000109084",42.1535486733871,1.19323303182143,0.368367087704843,3.23924984519114,0.00119844542502375,0.00664310001083032
"ENSMUSG00000030468",117.858598594597,1.6386247371244,0.506026104300508,3.23822175021881,0.00120277282592871,0.00665812005153473
"ENSMUSG00000096929",466.55782820403,1.32929017457145,0.410934032022518,3.23480186838994,0.00121727168838835,0.00672255746593
"ENSMUSG00000019699",804.318198108938,1.10636660943588,0.342383764413663,3.23136411368846,0.00123200887974422,0.00679255264140289
"ENSMUSG00000089722",46.7808547539283,2.43361676214706,0.753189130914827,3.23108321968372,0.00123322028720841,0.0067969553358929
"ENSMUSG00000006014",92.0601099819596,2.06860968532046,0.640576872466907,3.22929186836562,0.0012409717352059,0.0068259664806865
"ENSMUSG00000095571",80.2074407371301,2.02009291511794,0.625593109898391,3.22908434117192,0.00124187263895062,0.00682864036574618
"ENSMUSG00000032053",231.247482019614,1.0757070301101,0.333403143671925,3.22644537259858,0.00125338155245582,0.00688502519121792
"ENSMUSG00000120849",921.864280300136,1.10333303507088,0.342709742968429,3.21943877496509,0.00128441785431143,0.00702037554300433
"ENSMUSG00000063060",46.7528869659822,1.2344288546058,0.383582763953415,3.21815516912984,0.00129018000490275,0.00704952984424625
"ENSMUSG00000027832",40.5163603351502,3.15999380955898,0.982527678412424,3.21618808201406,0.00129905664063931,0.00709097131128813
"ENSMUSG00000030471",2180.23135544464,1.1041993484314,0.344413627806228,3.20602687955379,0.00134581416278864,0.00731467103400111
"ENSMUSG00000015599",45.3359754884384,1.08599844718631,0.338834580079092,3.20509921665259,0.00135015931229106,0.00733102663530599
"ENSMUSG00000092618",1056.21058403275,1.02189063288952,0.31882543610978,3.20517285370437,0.00134981392590621,0.00733102663530599
"ENSMUSG00000031375",6952.66011389198,1.08905712829935,0.340028995349118,3.20283606161638,0.00136081422913202,0.00737914514301726
"ENSMUSG00000019772",1131.08923398132,1.22296245866948,0.38224248403481,3.19944147955596,0.00137694138096803,0.00745922538824503
"ENSMUSG00000021453",288.363082301592,1.01507467986719,0.31737523886615,3.19834238957529,0.00138220065044109,0.00747787358140379
"ENSMUSG00000040164",34.5529481558157,1.86008338784474,0.581648461748649,3.19795118558836,0.00138407707174008,0.00748556531933538
"ENSMUSG00000028268",1275.63883896674,2.85926952211851,0.894611756312691,3.19610099234949,0.00139298344771452,0.00752878742604208
"ENSMUSG00000113424",96.1950341480934,1.55256690906395,0.48619903765659,3.1932743358504,0.00140669237050903,0.00758544922885366
"ENSMUSG00000100241",56.7737704772888,1.10016063374996,0.344741203421464,3.19126528198882,0.00141651153563617,0.00761807947723072
"ENSMUSG00000034872",102.631874267355,1.10310831538387,0.345789293747689,3.19011703175741,0.00142215189988846,0.00763878849196209
"ENSMUSG00000021676",6803.46104338827,1.01484819847966,0.318152468265443,3.18981714651651,0.00142362838381802,0.00764422507592828
"ENSMUSG00000040528",106.15687251782,1.42450831106428,0.446918472254832,3.18740083370739,0.00143557675846398,0.00769833881908552
"ENSMUSG00000073002",85.0894968896197,1.15052223235804,0.360991539517601,3.1871168889318,0.00143698688426456,0.00770203705283992
"ENSMUSG00000033987",52.3743895828066,1.3838747235878,0.434214864831417,3.18707357963225,0.00143720207898465,0.00770203705283992
"ENSMUSG00000041515",2277.85930940553,1.19541637587777,0.375205766077308,3.18602879794619,0.00144240238802171,0.00772487654977272
"ENSMUSG00000016496",1000.58203197156,3.06161046232188,0.9620682197451,3.18232158539969,0.0014609949869251,0.00780667331053162
"ENSMUSG00000022906",1982.98418392469,1.38155087503013,0.43473810408126,3.17789230357386,0.00148349843941353,0.00790245826998566
"ENSMUSG00000072109",43.4219892062462,1.51618224199997,0.477109621001379,3.17784881138582,0.00148372098114108,0.00790245826998566
"ENSMUSG00000017692",126.646563373084,1.26859518567523,0.399904647081569,3.17224417103728,0.00151265767835238,0.00802800881970187
"ENSMUSG00000017868",927.479484036981,1.50023832198826,0.473067249927456,3.17130032192742,0.00151758160200967,0.00804895164751455
"ENSMUSG00000056498",132.035518209559,1.39459730626885,0.440147982854107,3.1684736965638,0.00153241614818756,0.00811195081916776
"ENSMUSG00000025911",61.0329823950772,1.31661937015769,0.415986009858033,3.16505685036624,0.00155052652594557,0.00819464468592037
"ENSMUSG00000076655",84.547798438931,2.69528533307627,0.852097434968599,3.16311870270516,0.00156088673391654,0.00824675170104878
"ENSMUSG00000047033",19.1935025065859,2.06970467887887,0.655048818348418,3.15961897938728,0.00157975583942066,0.00833154481052163
"ENSMUSG00000027834",101.846478474166,1.18899769027238,0.376367451203652,3.15914058580218,0.00158235139923429,0.00834141885545763
"ENSMUSG00000067780",329.157840746903,1.42270326246959,0.451019576753203,3.15441576330531,0.00160819797268937,0.00846411867787247
"ENSMUSG00000091575",341.87139266088,1.06821706879178,0.338676658235036,3.15409120415514,0.00160998762071593,0.00846753519443344
"ENSMUSG00000139649",19.4720264480446,2.44679866056038,0.775734395489829,3.15417064756472,0.00160954939333119,0.00846753519443344
"ENSMUSG00000050505",35.1280033813255,1.18550421584694,0.377653726090991,3.13913019770209,0.00169450141221098,0.00885504679268614
"ENSMUSG00000002325",1034.47681346313,1.14872046288571,0.366125452953257,3.13750506450685,0.00170392330406323,0.00889118521546527
"ENSMUSG00000031886",1970.80723786646,1.51366178848328,0.482434219143624,3.13755063057137,0.00170365847444466,0.00889118521546527
"ENSMUSG00000000197",40.74860228844,1.1494648189199,0.366483454707108,3.13647124899145,0.00170994201625036,0.00891976407272802
"ENSMUSG00000029005",49.1149636970121,2.45695003267471,0.784304713198915,3.1326472878808,0.00173237483984057,0.00902248876567396
"ENSMUSG00000079491",88.9603705446786,1.21056698350444,0.387096277428816,3.12730205401433,0.00176418573913055,0.00916496996633204
"ENSMUSG00000047497",194.131718949342,1.41263428789522,0.452245358267793,3.12360151866666,0.00178652223647481,0.00926346947372752
"ENSMUSG00000032717",62.8033063467795,1.1533406789713,0.369432009595449,3.12192947285289,0.00179669974958882,0.0093015937036103
"ENSMUSG00000025058",32.2285951064671,1.66796248143343,0.535440819290272,3.11512014277193,0.00183870001917405,0.00946841364268452
"ENSMUSG00000056091",82.8064469262072,1.3371096567882,0.429479694398368,3.11332450457589,0.00184992492735835,0.0095172856497189
"ENSMUSG00000142613",32.1311203311777,1.4099482267085,0.452914321089935,3.1130572849087,0.00185160074458591,0.00952073374559391
"ENSMUSG00000041132",191.553000597205,1.12201064295936,0.360475621600345,3.11258397441177,0.0018545724446675,0.0095322591809432
"ENSMUSG00000019577",522.261021545105,1.22718449714177,0.394423460892921,3.11133748069546,0.00186241958586296,0.00956661892108018
"ENSMUSG00000009633",73.8716852464298,1.30015106700615,0.418491358513874,3.10675726166291,0.00189151645399304,0.00967682889437147
"ENSMUSG00000057280",121.633689857041,1.00100123641238,0.322197079116452,3.10679798574645,0.0018912559156668,0.00967682889437147
"ENSMUSG00000060183",18.9877936635912,2.24945451511243,0.724964345105861,3.1028484784089,0.00191667745289259,0.00978730177015218
"ENSMUSG00000038527",147.61209437129,1.01411930287789,0.327548861761754,3.09608556544312,0.00196093766502254,0.00996078888591978
"ENSMUSG00000037217",85.129209593119,1.01658322087236,0.328452483111476,3.0950693727206,0.00196766868965628,0.00998368557403285
"ENSMUSG00000113669",29.6221274917021,1.68199690416176,0.54380588918961,3.09300972570986,0.00198137641667408,0.010039827623178
"ENSMUSG00000037548",201.416912507027,1.14243621015659,0.369397687539016,3.09269995101398,0.00198344565049053,0.0100472202289309
"ENSMUSG00000018924",138.033356337222,2.43016745466233,0.786105848599571,3.09139978921619,0.00199215212587813,0.0100820167378825
"ENSMUSG00000096847",30.8734156086836,1.63244113996199,0.528115459862482,3.09106864697176,0.00199437520275176,0.0100901656308857
"ENSMUSG00000042784",486.669075633702,1.93219617413553,0.625333135400043,3.08986692812856,0.00200246191109999,0.0101248655811744
"ENSMUSG00000018387",25.2054046823769,1.73805357877517,0.562758576358814,3.08845329380994,0.00201201317471318,0.0101669038966553
"ENSMUSG00000076580",168.037173444319,1.34782560387839,0.436595818995892,3.08712439568981,0.0020210300215397,0.0102030718321399
"ENSMUSG00000031125",30.2974934142782,2.08662060457155,0.676207692907051,3.08576880514485,0.00203026617453516,0.0102420243976003
"ENSMUSG00000000739",30.9242114910294,2.01642706632925,0.654405571614534,3.08131096951753,0.00206091288147246,0.0103536187878185
"ENSMUSG00000053025",72.5354694192029,1.09193375406404,0.355103211291791,3.07497572351379,0.00210519688482265,0.0105471260848555
"ENSMUSG00000034758",97.2123905579583,1.15196094796861,0.374974757747463,3.07210265269223,0.00212556614054191,0.0106330378806498
"ENSMUSG00000025498",1323.24622430223,1.27369107539618,0.414736615663998,3.0710842189735,0.00213282982390569,0.0106596166942803
"ENSMUSG00000005973",629.244794401136,1.0068669759271,0.32803192251438,3.06941765974915,0.00214476518652847,0.0107030219053708
"ENSMUSG00000100150",12.135194661237,3.01907121341868,0.983779390090919,3.06884982937045,0.00214884577223871,0.0107168882000503
"ENSMUSG00000038670",21.8701161923359,1.45738977194245,0.475062338180395,3.06778638257162,0.00215650714862824,0.0107453320786522
"ENSMUSG00000038011",30.3542156831111,1.65659241377552,0.540233722225976,3.0664365174201,0.00216626803234408,0.0107907021532468
"ENSMUSG00000094088",268.013155558323,1.78080779509071,0.582291182929276,3.05827710825393,0.00222613616188673,0.0110488030247637
"ENSMUSG00000010601",298.290805215039,1.35444157997858,0.443604293714412,3.05326526178882,0.00226365744374275,0.0112248772579328
"ENSMUSG00000084796",110.55714123739,1.4930474938373,0.48936672903669,3.05097875529122,0.00228096713384286,0.0112971004586207
"ENSMUSG00000068129",19.3826406437606,1.98077633286141,0.649810671164513,3.04823607976721,0.00230189010680029,0.0113801852337097
"ENSMUSG00000134402",650.409308769816,4.07592049551476,1.33822954195891,3.04575587947969,0.00232096195092258,0.0114572703442394
"ENSMUSG00000033508",33.6123711439648,2.28911110038425,0.751822728242659,3.04474846847862,0.002328749822123,0.0114853829603388
"ENSMUSG00000023009",158.713867076802,1.02250461997145,0.336918251459353,3.03487452977836,0.00240635772455402,0.0117974589694261
"ENSMUSG00000109715",41.815876886822,1.39632223320314,0.460124908106798,3.03465908626498,0.00240807717138635,0.0118023740614866
"ENSMUSG00000053175",806.944280210153,1.27750707944086,0.421608082624998,3.03008204085392,0.00244487317146362,0.0119613512694816
"ENSMUSG00000028862",461.075397631761,1.14991087513418,0.37965246497745,3.02885133434465,0.00245485452433162,0.0120030502031694
"ENSMUSG00000004612",37.628163689511,2.33130091152366,0.770167329071079,3.02700572138721,0.00246989283439345,0.0120586731116902
"ENSMUSG00000120488",21.2005038917137,1.77045636911707,0.584954056129392,3.0266588470761,0.00247272860678437,0.0120617869788122
"ENSMUSG00000042821",170.610668556291,1.1811738417215,0.391201879495434,3.0193460298426,0.00253321018238934,0.0123166684089414
"ENSMUSG00000044867",21.6380963077126,1.48378901125069,0.492566617487368,3.01236210204348,0.00259223181230134,0.0125850522931044
"ENSMUSG00000074874",46.7147342217416,1.58311601551475,0.526466071892867,3.0070618032854,0.00263786127083556,0.0127801972047575
"ENSMUSG00000055254",76.835344910561,2.03135334406398,0.676186387655294,3.00413226463755,0.00266339511990382,0.0128887342325034
"ENSMUSG00000034422",3473.88477022203,1.48200906601358,0.493436467881263,3.00344454145655,0.00266942195988654,0.0129103095551152
"ENSMUSG00000036526",147.959996758282,1.00168713126667,0.333613410364225,3.00253856753862,0.00267738045798418,0.0129446444171697
"ENSMUSG00000056073",37.2229991670271,1.43580616573805,0.478372449292921,3.0014399195863,0.00268706058390537,0.012980363378179
"ENSMUSG00000096452",33.174174629336,1.5652577315112,0.521947043577906,2.99888226357502,0.0027097199671602,0.0130677578450709
"ENSMUSG00000034362",88.292021316296,1.79402724868159,0.59836473272738,2.99821689106628,0.00271564334020828,0.0130877155473796
"ENSMUSG00000060487",137.062849419024,1.53117848408589,0.510981645792085,2.99654302007732,0.00273059706563169,0.0131520829407532
"ENSMUSG00000027639",5812.25860264295,1.43041041472048,0.478393101403114,2.99003144176855,0.00278948732115353,0.0134161056874527
"ENSMUSG00000059493",45.3636051448294,1.25184893056273,0.418970388991568,2.98791743630343,0.00280885422801809,0.0134699001327882
"ENSMUSG00000113977",89.7799222554918,1.02345460863057,0.342703391220763,2.98641517664842,0.00282269133383908,0.0135244375520933
"ENSMUSG00000028459",236.862603116527,1.53540857835313,0.514310197382417,2.98537455832608,0.00283231278672435,0.013566559545202
"ENSMUSG00000074892",12547.1907960878,1.01616181380322,0.34039007741641,2.98528623841205,0.00283313076088225,0.013566559545202
"ENSMUSG00000036169",130.595697641497,1.38273148867931,0.463265040319151,2.9847525030741,0.00283807853851991,0.0135823508661783
"ENSMUSG00000001506",15528.8856371981,1.38798973249997,0.465634944839121,2.98085388110106,0.00287445910108946,0.0137364935214037
"ENSMUSG00000066319",16.9754216154818,1.48827397111828,0.499496896173447,2.97954598420865,0.00288675897597346,0.013787268065405
"ENSMUSG00000144075",28.2365421169104,2.00866048634652,0.674502673995011,2.97798743250257,0.00290147881486358,0.0138349579741027
"ENSMUSG00000022657",25.8082519992984,1.7775261745501,0.597267023940554,2.97609963935831,0.00291939992732192,0.0139073077119702
"ENSMUSG00000120636",56.3761888846865,1.43727786582982,0.483249839398824,2.97419212310102,0.00293761083279341,0.0139774240289821
"ENSMUSG00000120198",20.2992994706347,1.97027623776126,0.66321228166994,2.97080782762374,0.00297017574408389,0.0140997702637985
"ENSMUSG00000020424",68.1508223693731,1.04645284746072,0.352919518254635,2.96513168961568,0.00302553385784391,0.0143171497274172
"ENSMUSG00000052305",1139.90253816965,1.43774397381061,0.484976636826395,2.96456337199864,0.00303112804896237,0.0143395003074907
"ENSMUSG00000076609",7134.26883476369,1.09845731567189,0.370837753565484,2.9620967798197,0.00305551725948698,0.0144300001844332
"ENSMUSG00000049676",20.3361990442923,1.46132184547569,0.493507934600287,2.96109088227584,0.00306551466354738,0.0144524480594512
"ENSMUSG00000102504",61.557419123476,1.4062630833993,0.475007509764473,2.96050705408127,0.00307133088167828,0.0144714711806152
"ENSMUSG00000015484",35.9535367101969,1.18734454364884,0.401160948540138,2.9597710045549,0.00307867790098053,0.0145004814902904
"ENSMUSG00000055150",19.3751467025288,1.45994325268617,0.493271763491543,2.95971381445432,0.00307924942538147,0.0145004814902904
"ENSMUSG00000039661",74.366630862723,1.91793577226856,0.648668896972673,2.95672535128405,0.00310924933970644,0.0146250205370249
"ENSMUSG00000097888",21.8306353983168,1.40476577001929,0.475138072346741,2.95654221746755,0.00311109637925635,0.0146295286180226
"ENSMUSG00000051486",22.2373494537624,1.63475248602281,0.553403994748845,2.95399473356661,0.00313689358812988,0.0147413275849158
"ENSMUSG00000004296",25.978895540369,2.36688150123277,0.801309379941628,2.95376737185479,0.00313920542923125,0.0147448613356445
"ENSMUSG00000050359",173.353519085768,1.46175594595546,0.494924132995431,2.95349498742054,0.00314197711170824,0.014753670618954
"ENSMUSG00000053044",17.3530277562868,2.55478878410067,0.86612378032154,2.94968091414396,0.00318102272774716,0.0148945327550914
"ENSMUSG00000020150",58.6928931557381,1.8137240947837,0.615502578860847,2.94673679213577,0.00321146431351483,0.0150242503533375
"ENSMUSG00000025165",174.907805699769,1.66281351449532,0.564484462482387,2.94572060882402,0.00322203290184793,0.0150651314010572
"ENSMUSG00000079808",20.7908728825664,1.67774236977539,0.569709727016343,2.94490736284596,0.00323051370571624,0.0150973558119311
"ENSMUSG00000026163",61.3710509895888,1.08650510999649,0.369011694997391,2.94436497467695,0.00323618121409781,0.0151141138518276
"ENSMUSG00000045392",43.3762987534799,1.40398593306729,0.477349695975324,2.94121048972003,0.0032693229211153,0.015242951925891
"ENSMUSG00000121505",63.6000532458318,1.37327558106613,0.467591761193162,2.936911415124,0.00331498782140305,0.0154383718539628
"ENSMUSG00000036944",79.8265358340553,1.43635880523478,0.489627095685374,2.93357703830542,0.00335080486721155,0.0155831357426282
"ENSMUSG00000058063",1421.75903273274,1.15618921268851,0.394182847801203,2.93312917885155,0.00335564241503961,0.0156012259471328
"ENSMUSG00000050640",32.7183435716279,1.32981995102147,0.453509059294965,2.93228971674531,0.00336472698944545,0.0156346317886651
"ENSMUSG00000024353",113.14128072718,1.03305628484474,0.352479720805376,2.93082473648221,0.00338063451796656,0.0156923679952769
"ENSMUSG00000132547",50.9861149357189,2.55214368349125,0.871211160840094,2.92942032678996,0.00339594859681065,0.0157397775869858
"ENSMUSG00000050010",110.925886653442,1.20948393581159,0.413284915083802,2.92651362696445,0.00342784488484677,0.0158696879469157
"ENSMUSG00000024534",176.42491342396,1.02897799121719,0.351905614439416,2.92401697783751,0.00345545899357571,0.015993033851908
"ENSMUSG00000053977",75.7487399885564,1.98928486013822,0.68164911185486,2.91834145389716,0.00351898776616275,0.0162414061099908
"ENSMUSG00000081512",23.6097849801954,1.55087781045527,0.532146762064884,2.91437986851112,0.00356395946495431,0.0164305417730447
"ENSMUSG00000017167",243.764528231481,1.05026559770455,0.360606196110104,2.91250014290899,0.00358548036386155,0.0165066451986165
"ENSMUSG00000035458",22.4897750272245,1.59635021476966,0.548992634860808,2.90778074859674,0.00364003445014196,0.0167250592109091
"ENSMUSG00000025905",34.2328855606115,1.15407327317833,0.397525072748591,2.90314587001713,0.00369434519401238,0.0169038368340817
"ENSMUSG00000044313",24.2465517228604,1.91532287317427,0.659854974064222,2.90264216904707,0.00370029164554262,0.0169263410282212
"ENSMUSG00000037341",28.7006540863896,1.17529952102165,0.405576674123051,2.89784791880085,0.00375732736344063,0.0171348699125549
"ENSMUSG00000002992",45.5324400419765,1.72562418127719,0.595628452210783,2.89714867527269,0.0037657124916375,0.01716835357237
"ENSMUSG00000028031",51.8273707542965,1.85915730951199,0.642082504188815,2.89551155401873,0.00378541094358759,0.0172533832680738
"ENSMUSG00000078956",18.1442917192368,1.6310721535794,0.563574700714963,2.89415431798161,0.00380181265912398,0.0173041862889572
"ENSMUSG00000016995",88.3084430065156,1.46533987768646,0.506633757128176,2.89230604370435,0.00382425225152286,0.0173863620486409
"ENSMUSG00000062480",21.8771314219896,2.88354232010497,0.997157343910475,2.89176260668834,0.00383087288649676,0.0174027760293588
"ENSMUSG00000002266",28.3814986910104,1.34468836016359,0.46500511178399,2.89177113560041,0.00383076889928582,0.0174027760293588
"ENSMUSG00000128093",51.5999901114959,1.52506199004729,0.527420988200148,2.8915458887058,0.00383351604183225,0.0174099791990853
"ENSMUSG00000025321",199.482144466348,1.15786733936053,0.400686846686434,2.88970638526261,0.00385601796768226,0.0174928696064902
"ENSMUSG00000103749",53.6370139036179,1.17619925941864,0.407538931298909,2.88610282131784,0.00390044707120007,0.0176700770867272
"ENSMUSG00000040483",310.507791677491,1.45051927134349,0.503029915455544,2.88356462861637,0.00393201953602529,0.0177837465993364
"ENSMUSG00000015766",5225.44914508949,1.08789906418467,0.37786396301543,2.87907599206609,0.0039884221600638,0.0179943529792081
"ENSMUSG00000019876",66.3498383997209,1.26705987694376,0.440133182026835,2.87881016175352,0.00399178541834731,0.0180045926965073
"ENSMUSG00000051969",36.8936407240138,2.17950564407128,0.757114720221798,2.87869933823607,0.00399318830666982,0.0180057276320019
"ENSMUSG00000022512",245.123260536766,1.37859591785776,0.482040424651563,2.85991764872055,0.00423751031208023,0.018945741695457
"ENSMUSG00000036098",53.3936981420468,2.23534427154284,0.781730994644002,2.8594801624321,0.0042433595720593,0.0189626570669957
"ENSMUSG00000021986",21.1905061675232,1.63906107953434,0.573552407922292,2.85773550401764,0.00426675882858084,0.0190413799389879
"ENSMUSG00000103037",67.601421659885,1.15286076820163,0.403636264699714,2.85618728797647,0.00428762133839598,0.0191137584874122
"ENSMUSG00000052477",24.5904729781927,1.97124649590898,0.69037803457697,2.85531462065832,0.00429942142088684,0.0191508048842154
"ENSMUSG00000142880",21.619568705148,2.05332434643626,0.719596624972416,2.85343798897746,0.00432489677402567,0.0192380137424527
"ENSMUSG00000002076",22.4024316859529,1.44810606721258,0.508029653101037,2.85043610815485,0.00436593209460418,0.0193998218821778
"ENSMUSG00000079339",5654.83831659271,1.48696770272494,0.522433840306215,2.84623159528368,0.00442400067552942,0.0196049321995265
"ENSMUSG00000031239",273.348838732878,1.71740421928305,0.604210390082723,2.8423943835986,0.00447760641083856,0.0198104902826216
"ENSMUSG00000022842",47.6939688927608,1.23343210449125,0.434906454815084,2.83608599236746,0.00456701474499721,0.0201496997293074
"ENSMUSG00000027656",37.492285838982,2.07507114564807,0.733126276529977,2.83044164706491,0.00464837895789006,0.0204506314227002
"ENSMUSG00000040253",1801.64692996895,2.42089355881031,0.855292117643785,2.83048739590814,0.00464771423800262,0.0204506314227002
"ENSMUSG00000071324",29.1523664081174,1.06796479568223,0.377797879786414,2.82681521740142,0.00470134478633681,0.0206486001091978
"ENSMUSG00000140143",639.275382141606,1.02350000184581,0.362176492823609,2.82597027174893,0.0047137638562895,0.0206861626998285
"ENSMUSG00000026104",4413.89134232945,2.3112199336594,0.817864133170373,2.82592161695633,0.00471447989125654,0.0206861626998285
"ENSMUSG00000025020",34.0094486783629,1.09119888039908,0.386268876950884,2.82497230688827,0.00472847025962049,0.0207420212854069
"ENSMUSG00000026864",14907.8153258896,1.17222240116999,0.415085315766677,2.82405172296893,0.00474207315949615,0.0207906126297697
"ENSMUSG00000124420",41.0440229139118,1.35413613362211,0.480018057602036,2.8210108186071,0.00478725883766249,0.020927414297514
"ENSMUSG00000042529",23.5858391328891,1.66758214361988,0.59111253728609,2.8210908049355,0.00478606532529029,0.020927414297514
"ENSMUSG00000017311",1548.39339549131,1.03753077781071,0.367758772788175,2.82122645217851,0.00478404188664553,0.020927414297514
"ENSMUSG00000032968",36.2321917719314,1.096892400427,0.388874493484001,2.82068487084285,0.00479212523809438,0.0209375684168651
"ENSMUSG00000037463",19.218775389458,1.37999670152971,0.489422955845951,2.81964032345894,0.00480775050646829,0.0209946940551691
"ENSMUSG00000038692",118.409078220319,1.22678420165177,0.435859900665414,2.8146296545722,0.00488334744795101,0.0212796582942344
"ENSMUSG00000032120",1120.05621734509,1.07152052798893,0.380852664241904,2.81347783170118,0.00490087652182872,0.021346943814891
"ENSMUSG00000108348",24.4395771479126,1.4970736875279,0.532297654000742,2.81247470522538,0.00491618900013001,0.0213944540071743
"ENSMUSG00000024027",27.4300878424259,2.97365604398543,1.05749286519488,2.811986862377,0.00492365142974729,0.0214156072623328
"ENSMUSG00000044199",44.4512683697861,1.17895190522754,0.41944433852693,2.81074697388447,0.00494266387626513,0.0214869488764069
"ENSMUSG00000032251",58.4866487439699,1.02633940978895,0.365618996077416,2.80712824224163,0.00499853379072212,0.0216840215537966
"ENSMUSG00000042918",39.0359041806202,1.07240866261853,0.382499215195727,2.80368853062814,0.00505216852257368,0.0218820969184768
"ENSMUSG00000076501",85.7169579620167,1.79519344398232,0.640533108655585,2.80265519412455,0.0050683824546482,0.0219177253351388
"ENSMUSG00000043664",15.2937637034414,2.18746149897862,0.782332974051956,2.79607478085584,0.00517274299567115,0.0222868637224139
"ENSMUSG00000018593",10356.7758301215,1.1811705849566,0.422918675710334,2.79290240132505,0.0052237450282135,0.0224539202087412
"ENSMUSG00000025938",36.1088025228595,1.3482919579804,0.482733602474081,2.79303522909986,0.00522160048920722,0.0224539202087412
"ENSMUSG00000071552",17.7778712479857,2.37327618475462,0.85019998940408,2.79143285618963,0.00524752437508793,0.0225384799861916
"ENSMUSG00000038128",20.6768738668583,1.37609885080319,0.495041703640369,2.77976348393241,0.00543985027917624,0.0232131298978949
"ENSMUSG00000113581",26.6137411440037,1.59110852240438,0.572449175321268,2.77947561285493,0.00544467416111756,0.0232276938881779
"ENSMUSG00000051669",29.8092728329928,1.21727851574176,0.437983258718872,2.77928092343614,0.0054479387780941,0.0232356000268816
"ENSMUSG00000053541",39.7118020888624,1.82821547405732,0.658338744577452,2.77701333715478,0.00548609277729202,0.0233856608076541
"ENSMUSG00000040592",161.285600358445,1.11474424586166,0.401815451571737,2.77426923604168,0.00553258696512066,0.023535653541804
"ENSMUSG00000069917",919.045854148359,1.28445535205035,0.46395177180259,2.76851050069247,0.00563131709325431,0.0238669769246739
"ENSMUSG00000037577",16.8663933477504,1.72533178860639,0.624320978660723,2.76353325865731,0.00571792647997593,0.0241246088262029
"ENSMUSG00000081058",26.3170510535481,1.53714683507314,0.556655694550563,2.76139604807998,0.00575548353402531,0.0242581990324267
"ENSMUSG00000028373",51.6718198679797,1.12634178664815,0.407999094488606,2.76064776089744,0.00576868561757109,0.0242808255978253
"ENSMUSG00000069874",2948.07377557677,2.55543333878419,0.925679647830301,2.76060227182683,0.00576948906421399,0.0242808255978253
"ENSMUSG00000110368",20.788165594982,1.82518489346984,0.661997157379292,2.75708871726181,0.00583185263586442,0.0245110518111401
"ENSMUSG00000061911",25.5324766829738,1.15070231127134,0.417820513554929,2.75405891750229,0.00588611709300515,0.0246886995419475
"ENSMUSG00000086564",18.944791247315,1.9760907378591,0.719544278608554,2.74630873541298,0.00602700169809746,0.025179303834073
"ENSMUSG00000055546",52.8478185019821,1.63667268490036,0.59659143953639,2.74337272786249,0.00608116164426407,0.0253517761837223
"ENSMUSG00000024640",223.562365732469,1.4026177716573,0.511315523059939,2.74315507431382,0.00608519405670358,0.0253621644950661
"ENSMUSG00000087206",58.7745540855654,1.32021067318813,0.481440948016013,2.74220686592744,0.00610278939037737,0.0254161957333121
"ENSMUSG00000046080",74.6593258430004,1.47240488639979,0.537216006560334,2.74080606016796,0.00612886716042672,0.0255054449095311
"ENSMUSG00000063727",114.331433120146,1.02724251397947,0.375028212598774,2.73910729771807,0.00616062639141465,0.025618184461192
"ENSMUSG00000096594",54.1996709324767,2.68480229619549,0.980749323489215,2.73750104322658,0.00619079237221334,0.025718787580968
"ENSMUSG00000029605",65.0430566242231,1.16834401639128,0.427729844347889,2.73149987504968,0.00630467648903002,0.0261248147593509
"ENSMUSG00000043931",51.6228368110072,1.67139740829029,0.612035463374603,2.73088327116642,0.00631648395284813,0.0261539927856486
"ENSMUSG00000040867",49.8929337522589,1.06544928733472,0.39038558058855,2.72922295369731,0.00634837669610294,0.0262530332951376
"ENSMUSG00000094335",433.306344723791,1.24652393220067,0.457489016203671,2.72470789035452,0.00643583991968791,0.0265643417099599
"ENSMUSG00000117406",39.2345977523912,1.55927542090483,0.572762762366974,2.72237569087251,0.00648144126616889,0.0266960139016608
"ENSMUSG00000087577",17.1247505894697,1.83210020950559,0.673367697403152,2.72080204704072,0.00651237463330177,0.0267780785314551
"ENSMUSG00000063765",28.9668736334975,1.05771858070347,0.389232992683932,2.71744328097687,0.00657884302782441,0.0269824346704218
"ENSMUSG00000024910",49.8980229876421,1.4725699867618,0.542078033561555,2.71652768714263,0.00659706770681234,0.0270504422558534
"ENSMUSG00000050600",38.5124301649029,1.48994618739394,0.548997491287921,2.71393988321986,0.00664882306983852,0.0272152098952639
"ENSMUSG00000027239",64.9233414155066,1.61393196272776,0.595095121714821,2.71205712135073,0.00668670689359571,0.0273498771650351
"ENSMUSG00000079845",18.372389943485,2.37218249577783,0.875517576193381,2.70946301968228,0.00673922173931257,0.0275168173348965
"ENSMUSG00000097081",18.7803663406422,1.94042709967238,0.716994542843388,2.70633454471944,0.00680304733237119,0.0276949970902144
"ENSMUSG00000053475",71.5028800793829,1.39586542873935,0.51588025884401,2.70579345654207,0.00681414128100885,0.0277333023261431
"ENSMUSG00000010461",35.3256748830648,1.57665800212983,0.584265633959198,2.69852941965081,0.00696465816776324,0.0282481319083238
"ENSMUSG00000032297",97.5740894249636,1.03382191411649,0.383273125211261,2.69735039091678,0.00698936835053247,0.028334393291016
"ENSMUSG00000022037",1848.03255565777,1.02068741027013,0.378644544808652,2.69563479591641,0.00702546458320027,0.028438707507555
"ENSMUSG00000036446",2496.71067912407,1.21131860036787,0.449787039565991,2.69309360611344,0.00707923905133081,0.0286001257673765
"ENSMUSG00000121429",39.6375154766528,1.80151940560478,0.670991877326407,2.68486022928176,0.00725601433299844,0.0291962655209922
"ENSMUSG00000104046",83.025716131593,1.24784410748723,0.465762411795965,2.6791430048543,0.00738108632051905,0.029608875266741
"ENSMUSG00000020916",39.9790016213174,2.3484530095951,0.877142482540286,2.67739056805658,0.00741980861433395,0.0297279895881674
"ENSMUSG00000036502",37.308627219772,1.13014715361312,0.422645646923681,2.6739827130343,0.00749563152323567,0.0299675443381055
"ENSMUSG00000072596",39.231955462915,1.8619542996901,0.696524926567982,2.67320555039514,0.0075130199639168,0.0300283679694009
"ENSMUSG00000038304",24.5538717277502,1.85853659384494,0.696237480861594,2.6694003769303,0.00759868111802517,0.0303162156297836
"ENSMUSG00000032363",160.001273697546,1.27570581534335,0.479709263156692,2.65933121021817,0.00782959506182424,0.0309777994479242
"ENSMUSG00000030336",22.7450356647615,1.33031767446911,0.500412668752305,2.65844123768097,0.00785030391869443,0.0310373567275376
"ENSMUSG00000025429",137.777464007138,1.34096080589682,0.50462492669584,2.65734159165918,0.00787595944952867,0.0311163715904945
"ENSMUSG00000022941",38.7832530699566,1.03745968476967,0.390545120884897,2.65644000984827,0.00789705000384027,0.0311847287630661
"ENSMUSG00000026778",101.516651667791,1.28310750215283,0.48346298360184,2.65399326457958,0.00795454146411632,0.0313891697324417
"ENSMUSG00000029245",40.4706842725477,1.09318177673929,0.411994387920974,2.65338997032401,0.00796877462054284,0.0314377993237471
"ENSMUSG00000040133",51.0741907461478,1.05072288815676,0.39620678720244,2.65195580210972,0.00800270167499722,0.0315565215989172
"ENSMUSG00000116165",32.5071761982719,1.15871274582186,0.436999784572994,2.65151788794147,0.00801308683096925,0.0315698709755688
"ENSMUSG00000028238",24.9672322345381,1.74711844412651,0.658917122308095,2.65149953609735,0.0080135223091824,0.0315698709755688
"ENSMUSG00000023176",176.318703079166,2.04720771052423,0.772299676767633,2.65079446762502,0.00803026921445668,0.0316122243131517
"ENSMUSG00000028158",95.3161388872933,1.0735508490663,0.405698747656039,2.64617737981405,0.00814071166623269,0.0319553018982329
"ENSMUSG00000040264",182.02836776653,3.37445828364946,1.28209690609918,2.63198379747781,0.00848879110687271,0.0330928174265796
"ENSMUSG00000032878",35.4491268113877,1.13531897059528,0.43210369969278,2.62742247150968,0.00860344444564533,0.0334962984181362
"ENSMUSG00000048040",45.8721272091138,1.49555547983965,0.569373705928813,2.62666762491248,0.00862255117300609,0.0335427835447068
"ENSMUSG00000121384",23.5135935945397,1.54120170915827,0.587931656981233,2.6213960259797,0.00875704697008763,0.0339711088219767
"ENSMUSG00000052013",194.650345415165,1.08192437096828,0.412730596213511,2.6213815522622,0.00875741880826514,0.0339711088219767
"ENSMUSG00000028076",262.489434870704,1.09813510372115,0.418982331757477,2.62095802253732,0.00876830578047504,0.0339973193744608
"ENSMUSG00000024334",59.3507054447273,1.25481864865841,0.479205435784417,2.61854009774406,0.00883069125288694,0.0342150317948406
"ENSMUSG00000030443",18.3234324563199,1.3821894703085,0.528105392515104,2.61726066406142,0.00886386240772207,0.0343112548361929
"ENSMUSG00000090084",212.665054590076,1.193773330878,0.457490392130939,2.60939541334963,0.00907023673576171,0.0348641857064779
"ENSMUSG00000024340",55.7896411243324,1.37160948223106,0.526031364935213,2.60746710873408,0.00912148333108418,0.0350202845334979
"ENSMUSG00000076586",196.519966903756,1.96296080438416,0.75454818279615,2.60150491266172,0.00928157357554669,0.0355602852627939
"ENSMUSG00000029359",22.07186352562,1.68510909452103,0.647807269829148,2.60125066976396,0.0092884556185571,0.0355700964987917
"ENSMUSG00000078853",2445.904879516,3.08848059603327,1.18998396023613,2.59539682822315,0.00944817638887928,0.0360894032227656
"ENSMUSG00000028270",7798.22594607288,3.18514769424248,1.22747085241754,2.59488662233342,0.00946221263190482,0.0361346338573531
"ENSMUSG00000020641",309.023491328359,1.35489213690775,0.522751390033101,2.59184798498949,0.00954619428135301,0.0363541513888306
"ENSMUSG00000070327",4706.31428210302,1.29404732298688,0.500382715221178,2.58611515470692,0.00970644960258788,0.0368281354707085
"ENSMUSG00000045657",16.0624478364462,1.40987821975998,0.545263314642884,2.58568325045555,0.00971861961919899,0.0368488334387087
"ENSMUSG00000123749",23.2898651377247,1.19129477556173,0.46142121386541,2.58179455075773,0.00982880772775765,0.0371809884241899
"ENSMUSG00000044528",30.1555841575625,1.18204872556256,0.457880276200229,2.58156725022515,0.00983528269531743,0.0371883920562726
"ENSMUSG00000045664",131.364803586208,1.02254951311386,0.396440114902413,2.57932907058503,0.00989924357413684,0.0374044633832946
"ENSMUSG00000076614",255.523767572591,3.29136465560014,1.27672055490339,2.57798360256619,0.00993787136636529,0.0375159771392964
"ENSMUSG00000020052",26.5168196403458,1.36448009771366,0.529385437902687,2.57747946962697,0.0099523793453463,0.0375566231623683
"ENSMUSG00000029757",27.1905875138903,1.1497291306937,0.446227752052903,2.57655227718199,0.00997911143189571,0.0376199018784747
"ENSMUSG00000037321",2470.48008321269,2.10345857680475,0.81644686125556,2.57635698858585,0.00998474998710031,0.037632540988469
"ENSMUSG00000097558",17.9315102979938,1.40105998181201,0.54456832877266,2.57279005734633,0.0100882382419838,0.0379444062549187
"ENSMUSG00000036596",37.9500684668104,3.14802844770926,1.22488429979244,2.57006188114478,0.0101680350287109,0.0381834764319496
"ENSMUSG00000035407",36.643174885137,1.37569841060452,0.535441624502598,2.56927804572999,0.0101910652195076,0.0382437899951571
"ENSMUSG00000030546",61.3707602298351,1.31011559169739,0.511082838027892,2.56341143590874,0.0103649140613264,0.0387812682253675
"ENSMUSG00000039395",48.7513134949874,1.27689354666409,0.498317492066275,2.56240964243387,0.0103948632073815,0.0388668255696394
"ENSMUSG00000097391",27.4532244864465,1.15326471578579,0.450369160779798,2.56070978259024,0.0104458576326504,0.0390309019987117
"ENSMUSG00000069893",121.446697866635,1.2030913204605,0.470207992779141,2.55863647350971,0.0105083564466169,0.0392199211472804
"ENSMUSG00000028597",86.7920180606465,1.07384388488332,0.419953882576336,2.5570519274533,0.0105563457910735,0.0393633342601232
"ENSMUSG00000026357",24.862033091707,1.2268218264338,0.480687852504505,2.55222140530855,0.0107038474786403,0.0397871847010287
"ENSMUSG00000111977",23.4563336631943,1.14110873188073,0.447524837822544,2.54982212257282,0.0107777893350319,0.0399898007263083
"ENSMUSG00000128023",32.3529244879104,1.24212607965127,0.487179697747913,2.54962611412841,0.0107838500020215,0.0400032723261109
"ENSMUSG00000018899",4345.29110154453,1.30565653324997,0.513422901920655,2.54304303210017,0.0109891694354787,0.0406537802749237
"ENSMUSG00000069919",580.219382993164,1.25531042059682,0.49487477352825,2.53662236942688,0.0111927617523667,0.0412789897481433
"ENSMUSG00000026249",752.156660756104,1.36883577259643,0.539681663077206,2.53637628670109,0.0112006309964194,0.0412980936380856
"ENSMUSG00000113165",18.1018295324034,1.33705366721996,0.527541235641618,2.53450076863428,0.0112607680017723,0.0414701999028928
"ENSMUSG00000026866",37.3610916077402,1.72579483472298,0.682467100273582,2.52875901861226,0.0114466589948553,0.042063916748282
"ENSMUSG00000052565",63.2491319145709,1.44860925218826,0.57310357888692,2.52765696386288,0.0114826483342632,0.0421867528513669
"ENSMUSG00000022454",49.9219894861224,1.08301406581717,0.428506034022503,2.52741847215224,0.0114904498633844,0.0421965817757967
"ENSMUSG00000071001",39.0583182632959,1.33893231678021,0.529842087885434,2.5270403152075,0.0115028297583432,0.0422326240659242
"ENSMUSG00000092060",64.8608120423052,1.02546445353256,0.406000430958993,2.5257718350455,0.0115444430621833,0.0423476305999829
"ENSMUSG00000121135",30.2828849351794,1.28276308077916,0.509296768073859,2.5186947202326,0.0117790733599692,0.0431026638642306
"ENSMUSG00000093916",60.9507177620016,1.10410658780201,0.438824537349141,2.51605480967797,0.0118676725449136,0.0433690328761181
"ENSMUSG00000026069",399.328352465051,2.32430595931412,0.924251842243189,2.51479721552186,0.0119100866409545,0.0434854194655211
"ENSMUSG00000121728",23.4604801526343,1.14937854613067,0.457074661534917,2.5146406984603,0.0119153747882673,0.0434950809621385
"ENSMUSG00000024673",183.679235857664,1.38578291621587,0.551111871948482,2.5145219813835,0.0119193871986328,0.0435000823434032
"ENSMUSG00000027400",28.7937248907662,1.85063804139762,0.736558057607611,2.5125487696226,0.0119862536453706,0.0436956806385598
"ENSMUSG00000051906",46.4972352545108,1.54469808508315,0.616434247540782,2.50586026205652,0.0122153885451393,0.0443898582513908
"ENSMUSG00000060572",120.730699355686,1.37706812443283,0.549574967191659,2.50569659580691,0.0122210437434474,0.0443943166699856
"ENSMUSG00000047880",72.6354223953888,1.27862143451188,0.510474849336724,2.50476871911168,0.0122531487618699,0.0444795168574941
"ENSMUSG00000043953",124.55319052951,1.19596415295909,0.477647913784578,2.50386135570661,0.0122846162522628,0.0445662488675632
"ENSMUSG00000015957",28.5861967277246,1.2845588818278,0.513324252938306,2.50243169784964,0.0123343422685314,0.0447367871264226
"ENSMUSG00000048852",100.970138218037,2.97028860627403,1.18785360713629,2.50055106827086,0.0124000253732529,0.0448958912953293
"ENSMUSG00000068246",58.5598536794034,1.69487647875837,0.679041857274169,2.49598233246179,0.0125608857510662,0.0454084018708396
"ENSMUSG00000044294",118.412481324191,2.05480189240441,0.823345762287584,2.4956731260696,0.0125718390384723,0.0454380210955805
"ENSMUSG00000108456",27.3981427691404,1.15538243560812,0.463376478980245,2.49339897042417,0.0126526585844895,0.0456799820781692
"ENSMUSG00000054256",38.2625809155673,1.18769456505125,0.476392186975138,2.49310252670713,0.012663227491554,0.0457081153680013
"ENSMUSG00000111987",183.064360387343,1.5342653741796,0.615930477773669,2.49097167544838,0.0127394275330578,0.0459428686696013
"ENSMUSG00000068105",59.813548686104,1.51755061186687,0.609262286962319,2.49080017644475,0.012745578010813,0.0459449202522474
"ENSMUSG00000052504",49.5383520946274,1.12293636963266,0.451702659402977,2.4860078776531,0.0129185105903611,0.0464665588483974
"ENSMUSG00000067341",78.3822241018944,1.13072641990541,0.455219646258096,2.48391392858366,0.0129947212479877,0.046683130654474
"ENSMUSG00000023000",27.8845247852659,1.37877787236154,0.555349125093429,2.48272268751585,0.0130382544973848,0.0467950258971976
"ENSMUSG00000105160",18.8677972886408,1.48972511772189,0.600448221541472,2.48102178385584,0.0131006366566774,0.0469881876424575
"ENSMUSG00000069763",127.133504221189,1.23566053164944,0.498637344222786,2.47807458860795,0.0132093527830992,0.0473368687131392
"ENSMUSG00000031382",77.3560286977125,1.4794429734015,0.597244754488366,2.47711338154636,0.0132449818830461,0.0474438939818512
"ENSMUSG00000033644",20.1424982033691,1.91569807402725,0.773842886855786,2.47556462244029,0.0133025685489658,0.047619088067324
"ENSMUSG00000067768",32.4926536759252,1.378416886866,0.557112446218,2.4742166437377,0.0133528697374418,0.0477576134015867
"ENSMUSG00000068299",491.282415218537,1.1619851648944,0.470075570423566,2.47191140745175,0.0134392816379044,0.0480145168413237
"ENSMUSG00000027636",21.8712149247818,1.46339325720315,0.592070620099052,2.4716532243372,0.0134489903519016,0.0480387780784021
"ENSMUSG00000103560",19.5554785172635,1.20247358210983,0.48694388100987,2.46942949486506,0.0135328683552344,0.0482546267559506
"ENSMUSG00000033491",18.5169816614512,1.74762602734858,0.708316855418141,2.46729414100544,0.0136138475475718,0.0485217658637767
"ENSMUSG00000137707",29.3766904243412,1.41011235026723,0.571662862502889,2.46668524887797,0.0136370169088171,0.0485628832727354
"ENSMUSG00000102428",37.4156725358936,1.09108486282179,0.442464945259493,2.46592385342955,0.0136660382820518,0.0486512801526976
"ENSMUSG00000034115",78.0578327898818,1.17686507400924,0.477525526992977,2.46450714670704,0.0137201827381978,0.0488062593817956
"ENSMUSG00000108064",35.939142920139,1.05184235170347,0.427470245472286,2.46062120777871,0.0138696714052338,0.0492210390912619
"ENSMUSG00000009097",27.895959561915,1.41493701422078,0.575548719722157,2.45841397215484,0.0139552206735216,0.0494484592420744
