geneID	Control_1	Control_2	Control_3	DSS_1	DSS_2	DSS_3	ZnCA_1	ZnCA_2	ZnCA_3
ENSMUSG00000053317	223.48	273.9	192.83	345.96	251.71	266.26	367.79	399.64	376.97
ENSMUSG00000099398	0.89	0.91	0.66	2.44	1.85	1.39	0.93	1.42	1.97
ENSMUSG00000022901	3.27	3.35	3.02	8.51	8.35	12.22	10.28	7.64	6.07
ENSMUSG00000072571	14.75	16.57	19.8	37.38	49.52	33.31	17.85	25.13	27.22
ENSMUSG00000032841	1.75	1.15	3.41	4.02	4.48	7.99	3.27	2.58	2.29
ENSMUSG00000004709	1.67	0.85	1.03	6.22	5.14	6.16	2.89	2.12	1.81
ENSMUSG00000037902	18.99	17.16	21.39	92.06	59.52	50.23	46.48	42.14	38.63
ENSMUSG00000115020	0.53	0.51	0.64	0.25	0.24	0.2	0.17	0.23	0.19
ENSMUSG00000075012	2.24	0.98	1.15	3.46	4.04	2.62	1.47	1.56	1.29
ENSMUSG00000028373	0.47	0.73	0.5	1.54	1.19	0.96	0.47	1.32	0.78
ENSMUSG00000017724	33.35	49.89	18.94	7.38	2.03	0.27	4.75	6.33	4.59
ENSMUSG00000038296	5.75	5.24	3.93	11.26	11.19	8.83	4.69	4.54	4.82
ENSMUSG00000030830	2.88	2.35	1.7	17.18	10.06	17.76	9.57	6.87	5.69
ENSMUSG00000040605	17.24	15.17	18.45	11.55	11.86	9.43	16.17	32.87	14.67
ENSMUSG00000035407	0.6	0.3	0.19	0.64	0.75	1.27	0.46	0.66	0.64
ENSMUSG00000074671	1.64	1.77	1.43	4.05	3.02	3.68	2.24	2.55	2.36
ENSMUSG00000069094	67.78	74.44	71.92	29.29	36.45	20.78	21.29	7.92	44.76
ENSMUSG00000016496	7.84	4.01	3.85	12.47	11.39	89	28.72	10.03	22.19
ENSMUSG00000070327	18.19	10.85	9.77	15.29	22.4	48.96	24.87	12.16	27.97
ENSMUSG00000056569	2.7	2.99	7.12	1.68	1.85	2.3	0.61	0.59	1.89
ENSMUSG00000043004	12.59	13.54	13.34	34.95	19.71	26.88	23.93	15.96	14.04
ENSMUSG00000093861	98.16	136.37	167.82	137.08	152.8	221.29	185.25	624.58	357.94
ENSMUSG00000002111	11.84	6.14	7.66	53.2	28.77	45.05	31.14	28.26	18.74
ENSMUSG00000103585	0.68	0.54	0.86	0.88	1.41	0.83	0.27	0.47	0.3
ENSMUSG00000142319	0.09	0.58	0.42	5.97	4.79	5.69	3	0.25	2.53
ENSMUSG00000048731	7.79	3.84	7.92	4.28	8.79	5.85	3.16	4.42	3.22
ENSMUSG00000117406	0.96	0.2	0.26	1.46	1.24	0.82	0.37	1	0.61
ENSMUSG00000027366	83.1	81.22	72.4	175.17	194.6	254.11	140.21	147.75	163.65
ENSMUSG00000035208	1.63	1.34	0.64	4.8	4.93	10.26	5.32	2.8	3.01
ENSMUSG00000076569	4.37	12.81	28.54	39.52	17.09	14.49	26.72	144.48	35.75
ENSMUSG00000045165	5.04	3.47	2.74	8.42	8.46	8.79	6.38	5.06	5.25
ENSMUSG00000068245	4.51	3.99	5.93	15.28	14.45	42.18	24.15	23.46	19.36
ENSMUSG00000000031	0.27	0.19	0.98	3.47	2.3	2.13	2.35	5.64	0.99
ENSMUSG00000032053	5.24	6.12	4.93	19.53	7.93	7.57	6.69	5.53	8.47
ENSMUSG00000120963	6.44	6.42	12.68	1.27	3.36	2.37	2.59	4.63	3.84
ENSMUSG00000032739	0.49	0.76	0.82	4.87	2.28	1.91	0.93	1.66	1.3
ENSMUSG00000022488	5.76	6.17	5.09	25.13	19.27	21.12	14.81	16.14	11.92
ENSMUSG00000037548	8	12.6	7.1	33.47	15.81	12.83	13.32	9.73	10.03
ENSMUSG00000071637	20.89	15.4	11.15	37.02	92.95	56.02	31.95	17.08	28.8
ENSMUSG00000050578	3.56	2.53	1.63	56.13	16.04	18.04	39.39	31.94	6.88
ENSMUSG00000029260	149.57	149.2	161.75	68.36	69.88	32.48	91.89	132.58	121.46
ENSMUSG00000114612	1.61	1.78	1.75	0.57	1.18	0.61	0.58	0.59	0.55
ENSMUSG00000030030	4.17	3.61	4.06	1.91	1.79	1.25	1.07	1.41	1.99
ENSMUSG00000068299	9.76	9.18	10.34	11.29	23.83	24.58	16.48	5.12	14.93
ENSMUSG00000070594	0.4	0.69	0.47	2.87	1.74	1.39	0.98	0.73	0.59
ENSMUSG00000047898	0.16	0.14	0.15	2.24	1.23	2.14	1.28	0.61	0.42
ENSMUSG00000000197	0.22	0.39	0.34	0.68	0.77	0.68	0.29	0.34	0.49
ENSMUSG00000079014	0	0.18	0	3.01	1.9	1.53	1.08	0.77	1.35
ENSMUSG00000068129	0.69	0.89	1.09	5.06	1.73	3.56	1.92	2.65	0.92
ENSMUSG00000036469	1.8	3.44	2.83	14.18	10.77	10.29	8.04	5.15	6.02
ENSMUSG00000093606	1.74	1.62	2.72	0.94	1.14	0.14	0.63	1.2	0.6
ENSMUSG00000026163	0.49	0.67	0.51	1.78	0.76	1.23	0.59	0.49	0.44
ENSMUSG00000027957	166.48	188.31	162.15	105.64	75.28	46.57	77.52	80.66	117.07
ENSMUSG00000030793	128.17	126.23	139.76	131.26	92.21	79.42	203.81	294.75	187.1
ENSMUSG00000014329	7.66	6.98	6.67	23.61	16.53	12.76	10.88	14.04	7.89
ENSMUSG00000120442	13.36	19.51	14.25	15.25	11.89	9.89	4.77	7.81	7.99
ENSMUSG00000025154	3.09	2.57	2.3	12.12	7.02	6.42	5.98	5.68	4.81
ENSMUSG00000014704	5.67	4.68	3.73	2.46	2.56	1.57	1.18	3.42	2.14
ENSMUSG00000026770	0.64	0.72	0.66	6.59	2.81	4.2	3.37	1.63	1.05
ENSMUSG00000039286	19.72	22.42	22.45	57.6	41.92	33.23	19.62	18.6	29.99
ENSMUSG00000090104	3.58	1.94	3.39	4.84	13.83	22.71	9.27	1.41	13.2
ENSMUSG00000001444	0	0.11	0.14	0.67	0.48	1.84	1.09	0.93	0.27
ENSMUSG00000071613	1.03	0.92	0.91	0.62	0.87	0.46	0.25	0.17	0.51
ENSMUSG00000038550	4.4	6.96	11.7	3.47	4.54	2.33	1.12	1.29	3.44
ENSMUSG00000020077	20.26	33.3	18.59	231.42	99.04	177.66	120.46	90.18	61.38
ENSMUSG00000021457	24.73	24.68	17.63	52.14	53.48	35.46	26.66	20.2	31.65
ENSMUSG00000041347	1.26	2.64	0.77	14	5.19	2.75	5.71	2.91	2.47
ENSMUSG00000005824	0.31	0.1	0.25	5.52	2.93	2.99	1.83	1.97	1.42
ENSMUSG00000030157	64.37	65.71	68.05	99.98	114.63	185.76	131.42	151.83	120.78
ENSMUSG00000047033	0.46	0.09	0.12	0.77	1.48	0.57	0.46	0.64	0.71
ENSMUSG00000006522	0.85	1.86	1.22	5.26	5.91	3.59	1.89	2.63	1.58
ENSMUSG00000001930	14.43	14.09	9.87	34.72	28.35	18.95	12.76	11.71	11.37
ENSMUSG00000042677	20.47	9.74	7.48	52.57	70.87	78.95	33.07	18.25	28.87
ENSMUSG00000070031	11.04	7.44	9.73	19.12	14.4	31.19	22.31	12.85	16.49
ENSMUSG00000027514	27.42	11.83	10.37	51.37	91.65	267.63	148.38	72.73	152.21
ENSMUSG00000097558	0.43	0.22	0.29	0.53	1.07	0.96	0.54	0.59	0.47
ENSMUSG00000040412	35.41	22.04	25.78	12.27	23.04	14.68	23.22	69.98	24.55
ENSMUSG00000026430	4.03	4.01	4.11	14.64	9.42	10.95	8.8	7.11	5.3
ENSMUSG00000056427	11.04	10.07	8.3	46.56	32.06	22.33	17.8	27.14	13.64
ENSMUSG00000043461	0.37	0.05	0	10.18	3.58	1.88	16.92	170.81	7.03
ENSMUSG00000048521	0.61	0.84	0.43	3.84	3.83	4.7	5.2	6.04	1.99
ENSMUSG00000071716	1.67	1.24	1.65	2.32	4.17	4.75	3.86	4.8	2.12
ENSMUSG00000109536	0.1	0.11	0.16	0.08	0.03	0.04	0.06	0.07	0.07
ENSMUSG00000035948	0.71	0.85	1.05	2.98	3.95	3.06	1.27	2.05	1.85
ENSMUSG00000036560	7.7	5.89	6.96	10.68	16.72	10.61	2.93	4.61	4.86
ENSMUSG00000022546	14.48	12.72	9.75	8.85	8.11	5.99	14.32	31.02	9.43
ENSMUSG00000000594	19.27	19.36	12.66	33.3	34.82	40.42	30.48	28.74	20.29
ENSMUSG00000014846	195.1	208.41	125.4	39.8	48.68	51.18	29.36	49.27	90.52
ENSMUSG00000073418	30.84	26.84	38.46	232.89	228.08	180.87	132.15	124.71	73.55
ENSMUSG00000053977	0.96	0.28	0.76	2.49	1.54	3.46	2.37	7.13	1.2
ENSMUSG00000019577	8.21	9.22	7.17	8.5	29.4	17.97	8.73	13.16	9.96
ENSMUSG00000062638	8.16	5.31	2.5	0.48	1.03	0.83	10.13	39.68	7.83
ENSMUSG00000032750	0.52	0.62	0.17	1.75	1.8	1.15	0.66	0.64	0.88
ENSMUSG00000019880	5.7	7.42	8.79	20.62	13.7	13.24	7.79	7.22	9.67
ENSMUSG00000025515	533.74	389.2	292.19	410.07	934.84	572.7	518.29	1159.31	577.53
ENSMUSG00000037979	3.43	4.25	2.08	2.88	6.75	3.83	1.88	2.22	2.24
ENSMUSG00000003123	11.03	7.84	9.77	20.77	22.41	20.58	11.99	17.48	10.46
ENSMUSG00000061013	15.89	23.18	21.91	6.58	2.29	6.06	6.18	8.83	5.62
ENSMUSG00000042770	6.11	4.39	7.5	20.16	15.32	12.7	11.35	14.65	7.13
ENSMUSG00000105730	3.15	2.71	3.39	1.01	1.07	0.51	1.56	2.87	0.74
ENSMUSG00000053175	45.6	22.95	13.55	52.17	81.35	59.59	42.15	24.75	49.58
ENSMUSG00000028527	1.45	2.65	2.26	20.84	24.89	21.14	7.79	16.65	3.22
ENSMUSG00000005268	2.18	1.69	2.06	0.39	0.29	0.25	0.39	2.86	0.36
ENSMUSG00000022667	0.74	1	1.25	5.35	3.5	3.88	3.25	2.43	2.14
ENSMUSG00000031853	14.91	10.15	9.91	4.53	3.5	1.9	4.44	6.94	5.71
ENSMUSG00000046387	0.97	1.39	1.2	3.06	3.04	2.71	1.57	1.36	1.7
ENSMUSG00000045319	9.3	8.3	10.43	3.69	5.83	3.7	2.85	5	4.03
ENSMUSG00000035697	7.7	9.35	8.44	31.21	23.81	26.05	16.33	13.2	10.46
ENSMUSG00000028713	2.49	1.92	2.92	3.63	4.77	4.12	2.29	12.66	3.01
ENSMUSG00000085399	34.13	33.94	15.12	13.66	16.23	4.45	14.57	38.32	19.81
ENSMUSG00000048058	21.65	21.67	22.34	10.8	9.87	4.95	6.46	6.54	10.08
ENSMUSG00000026921	23.71	28.87	31.49	62.45	57.02	45.36	32.13	33.53	32.65
ENSMUSG00000079243	0.68	0.81	0.56	0.39	0.53	0.42	0.18	0.06	0.35
ENSMUSG00000110720	14.07	10.11	93.08	53.44	61.82	129.31	356.57	154.22	212.37
ENSMUSG00000040867	2.38	1.69	1.14	3.13	4.69	3.44	1.6	1.83	1.63
ENSMUSG00000052142	3.39	2.69	1.71	11.3	8.75	8.9	4.59	3.22	3.35
ENSMUSG00000038304	0.66	0.09	0.45	2.52	1.74	1.95	1.59	3.96	1.46
ENSMUSG00000046546	9.03	9.4	7.42	16.41	19.39	18.96	9.58	7.35	12
ENSMUSG00000125984	2.19	1.85	4.37	1.27	0.99	0.52	0.55	1.78	1.28
ENSMUSG00000026614	4.35	6.82	1.32	0.14	0.4	0.1	0.47	3.82	0.56
ENSMUSG00000051855	3.06	2.83	2.27	5.18	4.87	5.94	2.53	1.96	3.35
ENSMUSG00000051951	1.62	0.88	1.3	0.69	0.57	0.61	0.3	0.44	0.68
ENSMUSG00000033805	7.79	6.61	6.85	2.28	3.86	1.74	4.36	5.52	6.45
ENSMUSG00000002033	1.13	2.01	1.48	9.16	4.91	6.63	8.35	12.83	3.14
ENSMUSG00000050953	30.15	33.92	32.64	103.4	60.74	42.69	52.86	50.41	41.29
ENSMUSG00000033826	4.56	6.57	6.82	1.37	0.86	0.74	3.82	2.03	1.25
ENSMUSG00000026834	2.78	1.68	1.62	0.7	1.04	0.83	0.96	1.75	1.15
ENSMUSG00000028158	1.42	1.64	1.42	3.58	3	2.07	2.02	3.51	1.06
ENSMUSG00000020120	6.05	5.81	4.27	37.09	15.65	23.86	19.78	12.7	12.96
ENSMUSG00000036896	52.38	40.12	42.73	189.97	217.7	193.06	153.44	154.08	99.45
ENSMUSG00000029201	110.68	111.21	130.58	68.87	61.41	39.78	79.52	216.94	98.28
ENSMUSG00000124529	1.43	1.17	1.08	0.4	0.51	0.43	0.34	0.96	0.51
ENSMUSG00000030043	2.04	2.75	1.69	10.03	7.28	5.38	3.31	3.69	3.56
ENSMUSG00000040441	0.54	1.47	0.66	1.64	1.93	1.57	0.93	1.27	0.49
ENSMUSG00000095642	153.84	68.89	37.45	132.57	463.88	314.87	119.15	115.49	80.15
ENSMUSG00000022358	81.25	86.67	92.06	56.78	141.6	75.53	27.63	16.66	58.47
ENSMUSG00000139678	66.23	56.9	49.05	116.39	101.83	119.08	124.96	118.86	128.63
ENSMUSG00000121900	1.3	1.92	1.06	0.85	1.2	1.23	0.71	0.39	0.56
ENSMUSG00000013653	39	24.34	23.58	113.98	129.78	72.19	236.79	3257.04	116.68
ENSMUSG00000053588	10.39	15.21	13.97	9.25	9.05	9.16	2.69	5.25	5.09
ENSMUSG00000105990	1.51	1.56	1.7	0.49	0.17	0.03	0.43	0.83	0.59
ENSMUSG00000024421	27.61	28.77	43.89	27.71	25.91	17.91	10.61	8.61	10.81
ENSMUSG00000104876	0.07	0.11	0.09	1.87	1.04	1	0.98	1.16	0.26
ENSMUSG00000021125	2.07	0.55	1.49	6.81	4.16	2	4.22	17.89	0.86
ENSMUSG00000019699	8.59	9.67	9.44	15.56	16.54	26.13	15.9	7.97	14.9
ENSMUSG00000003355	8.31	7.1	4.37	15.1	5.74	10.48	21.32	20.71	8.56
ENSMUSG00000053338	0.07	0	0	7.24	2.28	5.95	2.76	0.98	0.64
ENSMUSG00000025355	9.74	10.21	6.17	35.49	22.2	16.08	12.51	13.48	13.84
ENSMUSG00000073413	7.83	7.16	14.88	3.66	5.09	1.35	3.72	6.85	3.74
ENSMUSG00000032035	11.49	13.55	11.62	34.21	19.99	19.91	14.58	13.15	13.91
ENSMUSG00000044811	2.58	2.14	3.55	25.56	16.72	26.01	21.03	16.99	9.32
ENSMUSG00000024164	39.34	46.37	54.28	832.27	330.64	322.1	244.78	359.09	83.99
ENSMUSG00000022324	22.15	24.87	22.89	72.33	45.69	32.47	23.12	32.38	20.23
ENSMUSG00000078771	4.46	5.61	4.77	20.32	14.17	20.05	18.18	17.06	10.6
ENSMUSG00000024730	394.61	370.51	339.39	608.81	945.4	854.38	563.32	446.24	818.31
ENSMUSG00000078439	229.76	249.97	259.75	98.45	173.96	66.07	123.73	164.95	178.97
ENSMUSG00000069806	6.43	5.36	5.49	14.04	12.66	8.84	7.88	8.2	6.74
ENSMUSG00000046805	21.44	22.57	22	142.51	105.48	174.69	109.98	83.23	68.5
ENSMUSG00000097493	5.85	4.49	2.9	2.58	2.02	1.23	1.89	2.48	1.72
ENSMUSG00000030717	82.67	81.03	120.53	138.99	218.8	676.18	411.58	665.24	377.2
ENSMUSG00000045551	0	0	0.15	10.84	1.77	2.12	1.5	1.54	0.19
ENSMUSG00000040663	2.42	3.54	1.94	7.49	5.44	5.36	4.13	4.61	2.91
ENSMUSG00000109084	1.68	1.1	1.52	3.04	3.45	3.04	3.01	1.43	2.98
ENSMUSG00000024697	43.92	31.89	38.92	79.03	144.13	82.29	47	28.48	50.13
ENSMUSG00000027639	125.93	85.41	109.24	137.84	158.37	420.95	244.25	132.96	173.17
ENSMUSG00000134173	14.81	19.23	16.82	8.95	8.18	4.86	5.14	6.19	7.5
ENSMUSG00000070284	27.67	26.82	15.41	46.44	45.49	47.13	43.86	33.83	61.25
ENSMUSG00000049037	3.01	3.91	2.8	26.71	22.71	21.05	16.61	18.48	11.32
ENSMUSG00000075420	103.08	111.24	101.23	48.53	49.62	34.19	86.02	133.21	121.92
ENSMUSG00000130949	2.94	4.2	3.56	1.65	1.73	0.23	1	1.51	1.43
ENSMUSG00000026073	0.29	0.77	0.16	30.43	10.28	11.52	10.53	6.21	1.66
ENSMUSG00000091575	20.93	17.36	17.05	33.17	55.42	30.84	12.01	7.87	18.81
ENSMUSG00000124420	0.97	1.33	1.3	3.42	2.94	2.7	2.75	1.25	1.1
ENSMUSG00000030798	10.78	15.02	13.92	55.84	19.87	24.83	17.31	15.29	13.45
ENSMUSG00000049191	1.64	2.14	1.45	3.46	5.37	8.22	1.75	1.98	3.01
ENSMUSG00000030406	0.73	0.8	1.31	0.53	0.97	0.62	0.21	0.3	0.2
ENSMUSG00000137707	3.89	2.04	0.79	3.85	8.8	3.55	3.63	3.52	5.78
ENSMUSG00000032363	2.58	3.09	2.14	10.63	3.11	2.98	2.56	3.26	1.34
ENSMUSG00000018774	17.57	16.49	12.44	97.12	83.19	80.95	52.83	45.97	56.31
ENSMUSG00000018920	19.19	13.08	12.97	55.18	43.45	44.49	51.61	50.36	29.08
ENSMUSG00000003271	30.01	35.3	18.92	7.46	19.83	11.28	16.31	22.71	25.83
ENSMUSG00000049241	1.61	1.46	2.01	3.32	4.49	2.41	1.6	2.44	1.86
ENSMUSG00000078974	9.77	16	16.27	17.94	12.12	28.69	24.64	31.89	30.42
ENSMUSG00000120913	3.23	2.62	1.85	7.45	10.86	3.64	3.86	3.95	5.94
ENSMUSG00000047728	18.49	14.79	25.54	43.5	84.23	59.23	35.49	27.12	35.25
ENSMUSG00000029661	168.09	150.51	126.73	519.84	257.38	309.56	222.18	387.34	142.43
ENSMUSG00000078566	34.44	32.35	50.06	70.57	133.02	65.66	28.25	31.54	24.8
ENSMUSG00000070873	0.27	0.35	0.34	3.04	1.35	2.43	1.46	2.69	1.01
ENSMUSG00000005973	13.22	12.59	17.98	35.79	19.98	28.6	17.32	29.34	15.27
ENSMUSG00000025911	1.4	1.1	1.96	3.24	2.73	4.42	2.41	3.17	2.04
ENSMUSG00000050105	4.23	2.93	3.1	6.9	22.08	10	4.8	4.54	6.19
ENSMUSG00000047215	1345.88	1565.35	1785.18	1092.42	1070.23	891.43	1608.3	2161.81	1598.85
ENSMUSG00000047867	11.95	11.93	16.15	42.26	24.26	22.28	16.72	14.18	11.41
ENSMUSG00000103037	1.13	1.11	0.45	1.81	1.72	2.23	0.57	0.92	0.65
ENSMUSG00000032297	2.8	3.4	1.18	3.5	7.4	3.59	2.11	2.61	2.6
ENSMUSG00000125526	44.18	59.34	50.3	26.26	27.31	15.04	29.28	19.87	39.92
ENSMUSG00000049134	4.94	4.57	7.03	3.65	5.26	1.64	1.71	1.03	2.57
ENSMUSG00000127162	7.15	8.3	12.72	3.93	6.58	3.35	3.22	5.92	4.64
ENSMUSG00000032978	19.56	19.7	20.31	17.77	3.62	3.31	17.72	68.52	14.34
ENSMUSG00000076564	116.26	80.78	49.05	80.4	44.08	62.64	767.14	50.06	252.78
ENSMUSG00000004633	1.5	2.25	2.68	4.38	3.93	4.78	3.52	16.01	2.48
ENSMUSG00000030075	0.27	0.34	0.35	0.89	0.79	0.52	0.53	1.4	0.38
ENSMUSG00000021262	11.55	15.93	12.62	45.76	23.36	46.29	35.78	31.49	15.47
ENSMUSG00000048218	3.77	4.82	2.95	8.28	6.74	7.78	4.6	6.31	5.11
ENSMUSG00000025964	11.23	8.96	11.7	31.93	26.22	19.1	15.91	19.11	18.69
ENSMUSG00000120334	8.56	5.39	8.86	3.1	2.13	0.84	2.26	4.74	3.15
ENSMUSG00000140657	8.62	7.51	6.36	3.41	3.68	2.23	2.93	2.92	3.81
ENSMUSG00000038578	2.24	2.54	1.56	13.84	8.63	3.51	3.36	5.56	3.47
ENSMUSG00000079056	1.93	0.98	1.63	3.59	3.9	2.95	1.62	2.04	1.48
ENSMUSG00000028581	23.41	22.84	19.41	144.32	92.8	107.68	80.93	75.66	48.34
ENSMUSG00000034320	255.22	275.35	297.98	104.07	200.72	72.19	99.76	65.39	232.91
ENSMUSG00000057137	12.63	10.41	17.59	18.07	25.94	39.66	19.58	18.97	25.73
ENSMUSG00000040855	10.94	8.54	11.17	4.4	5.47	4.09	5.34	6.6	7.13
ENSMUSG00000028860	68.56	51.76	50.91	16.21	37.54	15.14	25.42	14.32	41.34
ENSMUSG00000128022	29.44	15.11	26.43	56.72	176.45	91.77	18.74	3.82	35.26
ENSMUSG00000041301	38.39	40.82	30.76	10.36	5.19	1.05	15.43	23.6	16.16
ENSMUSG00000027359	4.68	2.13	3.99	0.1	0.22	0.07	0.85	5.63	0.28
ENSMUSG00000020988	12.3	13.73	11.7	8.39	4.47	3.25	5.52	7.92	4.83
ENSMUSG00000060216	19.11	17.05	14.53	62.98	53.5	46.76	36.34	41.41	24.96
ENSMUSG00000025279	2.29	2.24	2.51	6.24	9.19	20.11	10.39	5.26	6.98
ENSMUSG00000100075	1.7	1.87	1.65	1.05	1.1	1.06	0.59	0.81	0.45
ENSMUSG00000031101	2.84	2.89	2.51	13.82	10.06	11.34	8.67	7.27	5.74
ENSMUSG00000103270	0.66	1.26	1.59	1.11	0.36	0.52	0.19	0.2	0.57
ENSMUSG00000034116	6.35	6.63	5.82	25.3	18.8	15.75	12.79	11	10.23
ENSMUSG00000036596	0.13	0.32	0.36	5.28	0.59	1.54	1.12	4.05	0
ENSMUSG00000048603	4.04	10.06	6.88	3.47	2.63	1.85	3.46	3.26	4.48
ENSMUSG00000029168	0.7	0.83	0.46	1.79	1.9	1.32	1.06	0.72	0.86
ENSMUSG00000029669	25.63	29.15	39.76	13.53	16	6.62	9.07	24.24	11.67
ENSMUSG00000084970	4.61	4.89	10.02	3.68	4.14	2.73	2.34	1.43	3.84
ENSMUSG00000033191	9.97	9.32	9.32	21.75	20.26	12.76	8.03	6.53	7.81
ENSMUSG00000020182	81.01	95.42	93.73	34.27	27.97	23.08	29.72	23.5	51.05
ENSMUSG00000020140	5.17	5.94	4.03	0.07	0.07	0.07	0.31	3.06	0.01
ENSMUSG00000039206	5.36	4.75	4.37	11.24	15.22	9.48	7.7	12.77	5.59
ENSMUSG00000066677	0.67	0.59	0.68	1.21	1.38	3.69	1.55	1.15	0.88
ENSMUSG00000020275	4.17	3.81	3.04	17.25	25.85	21.75	7.24	3.52	6.5
ENSMUSG00000050921	1.16	1.86	0.81	9.12	4.44	7.15	4.86	2.11	3.67
ENSMUSG00000022018	28.88	27.72	18.35	8.88	10.26	8.23	7.72	13.34	4.97
ENSMUSG00000030364	258.21	223.03	294.69	336.8	624.92	528.09	417.4	408.2	475.52
ENSMUSG00000023070	1.85	2.15	2.17	0.72	0.2	0.18	1.44	1.27	0.59
ENSMUSG00000032773	4.58	2.79	3.35	1	0.92	1.36	0.76	3.6	1.65
ENSMUSG00000046191	0.6	0.71	0.72	2.31	1.79	2.19	1.15	1.18	1.03
ENSMUSG00000134910	1.37	0.53	0.77	9.4	5.28	6.06	6.13	4.88	2.5
ENSMUSG00000022947	38.73	43.97	22.39	13.83	15.2	8.06	16.1	28.97	21.53
ENSMUSG00000025780	113.88	109.92	122.91	47.29	63.76	32.52	43.21	23.19	82.54
ENSMUSG00000096255	43.77	50.16	66.1	74.27	71.73	64.98	102.11	105.26	86.96
ENSMUSG00000079484	10.75	11.78	10.33	34.02	33.19	27	10.98	20.08	11.13
ENSMUSG00000029545	126.04	95.72	94.96	60.05	78.11	37.41	76.46	146.89	92.69
ENSMUSG00000026712	12.83	12.16	10.7	52.84	47.5	31.04	25.74	26.96	25.94
ENSMUSG00000001020	30.62	51.37	56.44	133.38	102.85	152.94	101.02	80.07	100.57
ENSMUSG00000021704	15.75	18.11	17.12	9.34	8.69	6.08	6.78	5.46	6.91
ENSMUSG00000000126	0.94	1.05	0.8	1.49	2.4	1.47	0.54	0.65	1
ENSMUSG00000000416	8.95	11.27	8.07	3.6	4.14	2.91	4.6	3.46	3.02
ENSMUSG00000034612	3.17	3.26	3.19	12.15	7.61	5.94	4.83	3.64	3.71
ENSMUSG00000040164	0.77	0.49	0.51	3.85	1.53	1.21	0.59	0.26	1.06
ENSMUSG00000070034	14.6	12.02	14.09	27.67	28.21	50.99	27.29	17.06	25
ENSMUSG00000002257	2.22	2.97	1.82	9.86	7.75	6.07	3.77	5.87	2.6
ENSMUSG00000028480	8.51	10.46	7.46	28.59	13.64	23.6	20.08	30.5	15.78
ENSMUSG00000038886	19.71	17.67	14.51	50.14	33.72	27.42	19.85	23.72	18.37
ENSMUSG00000039648	49.5	48.95	57.18	14.33	37.18	8.18	12.81	6.57	12.56
ENSMUSG00000044708	0.66	0.92	0.97	2.21	2.6	3.39	2.23	2.9	1.69
ENSMUSG00000056290	2.12	3.44	0.88	6.28	4.74	17.06	13.52	11.53	5.36
ENSMUSG00000020932	1.8	2.9	2.77	12.07	13.23	12.68	3.77	6.2	6.43
ENSMUSG00000040990	12.34	14.32	9.59	33.26	26.22	26.93	19.02	15.6	23.94
ENSMUSG00000029126	12.36	8.77	6.2	31.88	22.5	21.65	12.25	10.15	11.3
ENSMUSG00000023829	10.04	7.88	15.75	4.34	3.34	4.31	6.6	28.62	5.6
ENSMUSG00000053279	47.94	49.7	43.31	35.19	29.64	31.71	31.51	167.11	41.41
ENSMUSG00000036905	57.9	43.18	53.08	237.25	227.26	242.19	207.19	207.38	126.23
ENSMUSG00000078377	11.24	7.08	27.34	0	0	0	17.03	29.93	4.78
ENSMUSG00000045733	0.74	0.59	0.71	1.32	1.66	1.6	0.64	0.91	1.02
ENSMUSG00000062585	0.93	0.87	1.01	3.72	2.23	3.09	1.58	1.16	1.78
ENSMUSG00000024663	6.37	5.79	5.49	17.1	19.89	11.93	10.83	12.4	9.26
ENSMUSG00000110494	2.55	2.52	2.34	1.05	2.49	0.61	0.54	0.56	1.2
ENSMUSG00000013418	15.04	17.91	11.33	58.65	58.25	38.52	43.22	161.4	29.32
ENSMUSG00000006519	101.38	104.52	91.36	320.72	189.82	226.67	240.15	278.18	186.85
ENSMUSG00000061353	66.2	66.11	80.08	459.79	309.6	208.19	176.73	256.06	120.57
ENSMUSG00000058755	0.16	0.08	0.12	4.17	1.69	1.71	2.29	0.85	0.76
ENSMUSG00000055541	3.77	2.58	2.55	12.49	16.45	17.72	11.13	9.74	5.95
ENSMUSG00000042118	0	0	0	2.61	1.13	1.6	0.94	0.64	0.48
ENSMUSG00000006800	19.23	18.13	16.14	51.46	41.02	33.03	35.01	33.32	25.78
ENSMUSG00000027556	1226.5	1846.91	1147.56	840.16	769.93	192.27	653.48	3520.27	1779.9
ENSMUSG00000070661	97.48	88.71	80.29	35.9	26.39	10.55	58.64	77.03	53.7
ENSMUSG00000039153	1.74	2.52	2.4	5.45	3.34	2.7	3	2.62	2.01
ENSMUSG00000116461	1.73	0.74	1.31	0.76	1.26	0.92	0.33	0.57	0.36
ENSMUSG00000029591	14.92	17	7.08	7.1	3.73	2.34	6.17	11.1	4.27
ENSMUSG00000029204	0.88	1.67	0.76	5.6	2.33	3.83	3.61	2.47	1.51
ENSMUSG00000034641	0.87	0.88	0.83	14.66	5.17	6.99	6.85	8.79	4.82
ENSMUSG00000066894	82.74	82.17	91.55	37.01	38.24	23.02	31.35	44.72	50.82
ENSMUSG00000028391	5	3.58	4.1	3.4	1.38	0.8	1.6	1.85	2.17
ENSMUSG00000022037	55.75	82.66	77.8	133.25	134	157.56	105.37	40.27	79.14
ENSMUSG00000085881	12.65	15.34	15.35	3.33	7.46	2.45	2.3	8.22	4.79
ENSMUSG00000029163	40.59	34.49	34.09	122.62	102.92	69.48	57.79	87.67	36.22
ENSMUSG00000045322	0.95	1.07	1.25	6.05	4.91	6.65	3.78	2.76	2.47
ENSMUSG00000085004	7.27	10.46	12.35	0.2	0.69	0	1.75	3.35	2.52
ENSMUSG00000043286	0.85	0.44	0.95	0.33	0.31	0.11	0.28	0.36	0.22
ENSMUSG00000060703	12.94	13.71	11.83	74.72	43.1	45.28	33.82	45.76	19.36
ENSMUSG00000015950	6.29	5.8	5.63	32.25	22.64	28.71	17.73	15.93	9.74
ENSMUSG00000030866	51.63	40.28	32.6	10.99	20.74	12.42	16.87	21.91	28.38
ENSMUSG00000020460	866.01	1008.2	1209.61	909.01	589.01	652.99	1142.57	1633.98	919.5
ENSMUSG00000041372	87.22	63.47	77.22	22.09	38.49	14.24	18.07	6.42	41.7
ENSMUSG00000042099	17.16	19.43	20.55	24.82	29.93	22.16	10.81	11.29	10.44
ENSMUSG00000074852	0.29	0.45	0.4	0.85	0.74	0.68	0.68	2.42	0.5
ENSMUSG00000022221	13.27	14.27	8.02	45.28	56.48	78.42	35.68	32.48	29.82
ENSMUSG00000001435	31.7	28	21.28	235.91	133.25	69.7	79.06	100.8	42.73
ENSMUSG00000093880	0.66	0.39	0.16	4.7	7.91	10.41	4.46	1.68	3.28
ENSMUSG00000023044	58.99	52.19	58.57	35.68	32.79	27.23	25.69	30.83	23.03
ENSMUSG00000047517	838.37	769.61	832.78	2630.3	4777.94	3823.93	3023.33	2278.77	1417.74
ENSMUSG00000028654	22.66	18.06	20.01	7.19	5.09	3.18	6.08	7.53	3.88
ENSMUSG00000120997	1.49	1.57	2.92	1.15	1.04	0.71	1.39	0.63	0.9
ENSMUSG00000076580	108.42	119.27	43.01	276.1	298.9	98.59	65.16	140.71	106.58
ENSMUSG00000031558	1.53	1.09	1.31	2.85	2.68	2.7	0.95	1.98	1.64
ENSMUSG00000038301	11.61	10.43	12.38	24.69	19.84	47.26	28.04	19.97	21.78
ENSMUSG00000050762	0.17	0.08	0.16	4.15	5.15	1.86	1.4	1.22	0.47
ENSMUSG00000050721	14.9	10.77	9.85	34.14	32.28	27.57	23.36	16.27	18.63
ENSMUSG00000114532	5.76	11.15	8.89	1.93	2.69	1.64	2.31	1.51	3.42
ENSMUSG00000000204	41	38.44	24.56	57.05	111.18	141.96	63.88	30	88.71
ENSMUSG00000037738	0.96	2.13	2.59	0.7	0.81	0.52	0.17	0.25	0.86
ENSMUSG00000026656	18.24	17.5	13.67	166.15	146.24	153.1	98.45	81.91	64.73
ENSMUSG00000019564	3.75	2.44	1.91	8.75	6.55	7.81	4.33	4.63	4.44
ENSMUSG00000102553	0.69	0.95	1.04	0.3	0.51	0.17	0.41	0.13	0.57
ENSMUSG00000040265	2.04	1.53	1.57	4.13	3.51	2.93	2.2	1.49	1.99
ENSMUSG00000021904	3.18	3.15	3.48	10.18	9.68	7.18	3.55	3.22	4.03
ENSMUSG00000074207	917.74	863.6	1162.51	425.3	457.85	193.95	439.17	158.34	516.02
ENSMUSG00000039997	7.65	7.31	5.99	23.01	19.92	42.77	17.58	11.74	14.19
ENSMUSG00000056069	17.38	12.25	15.4	41.21	28.15	16.65	22.16	15.64	13.21
ENSMUSG00000096452	11.89	4.6	7.57	30.47	20.41	17.57	32.29	15.35	18.07
ENSMUSG00000022270	119.79	113.23	140.66	34.61	60.43	36.8	42.03	40.19	76.85
ENSMUSG00000013338	2.59	1.21	1.34	4.51	6.18	2.92	2.06	1.69	3.38
ENSMUSG00000027248	266.07	252.51	212.26	374.93	309.29	323.59	358.51	366.89	529.02
ENSMUSG00000134796	4.62	9.73	8.2	55.03	26.58	34.25	18.95	33.37	10.2
ENSMUSG00000026185	49.92	57.06	52.83	695.43	307.59	225.23	168.74	145.05	80.17
ENSMUSG00000039158	5.25	4.98	3.4	14.12	11.68	11.21	7.45	6.33	6.05
ENSMUSG00000040751	5.93	9.16	7.31	25.66	12.06	15.28	11.61	12.76	11.84
ENSMUSG00000097750	8.46	12.41	12.59	11.98	5.35	7.04	4.9	4.26	7.57
ENSMUSG00000006014	1.4	2.23	3.02	4.48	1.25	16.61	1.18	1.51	1.18
ENSMUSG00000025092	12.98	9.84	12.05	14.45	26.93	23.27	11.99	9.88	12.62
ENSMUSG00000095204	9.38	6.51	4.28	68.15	0	30.5	36.94	17.4	82.6
ENSMUSG00000019359	3.15	1.71	4.36	10.68	9.54	6.94	5.09	7.88	3.38
ENSMUSG00000022150	20.98	19.9	18.03	54.16	44.05	31.13	29.43	26	32.65
ENSMUSG00000020080	2.24	1.01	0.94	0.6	0.16	0.99	1.44	15.61	0.96
ENSMUSG00000062488	2.58	1.24	2.28	3.96	8.11	18.62	9.75	3.95	6.54
ENSMUSG00000026787	0.6	1.32	1.02	0.08	0.07	0.52	0.25	0.43	0.47
ENSMUSG00000030165	0.93	2.97	1.61	5.18	8.24	8.41	9.98	7.8	5.82
ENSMUSG00000041886	3.66	4	3.5	2.76	1.88	0.47	2.06	1.26	3.02
ENSMUSG00000048070	3.85	3.93	2.72	8.21	5.1	7.62	3.86	3.57	4.07
ENSMUSG00000055994	0.79	0.57	0.47	2.88	2.02	3.73	1.97	1.63	1.67
ENSMUSG00000074818	13.86	12.04	12.55	2.06	2.93	1.29	2.76	1.95	2.16
ENSMUSG00000026360	15.91	19.32	21.95	53.87	43.8	36.41	28.15	35.95	17.12
ENSMUSG00000121083	2.82	2.5	3.99	1.5	1.44	1.01	0.82	1.81	2.02
ENSMUSG00000073565	2	2.94	2.79	11.04	6.32	4.12	3.57	3.56	3.12
ENSMUSG00000041912	1.08	0.61	0.96	2.01	2.49	2.45	1.27	1.06	1.73
ENSMUSG00000035458	2.33	1.4	1.53	6.07	4.79	6.75	2.33	6.62	3.7
ENSMUSG00000124498	5.11	4.75	5.43	2.86	1.44	0.94	1.26	1.33	4.08
ENSMUSG00000055978	81.05	63.38	53.39	188.52	353.58	258.94	145.05	119.07	149.44
ENSMUSG00000044703	0.31	0.16	0.64	1.77	1.31	2.57	3.35	2.79	1.66
ENSMUSG00000035954	1.96	1.21	1.59	4.45	3.65	3.36	1.57	1.6	1.95
ENSMUSG00000041272	14.14	10.82	12.6	5.08	5.36	5.06	5.34	10.59	6.38
ENSMUSG00000062826	1.54	0.93	1.66	8.3	25.44	16.67	5.12	0.23	3.15
ENSMUSG00000040033	25.95	14.87	19.46	37.96	42.25	91.49	44.83	23.75	49.85
ENSMUSG00000004207	465.57	429.65	427.13	966.87	873.96	879.63	747.45	861.37	622.06
ENSMUSG00000027230	176.43	136.18	95.05	66.24	47.35	25.05	70.66	82.51	97.98
ENSMUSG00000001802	5.69	3.47	4.74	5.96	10.32	4.53	2.31	2.97	3.23
ENSMUSG00000050600	0.06	0.32	0.21	0.86	0.43	0.4	0.2	0.2	0.19
ENSMUSG00000128351	3.25	0.04	0	0.27	2.65	80.92	79.38	22.01	43.55
ENSMUSG00000024114	6.53	6.06	5.59	1.84	0.93	0.38	1.8	0.33	1.12
ENSMUSG00000029304	0.07	0.35	0.27	8.32	1.64	9.65	10.36	2.29	0.4
ENSMUSG00000046207	1.14	1.33	1.09	5.32	3.57	4.24	2.7	1.94	1.64
ENSMUSG00000053687	2.29	0.99	2.92	8.8	5.67	6.49	4.26	5.3	2.83
ENSMUSG00000055172	37.23	28.6	31.57	145.93	100.89	116.01	81.33	91.5	49.15
ENSMUSG00000021638	82.5	82.21	98.86	36.88	43.51	38.12	42.93	39.79	68.39
ENSMUSG00000029247	126.99	126.23	166.02	84.22	54.57	47.14	71.89	56.8	63.33
ENSMUSG00000121384	0.74	0.52	0.66	1.06	1.03	2	0.36	0.87	1.1
ENSMUSG00000058818	3.6	5.18	5.42	53.87	34.54	42.18	19.27	18.02	15.53
ENSMUSG00000037321	44.05	12.96	12.79	41.36	54.64	179.4	122.82	59.15	94.6
ENSMUSG00000037362	37.57	17.38	8.43	11.19	5.24	5.19	26.41	36.87	19.18
ENSMUSG00000028357	8.16	7.05	6.92	1.34	1.13	1.66	1.54	7.52	1.53
ENSMUSG00000039959	5.97	6.56	4.92	13.54	13.71	10.53	4.89	5.31	7.66
ENSMUSG00000062609	0.1	0.27	0.23	1.42	0.6	1.58	0.49	0.4	0.35
ENSMUSG00000024411	46.04	36.6	23.76	165.38	163.84	122.36	170.04	59.36	157.47
ENSMUSG00000076549	59.18	61.3	77.59	44.3	46.27	82.32	115.17	109.91	128.03
ENSMUSG00000004473	0.67	0.83	1.04	2.95	1.32	1.27	1.7	2.93	1.03
ENSMUSG00000034758	12.73	10.72	5.34	20.23	19.79	19.47	13.39	6.67	12.33
ENSMUSG00000059326	30.52	21.64	18.76	23.79	85.64	79.05	39.44	37.26	28.51
ENSMUSG00000036067	1.82	0.63	0.76	3.84	2.46	3.82	2.77	2.69	1.91
ENSMUSG00000003949	2.94	3.51	4.06	3.76	8.5	3.89	1.3	1.63	1.81
ENSMUSG00000087516	3.85	5.44	5.32	3.58	3.43	4.18	1.39	1.83	1.52
ENSMUSG00000030134	0.52	0.72	0.7	2.64	1.92	3.01	1.72	0.56	1.1
ENSMUSG00000044906	4.47	4.65	3.32	11.42	9.29	7.05	3.37	4.96	5.43
ENSMUSG00000030546	1	0.86	1.78	3.12	2.69	5.21	2.09	2.88	4.63
ENSMUSG00000096929	10.77	13.12	8	13.05	26.16	29.88	6.82	4.39	12.64
ENSMUSG00000001763	24.99	22.28	23.32	6.7	9.73	3.9	5.86	5.94	9.59
ENSMUSG00000090290	10.2	8.21	9.4	3.96	3.54	2.39	1.99	2.44	2.47
ENSMUSG00000034987	0.32	0.3	0.62	1.96	1.16	1.99	1.16	0.55	0.52
ENSMUSG00000094520	1.2	1.44	1.7	0.85	0.84	0.44	0.51	0.5	0.67
ENSMUSG00000074115	2737.95	2839.54	2250.82	5621.41	12274.34	8052.57	3329.12	1501.17	3062.32
ENSMUSG00000023000	0.17	0.71	0.25	2.23	1.07	1.79	0.52	0.28	0.68
ENSMUSG00000053113	18.54	5.83	7.57	112.13	295.44	154.52	70.92	29.08	41.92
ENSMUSG00000067786	9.65	4.61	6.11	7.75	5.41	5.6	8.78	14.33	9.97
ENSMUSG00000096490	40.4	23.32	11.59	22	19.43	123.62	170.81	56.13	483.14
ENSMUSG00000059049	0.75	0.25	0.19	1.7	0.86	1.65	1.12	0.97	0.2
ENSMUSG00000048022	0.3	0.34	0.27	0.99	0.53	0.54	0.54	2.06	0.41
ENSMUSG00000030249	16.17	15.22	14.79	68.06	42.35	28.97	18.92	17.16	18.23
ENSMUSG00000069919	83.81	71.75	88.09	127.67	288.74	154.83	13.81	86.85	46.66
ENSMUSG00000121091	2.19	2.39	1.91	10.11	9.83	9.24	6.15	6.42	4.16
ENSMUSG00000044313	0.14	0.29	0.26	0.46	0.92	1.28	1.19	0.79	0.71
ENSMUSG00000047419	0.35	0.44	0.43	0.41	0.46	0.25	0.11	0.12	0.15
ENSMUSG00000109685	69.37	113.64	115.58	27.57	4.52	1.45	37.78	75.34	30.66
ENSMUSG00000068874	476.59	506.21	455.03	176.19	355.81	124.51	306.37	326.79	341.24
ENSMUSG00000110344	0.51	0.82	0.72	1.06	0.63	1.13	1.43	2.6	1.33
ENSMUSG00000005251	17.7	11.24	11.43	6	8.18	5.1	4.86	7.79	12.01
ENSMUSG00000049103	3.9	4.74	5.36	52.55	33.99	60.45	31.6	18.91	20.78
ENSMUSG00000038463	16.51	14.8	11.68	34.36	25.97	26.49	21.93	33.42	24.6
ENSMUSG00000052726	0.61	0.86	0.48	1.47	1.58	1.61	0.99	0.48	1.66
ENSMUSG00000006313	6.88	9.1	8.56	2.39	4.09	2.36	4.54	3.92	4.93
ENSMUSG00000086187	5.29	5.63	4.53	1.58	0.77	0	1.2	2.83	0.4
ENSMUSG00000027870	174.46	149.49	135.42	47.67	77.62	13.05	76.82	89.5	144.51
ENSMUSG00000063193	1.33	0.61	1.08	5.28	2.79	4.16	1.77	4.22	1.85
ENSMUSG00000113902	43.65	52.85	57.1	62.61	49.07	65.28	80.26	101.69	79.57
ENSMUSG00000018387	0.56	0.21	0.28	0.65	1.17	1.19	0.36	0.75	0.68
ENSMUSG00000087543	5.22	3.61	3.67	1.71	2.68	1.26	1.1	0.92	1.21
ENSMUSG00000049971	17.37	15.45	14.96	2.79	1.91	1.4	2.74	4.38	3.84
ENSMUSG00000121137	25.14	30.48	26.36	331.44	130.98	147.81	105.88	102.09	48.99
ENSMUSG00000033717	3.67	2.41	1.8	3.89	8.36	3.91	3.05	18.06	2.9
ENSMUSG00000027313	0.36	0.41	0.52	1.74	2.08	3.79	7.35	2.64	20.18
ENSMUSG00000023243	48.94	33.49	43.79	26.26	18.23	14.4	16.8	18.02	40.97
ENSMUSG00000100241	1.91	1.68	0.95	4.26	2.62	2.77	1.14	1.52	1.85
ENSMUSG00000040010	5.09	5.16	4.6	10.18	5.84	9.25	14.74	7.69	6.74
ENSMUSG00000089809	25.85	37.53	34.42	12.35	19.26	12.56	11.97	8.57	21.86
ENSMUSG00000020268	2.98	4.83	8.94	2.06	1.21	0.72	0.8	1.1	7.11
ENSMUSG00000038756	32.27	32.69	34.71	6.09	6.87	2.87	5.37	3.68	12.68
ENSMUSG00000028517	51.7	48.86	52.33	105.26	130.33	80.38	53.01	56.89	51.23
ENSMUSG00000024399	5.14	6.39	5.57	27.97	12.19	12.93	12.89	11.45	7.12
ENSMUSG00000053475	2	2.56	1.25	5.73	3.33	5.65	6.74	2.45	3.35
ENSMUSG00000074575	2.46	1.83	1.05	0.29	3.44	0.98	0.17	0.21	0.45
ENSMUSG00000034845	58.14	42.43	39.82	100.29	107.72	86.45	52.12	52.23	59.05
ENSMUSG00000015957	1.28	1.3	0.84	3.4	1.68	2.03	1.54	2.68	1.32
ENSMUSG00000016024	4.15	5.06	4.62	35.97	82.93	95.75	19.77	17.37	13.36
ENSMUSG00000050382	1.53	1.33	1.22	2.48	2.9	1.36	0.95	1.09	0.73
ENSMUSG00000042942	1.51	0.93	1	0.4	0.32	0.52	0.33	1.06	0.25
ENSMUSG00000023903	0.19	0.11	0.2	3.44	2.36	3.48	2.4	0.92	1.22
ENSMUSG00000063011	0.72	1.33	0.71	11.33	1.93	6.74	4.97	2.94	1.53
ENSMUSG00000075511	8.4	9.18	8.33	6.34	4.99	2.94	1.95	2.71	3.11
ENSMUSG00000020053	4.72	3.69	2.67	26.34	9.02	13.9	16.5	17.36	4.85
ENSMUSG00000064325	13.84	13.6	13.85	3.62	4.48	2.68	2.2	6.41	3.85
ENSMUSG00000096459	23.96	3.72	15.39	152.53	13.42	24.03	25.94	20.56	160.74
ENSMUSG00000074604	146.45	164.94	195.39	172.92	165.16	139.18	235.14	444.15	211.25
ENSMUSG00000031343	1.84	2.35	2.73	4.86	3.6	4.34	3.76	6.39	2.27
ENSMUSG00000030341	88.01	60.14	50.33	137.68	176.45	158.18	98.99	82.17	108.73
ENSMUSG00000100287	0.05	0	0	1.06	0.47	0.65	0.53	0.23	0.85
ENSMUSG00000071001	0.98	2.1	1.65	4.15	3.68	3.91	2.04	3.34	0.89
ENSMUSG00000053137	1.77	2.03	1.34	6.4	4.49	2.83	2.79	3.43	2.78
ENSMUSG00000040584	213.41	177.17	155.97	31.94	69.51	32.45	60.06	85.91	125.77
ENSMUSG00000094840	54.8	51.72	31.72	21.62	21.42	19.66	34.65	124.26	56.73
ENSMUSG00000045362	0.26	0.03	0.28	1.24	0.54	1.38	0.63	0.63	0.49
ENSMUSG00000105456	10.37	10.82	9.91	3.55	8.16	7.07	2.73	1.53	4.42
ENSMUSG00000007279	4.81	4.4	5.06	3.54	6.99	3.57	1.88	1.42	2.23
ENSMUSG00000039697	11.25	12.18	9.56	28.32	34.97	25.81	22.69	52.56	19.94
ENSMUSG00000086141	25.28	34.03	26.57	5.59	6.98	4.5	9.14	6.17	13.09
ENSMUSG00000031903	8.57	6.73	5.74	21.06	19.99	14.89	11.45	15.65	11.48
ENSMUSG00000132547	3.33	5.87	0.65	14.15	18.59	22.27	20.16	1.82	26.83
ENSMUSG00000098112	4.52	4.03	3.63	23.66	17.62	17.45	10.11	10.11	7.29
ENSMUSG00000113165	0.53	0.36	0.24	0.97	0.84	0.96	0.86	0.78	0.59
ENSMUSG00000127315	1.55	1.13	0.93	4.77	21.46	10.02	2.91	0.56	3.83
ENSMUSG00000026832	9.8	8.93	11.87	31.78	26.08	26.91	22.17	13.91	13.03
ENSMUSG00000052504	0.48	0.25	0.47	1.27	0.71	0.66	0.96	1	0.52
ENSMUSG00000066175	17.95	11.8	9.6	4.13	10.8	4.19	9.8	19.83	3.54
ENSMUSG00000062380	8.35	7.31	6.03	22.96	12.75	17.93	9.56	11.42	10.25
ENSMUSG00000027246	6.37	6.21	5.69	2.28	0.76	0.97	2.4	2.01	3.53
ENSMUSG00000027676	2.96	2.68	1.04	2.08	1.84	1.74	0.58	0.76	0.58
ENSMUSG00000072596	2.96	1.6	4.3	2.78	13.6	13.98	8.37	3.89	6.27
ENSMUSG00000035504	23.21	16.8	18.47	7.65	10.37	2.48	9.7	11.24	9.59
ENSMUSG00000125377	48.91	58.56	45.12	13.66	6.72	0.39	18.05	17.33	17.98
ENSMUSG00000034839	2.54	1.92	1.77	4.57	6.32	3.27	2.54	2.84	2.65
ENSMUSG00000030518	2.56	2.18	2.08	1.62	2.05	1.31	1.53	1.21	1.04
ENSMUSG00000049866	2.69	2.84	2.89	9.58	6.05	8.66	8.1	7.72	4.26
ENSMUSG00000043668	8.79	8.27	6.89	2.83	4.07	3.92	3.03	6.23	5.62
ENSMUSG00000034118	12.55	13.93	14.18	33.92	27.29	27.07	17.07	23.96	14.55
ENSMUSG00000032251	1.74	1.19	3.25	3.5	4.49	4.45	2.31	3.65	2.14
ENSMUSG00000021322	1	0.82	1.88	15.73	10.38	9.98	8.48	8.41	8
ENSMUSG00000091492	6.36	8.66	10.48	2.87	3.94	0.98	3.68	5	3.08
ENSMUSG00000067750	0.19	0.23	0.23	19.54	6.06	4.51	10.62	0.16	2.85
ENSMUSG00000024339	42.49	28.95	26.18	53.35	55.61	114.1	61.07	51.57	67.33
ENSMUSG00000027397	246.68	272.1	253.6	68.87	75.01	52.28	71.02	24.1	197.51
ENSMUSG00000135230	4.62	3.92	3.41	6.09	9.34	13.16	3.35	3.73	5.44
ENSMUSG00000031861	1.22	1.19	1	0.96	0.57	0.62	0.57	1.09	0.7
ENSMUSG00000063354	49.09	46.06	28.1	83.77	119.06	56.42	73.21	75.59	83.81
ENSMUSG00000074361	0.39	0.56	0.34	2.77	3.23	1.09	1.34	1.26	0.49
ENSMUSG00000021314	0.98	0.98	1.46	3.54	2.62	2.61	1.71	2.66	1.59
ENSMUSG00000094930	30.45	9.56	21.05	44.2	13.28	21.69	137.14	39.86	244.2
ENSMUSG00000071547	1.81	1.37	1.44	8.3	4.23	5.39	3.26	6.65	1.88
ENSMUSG00000032496	0.83	0.85	0.19	27.3	57.67	157.85	42.39	2.39	5.48
ENSMUSG00000051726	13.59	15	18.85	2.58	10.39	4.38	4.52	4.3	9.56
ENSMUSG00000017607	90.76	91.3	115.21	20.53	51.33	43.86	25.28	21.15	48.91
ENSMUSG00000034664	1.24	2.51	1.43	4.29	2.62	4.2	1.46	1.17	1.67
ENSMUSG00000076498	1.18	4.65	2.51	20.71	10.55	15.28	18.11	22.21	7.13
ENSMUSG00000015484	0.46	0.71	0.35	1.2	0.96	1.19	0.69	0.59	0.71
ENSMUSG00000017446	9.23	8.78	10.03	29.23	22.25	14.2	12.49	15.95	9.71
ENSMUSG00000042190	5.01	5.35	4.27	13.85	17.48	16.84	9.64	7.07	8.02
ENSMUSG00000103793	1.03	0.81	0.58	1.7	1.59	1.75	0.78	0.72	0.62
ENSMUSG00000041202	1.16	2.15	1.43	5.29	6.35	7.65	5.22	3.96	5.74
ENSMUSG00000056498	2.29	3.28	0.84	7.26	6.53	4.58	4.54	2.9	4.25
ENSMUSG00000029154	4.8	4.88	5.85	22.42	10.77	15.64	9.47	10.52	10.34
ENSMUSG00000028766	1.31	1.6	1.29	10.98	8.48	7.27	6.2	14.68	4.17
ENSMUSG00000032511	0.45	0.43	0.5	1.47	1.1	1.09	0.31	0.38	0.58
ENSMUSG00000081058	1.75	1.6	1.33	3.15	5.92	4.25	0.72	2.22	3.48
ENSMUSG00000022938	47.08	47.58	37.47	144.34	228.01	206.15	138.36	178.44	138.02
ENSMUSG00000036412	1.61	1.63	1.37	9.71	3.82	2.66	2.73	5.34	1.22
ENSMUSG00000030492	5.51	7.28	7.7	7.75	34.25	20.59	10.58	6.67	7.13
ENSMUSG00000121260	12.62	9.04	8.88	2.28	0.87	2.04	3.8	14.74	5.75
ENSMUSG00000063522	123.89	99.67	50.83	218.2	506.59	427.84	121.61	47.44	63.4
ENSMUSG00000018927	183.21	187.3	104	280.58	234.83	291.78	259.09	374.07	214.92
ENSMUSG00000057719	8.59	7.49	9.25	4.39	4.24	0.95	3.58	2.85	3.45
ENSMUSG00000032120	33.55	18.39	19.72	30.96	72.18	49.22	21.4	17.11	35.66
ENSMUSG00000046782	2.04	1.11	2.14	0.61	1.86	0.93	0.58	0.88	0.86
ENSMUSG00000040952	782.92	993.46	1223.08	1042.1	532.78	551.53	1075.14	1639.35	759.34
ENSMUSG00000055447	43.92	41.75	43.3	109.88	92.06	105.56	89.92	71.04	83.06
ENSMUSG00000016087	2.51	3.42	2.73	10.28	5.81	6.26	4.41	4.79	4.21
ENSMUSG00000013707	4.36	1.88	2.65	16.34	12.71	15.06	13.54	12.4	5.33
ENSMUSG00000043458	0.32	0.24	0.34	1.35	1.59	0.78	0.33	0.85	0.41
ENSMUSG00000048120	18.89	18.49	22.14	55.49	46.36	38.87	24.18	17.09	27.11
ENSMUSG00000046157	4.5	3.32	3.18	11.8	6.8	12.11	7.31	7.19	4.47
ENSMUSG00000024027	0.12	0.06	0.07	0.25	0.59	0.85	1.05	0.24	0.04
ENSMUSG00000079507	6.6	8.14	6.6	4.15	8.46	6.05	9.09	11.78	11.93
ENSMUSG00000037904	20.42	15.97	7.74	7.56	10.4	5.43	6.97	9.73	14.75
ENSMUSG00000022575	214.61	199.89	177.28	334.17	525.74	511.92	209.86	135.72	265.07
ENSMUSG00000029298	7.18	4.38	4.25	15.24	14.5	64.21	17.04	9.42	13.43
ENSMUSG00000055022	1.6	1.71	1.47	4.72	2.51	2.89	1.83	2.14	2.18
ENSMUSG00000028071	0.8	1.04	0.3	3.61	2.93	3.79	3.03	2.15	0.93
ENSMUSG00000105547	6.97	15.16	12.35	28.53	7.69	9.93	18.83	88.24	19.73
ENSMUSG00000033610	10.85	12.6	11.7	6.58	4.65	2.58	5.27	7.93	6.97
ENSMUSG00000004933	1.57	1.83	1.86	4.53	5.24	3.68	2.91	3.62	2.68
ENSMUSG00000135102	12.67	14.2	11.01	464.62	174.15	156.38	166.13	114.48	51.89
ENSMUSG00000059824	25.19	33.3	48.37	11.12	26.23	9.92	3.45	5.15	6.38
ENSMUSG00000024675	5.58	1.41	0.9	34.82	22.98	94.91	27.67	12.6	21.06
ENSMUSG00000079012	0.3	0.52	0.23	55.07	22.04	16.9	14.18	11.56	5.71
ENSMUSG00000028871	1.05	0.61	0.65	6.8	1.93	4.51	2.2	3.57	1.25
ENSMUSG00000031673	9.61	9.13	7.83	25.8	13.7	14.49	11.04	16.7	9.15
ENSMUSG00000069892	5.68	4.54	2.98	12.4	10.12	20.85	8.82	4.61	7.02
ENSMUSG00000038151	3.38	2.31	2.64	8.38	10.21	11.42	9.05	3.81	3.76
ENSMUSG00000012889	0.5	0.3	0.56	2.54	1.67	1.12	1.25	1.03	0.48
ENSMUSG00000044352	1.44	0.54	1.17	0.65	0.42	0.44	0.62	2.11	1.06
ENSMUSG00000021998	27.09	23.23	22.55	119.52	60.1	83.34	67.55	53.42	40.68
ENSMUSG00000027474	4.23	3.44	5.03	5.18	9.88	4.86	1.83	2.6	3.36
ENSMUSG00000079363	11.55	2.85	4.88	15.47	21.65	175.36	52	18.42	30.42
ENSMUSG00000085502	5.8	4.28	4.56	2.13	1.6	0.21	1.88	1.18	2.15
ENSMUSG00000050592	1.36	1.05	1.34	2.3	1.97	2	1.81	3.97	1.23
ENSMUSG00000021048	39.1	36.11	29.8	28.59	11.51	9.31	15.51	18.67	12.35
ENSMUSG00000042367	76.75	71.1	57.45	22.85	14.86	4.06	20.05	16.55	27.11
ENSMUSG00000039208	52.45	30.77	35.07	47.85	63.1	64.12	58.76	68.92	68.08
ENSMUSG00000036169	3.11	4.13	3.06	7.98	7.83	10.03	11.84	4.91	4.5
ENSMUSG00000125261	0	0	0.07	11.6	51.05	28.82	5.79	0.68	1.97
ENSMUSG00000027994	5.25	4.19	2.62	17.22	9.25	13.47	15.35	15.24	10.41
ENSMUSG00000059994	0.95	2.21	1.13	8.49	3.68	2.34	1.11	0.72	1.25
ENSMUSG00000019853	7.58	9.61	9.31	6.95	2.17	1.56	6.4	9.37	7.93
ENSMUSG00000059498	17.23	14.67	13.46	114.17	97.69	123.1	84.8	69.94	49.81
ENSMUSG00000036502	0.73	0.58	0.86	1.45	1.27	1.09	0.75	0.95	1.2
ENSMUSG00000095687	66.91	57.8	76.7	119.21	124.94	152.64	127.88	79.22	115.74
ENSMUSG00000066687	10.66	9.34	10.01	9.09	26.94	10.38	3.39	5.08	6.51
ENSMUSG00000028040	7.88	4.88	5.83	4.03	0.74	0.66	2.48	8.35	1.34
ENSMUSG00000043833	4.87	5.36	5.38	3.69	4.1	1.85	1.56	2.48	1.62
ENSMUSG00000020676	14.66	17.03	16.13	101.9	47.88	56.11	59.09	65.56	34.36
ENSMUSG00000073236	7.56	9.14	16.87	5.92	7.07	2.15	3.47	6.15	7.28
ENSMUSG00000029641	8.01	6.44	5.92	21.86	23.55	12.01	22.54	13.58	12.77
ENSMUSG00000071847	2.62	1.58	1.63	6.48	6.52	5.07	2.1	2.78	1.98
ENSMUSG00000027931	7.2	5.75	4.02	10.24	14.67	11.83	6.11	5.86	5.97
ENSMUSG00000028470	68.51	76.93	92.18	46.7	48.76	38.74	64.41	109.55	59.34
ENSMUSG00000029130	8.82	17.5	26.04	1.55	2.47	0.27	2.57	7.13	1.02
ENSMUSG00000026398	22.8	18.91	20.73	9.76	11.66	6.58	12.32	16.21	19.12
ENSMUSG00000044986	168.88	144.29	146.65	74.69	96.67	31.34	78.3	138.3	96.16
ENSMUSG00000043613	3.01	3.08	1.13	186.9	34.1	54.15	61.27	112.71	11.43
ENSMUSG00000024737	3.55	3.63	2.56	30.72	13.6	23.53	19.61	11.88	10.93
ENSMUSG00000067297	1.99	3	1.67	2.63	3.31	3.33	2.23	6.89	3.35
ENSMUSG00000019945	6.08	4.51	4.09	1.29	0.81	0.86	1.38	3.02	1.66
ENSMUSG00000034586	92.9	92.48	75.57	24	31.7	20.18	28.5	26.04	54.15
ENSMUSG00000004609	5.44	4.86	6.17	19.21	10.82	12.79	7.52	7.24	6.76
ENSMUSG00000106874	41.9	43.55	38.64	367.77	169.96	177.94	135.56	106.88	72.64
ENSMUSG00000012705	1.78	1.32	2.19	4.27	6.16	16.86	3.18	5.16	7.61
ENSMUSG00000060181	26.3	26.46	22.99	9.57	12.4	7.51	5.14	6.03	12.21
ENSMUSG00000041961	6.85	5.65	6.18	3.13	3.17	2.34	2.29	2.65	2.38
ENSMUSG00000030307	1.66	1.31	0.75	0.7	0.18	0.35	0.86	2.86	0.75
ENSMUSG00000121430	0.71	0.78	0.18	1.95	0.98	1.09	0.78	0.76	0.42
ENSMUSG00000035004	2.46	2.86	2.72	21.97	12.28	21.45	10.19	7.8	8.08
ENSMUSG00000028111	16.2	15.33	18.21	66.58	27.77	23.05	26.47	35.37	20.13
ENSMUSG00000032915	0.28	0.22	0.17	3.22	1.27	2.03	0.62	1.67	0.76
ENSMUSG00000042607	0.16	0.05	0.19	0.96	0.86	0.84	0.55	1.5	0.29
ENSMUSG00000036098	0.38	0.33	0.18	1.09	0.42	2.45	1.85	0.63	0.3
ENSMUSG00000131004	12.57	8.57	17.85	2.82	4.48	2.08	3.45	3.65	3.93
ENSMUSG00000087222	2.28	2.48	2.78	1.47	1.11	1.27	1.12	2.46	0.64
ENSMUSG00000038607	17.38	22.69	23.25	43.11	30.63	37.48	36.73	43.25	33.51
ENSMUSG00000048915	2.99	2.71	2.22	6.36	4.4	4.67	2.12	5.86	2.66
ENSMUSG00000033720	14.15	12.81	14.24	8.16	6.8	3.41	4.75	3.43	6.05
ENSMUSG00000060791	23.78	25.02	31.08	72.33	43.9	58.34	65.78	49.76	42.34
ENSMUSG00000134439	1.37	3.17	2.29	0.91	0.93	0.71	1.93	2.6	1.11
ENSMUSG00000055254	0.25	0.51	1.21	1.43	1.3	1.52	0.51	3.92	0.69
ENSMUSG00000115801	1.69	2.02	1.82	10.35	4.61	4.5	4.49	4.11	2.22
ENSMUSG00000089804	8.21	7.79	12.17	3.29	2.51	1.39	2.48	5.58	3.64
ENSMUSG00000096594	5.96	18.33	1.43	71.74	9.39	58.1	98.31	8.98	59.94
ENSMUSG00000075254	14.15	15.15	15.24	43.33	32.25	26.22	14.53	17.15	22.01
ENSMUSG00000035112	26.86	21.17	14.93	5.68	7.24	3.75	7.09	17.99	12.88
ENSMUSG00000083307	1.88	1.88	1.56	3.98	3.17	2.62	3.19	3.93	2.45
ENSMUSG00000030207	1.67	1.81	1.96	5.66	4.4	5.93	4.19	4.14	2.57
ENSMUSG00000022971	12.36	14.67	15.83	55.37	37.43	42.13	30.05	39.92	19.24
ENSMUSG00000043017	1.77	1.03	1.53	4.97	3.31	3.28	2.36	3.21	2.15
ENSMUSG00000025347	73.46	62.88	42.13	35.68	54.41	29.47	44.66	209.68	77.96
ENSMUSG00000023992	7.12	4.21	4.64	22.24	14.93	17.7	10.53	14.58	15.33
ENSMUSG00000095649	145.17	165.81	177.23	19.66	10.89	4.84	31.32	63.79	32.77
ENSMUSG00000025163	3.4	1.35	1.39	7.8	7.99	6.71	7.71	17.19	3.23
ENSMUSG00000034247	23.93	17.17	17.22	23.71	54.25	39.61	19.05	14.63	21.9
ENSMUSG00000024713	4.92	4.71	4.11	14.4	7.18	4.59	6.85	18.53	4.41
ENSMUSG00000074342	0.74	0.69	0.81	7.59	3.6	7.01	4.89	3.47	1.82
ENSMUSG00000081512	1.14	0.68	1.33	3.24	1.8	3.82	1.83	1.65	1.54
ENSMUSG00000031732	35.12	42.13	28.27	12.89	19.49	11.52	10.63	6.2	29.2
ENSMUSG00000087528	6.08	6.36	6.25	2.2	1.91	1.07	1.5	0.41	3.69
ENSMUSG00000020297	9.9	10.36	7.26	25.03	14.61	18.21	10.52	10.31	11.85
ENSMUSG00000002325	31.91	17.2	17.75	34.68	44.33	59.83	40.02	25.12	43.61
ENSMUSG00000054342	51.35	39.01	24.37	20.71	5.03	4.94	16.44	29.84	14.97
ENSMUSG00000060615	14.4	3.27	4.04	2.67	5.44	35.46	88.23	67.37	35.17
ENSMUSG00000021280	2.85	1.39	3.96	8.5	3.49	5.25	8.2	14.69	3.11
ENSMUSG00000071713	5.42	4.71	5.43	44.56	42.62	43.66	24.86	10.47	22.57
ENSMUSG00000022445	8.78	7.23	8.11	1.57	7.33	1.89	4.84	49.86	2.22
ENSMUSG00000054702	22.09	21.01	20.17	10.55	11.47	8.33	9.17	7.75	23.25
ENSMUSG00000041293	2.5	2.37	5	16.4	22.39	21.2	8.29	1.19	5.21
ENSMUSG00000044562	5.32	3.65	3.58	8.6	13.49	8.13	4.65	3.9	5.41
ENSMUSG00000041515	54.39	34.42	33.33	57.41	79.98	120.13	95.47	72.76	68.19
ENSMUSG00000100150	0.11	0.96	0.12	2.32	0.2	1.74	2.08	1.76	1.17
ENSMUSG00000002985	605.96	591.46	611.06	3077.97	2589.2	2356.24	1499.23	1995.39	1004.94
ENSMUSG00000035373	3.91	3	1.02	27.85	20.02	42.23	43.69	26.27	20.99
ENSMUSG00000045826	3.83	5.81	2.95	18.81	9.87	11.43	10.48	12.41	6.94
ENSMUSG00000095612	7.67	11.14	15.84	17.73	7.31	97.39	117.77	129.15	26.71
ENSMUSG00000086968	45.49	43.21	40.6	13.33	21.69	19.6	14.43	14.42	20.02
ENSMUSG00000029371	1.4	2.7	0.94	174.37	50.04	134.45	36.34	27.25	6.29
ENSMUSG00000057123	1.48	2.71	1.36	5.52	3.32	3.73	2.22	1.35	1.93
ENSMUSG00000036943	11.97	12.05	12.97	38.07	26.86	31.04	22.47	18.97	20.23
ENSMUSG00000097316	9.45	13.76	13.45	6.89	6.6	1.45	3.64	4.89	7.01
ENSMUSG00000025591	11.81	12.88	10.51	7.63	4.91	3.48	3.99	3.93	5.93
ENSMUSG00000027562	767.57	703.65	753.27	220.1	523.69	142	305.9	317.63	686.9
ENSMUSG00000026355	47.34	59.91	24.92	53.19	10.68	11.79	21.64	26.04	13.73
ENSMUSG00000024334	1.48	3.73	4.12	11.1	6.04	5.27	7.05	5.05	4.26
ENSMUSG00000045349	0.23	0.27	0.24	1.43	1.2	0.79	0.43	0.15	0.5
ENSMUSG00000076731	21.19	19.85	8.77	24.21	12.47	34.34	112.51	23.55	83.09
ENSMUSG00000053025	0.61	0.95	0.53	1.6	1.55	2.21	1.09	0.72	1.43
ENSMUSG00000072294	3.5	2.5	3.41	1.99	0.72	0.88	1.07	1.2	1.48
ENSMUSG00000063765	0.63	1.53	0.54	2.57	1.84	2.02	0.89	1.03	1.36
ENSMUSG00000073490	3	2.34	2.69	13.47	13.62	16.32	9.38	7.73	5.94
ENSMUSG00000038670	1.24	0.34	0.24	1.07	2.69	0.62	0.31	0.76	0.26
ENSMUSG00000039232	2.95	1.95	1.28	10.64	3.99	6.02	6.72	3.15	2.81
ENSMUSG00000058063	41.35	32.96	31.47	45.26	94.32	85.73	54.73	27.88	74.06
ENSMUSG00000027368	1.41	2.67	0.99	11.23	7.25	7.83	6.99	4.58	2.43
ENSMUSG00000052477	0.57	1.48	0.95	6.2	3.49	7.38	6.08	2.81	2.47
ENSMUSG00000069607	1.02	4.21	5.87	28.6	21.46	16.31	12.88	14.69	15.08
ENSMUSG00000106951	2.39	1.49	2.94	1.59	1.77	0.98	0.7	1.01	0.72
ENSMUSG00000029379	0.22	0	0.1	13.34	2.64	3.75	4.05	2.46	1.51
ENSMUSG00000106943	11.3	10.69	14.73	9.73	4.31	2.61	5.57	7.28	11.77
ENSMUSG00000117655	1.27	1.65	1.82	2.77	10.11	7.24	2.53	0.88	4.02
ENSMUSG00000030789	7.92	4.96	6.42	15.53	15.49	23.02	15.8	11.71	11.12
ENSMUSG00000025545	40.18	39.27	49.64	19.44	27.82	16.5	24.09	36.76	31.81
ENSMUSG00000022439	1.75	1.47	1.04	11.33	7.83	7.92	4.87	5.37	3.21
ENSMUSG00000059493	0.28	0.23	0.21	0.88	0.48	0.37	0.46	0.51	0.29
ENSMUSG00000050919	1.42	0.98	1.37	2.09	3.64	3.07	1.87	1.36	1.91
ENSMUSG00000090223	17.5	32.82	46.68	9.51	7.72	14.1	11.14	47.32	18.8
ENSMUSG00000037868	1.47	1.59	0.2	1.8	2.84	1.91	3.3	1.16	2.4
ENSMUSG00000038128	0.44	0.57	0.42	1.24	0.95	0.95	0.67	0.41	0.97
ENSMUSG00000020829	24.91	21.06	34.29	13.83	24.5	8.13	7.62	4.93	11.2
ENSMUSG00000016252	381.9	521.7	512.99	476.99	455.81	468.23	895.61	1262.9	695.87
ENSMUSG00000031375	164.12	160.73	162.75	535.06	304.09	206.14	241.49	395.08	157.63
ENSMUSG00000001334	6.2	4.69	2.14	1.29	1.93	0.9	1.49	2.41	1.19
ENSMUSG00000058927	136.22	145.93	103.77	233.34	204.63	229.86	241.28	212.55	295.85
ENSMUSG00000022548	10.98	13.7	12	84.57	82.41	43.97	27.92	55.65	17.88
ENSMUSG00000029832	2.89	3.39	3.66	0.62	0.08	0.32	0.61	0.65	0.43
ENSMUSG00000030145	1.29	1.39	0.89	1.83	1.79	1.87	0.81	0.9	0.79
ENSMUSG00000020101	13.55	12.14	11.73	51.85	38.06	37.79	18.08	24.52	20.81
ENSMUSG00000037349	18.06	14.49	11.78	11.95	7.54	14.57	16.35	30.65	24.43
ENSMUSG00000045868	2.98	3.77	3.42	18.94	20.13	62.88	30.11	15.82	16.42
ENSMUSG00000040345	4.77	4.03	3.58	20.31	10.63	15.12	10.79	12.85	5.21
ENSMUSG00000052560	8.97	3.86	6.06	20.32	21.19	19.38	14.36	27.69	12.6
ENSMUSG00000028874	1.9	1.62	1.22	15.83	9.56	11.47	7.28	5.04	4.02
ENSMUSG00000002847	3.6	3.52	3.4	23.77	11.58	10.82	13.13	9.67	4.88
ENSMUSG00000036040	0.39	0.83	0.49	12.55	13.23	3.55	4.81	16.64	0.83
ENSMUSG00000084911	9.1	10.15	11.75	5.82	6.25	4.73	1.92	1.93	4.68
ENSMUSG00000073591	0.79	0.6	0.86	2.1	2.1	1.12	0.96	1.03	0.96
ENSMUSG00000026413	23.83	17.56	18.26	12.32	5.1	1.21	6.85	6.62	7.34
ENSMUSG00000057777	14.12	11.34	11.27	33.56	38.58	31.27	19.2	35.78	20.04
ENSMUSG00000032715	0.75	1.19	0.94	1.82	1.82	2.41	1.57	2.17	7.79
ENSMUSG00000032691	0.36	0.52	0.37	3.92	2.2	2.75	3.91	1.68	0.99
ENSMUSG00000074445	542	503.56	548.66	701.37	1802.55	1473.67	562.38	444.22	446.65
ENSMUSG00000073599	15.62	19.8	17.26	41.12	32.92	34.79	28.85	21.79	27.12
ENSMUSG00000040666	37.63	48.61	58.32	12.68	21.31	18.32	16.9	18.4	32.91
ENSMUSG00000121490	6.16	5.16	6.83	3.11	4.99	3.12	2.49	2.61	2.31
ENSMUSG00000056529	4.25	2.26	2.12	15.54	9.05	13.64	9.64	6.57	8.47
ENSMUSG00000006731	9.48	7.68	8.25	48.94	24.97	26.21	30.72	86.36	17.27
ENSMUSG00000034459	5.62	2.32	4.05	7.87	12.76	32.46	24.37	18.43	16.62
ENSMUSG00000047810	2.9	1.84	1.63	13.96	10.43	13.17	11.33	7.25	4.02
ENSMUSG00000035273	21.29	21.55	24.28	52.21	51.1	43.97	34.87	24.39	31.04
ENSMUSG00000037341	0.78	1.21	0.96	2.72	2.21	2.33	0.85	0.57	0.74
ENSMUSG00000024810	3.67	5.91	5.85	44.16	14.45	14.86	11.09	21.79	5.77
ENSMUSG00000054256	0.83	1.64	0.62	2.66	1.64	1.69	2.06	2.58	0.99
ENSMUSG00000028444	1.34	0.97	1.24	2.72	3.89	1.86	1.49	2.31	1.57
ENSMUSG00000106838	13.08	10.2	12.99	3.78	3.98	1.92	4.95	8.19	7.67
ENSMUSG00000023484	20.63	15.02	11.66	41.38	30.71	33.24	16.52	16.38	18.34
ENSMUSG00000081665	0.39	0.18	0.37	3.75	1.42	1.7	3.67	1.97	0.64
ENSMUSG00000063564	3.43	2.81	2.53	9.18	8.85	7.22	3.98	6.79	5.27
ENSMUSG00000033491	0.18	0.15	0.37	1.22	0.57	0.6	0.34	0.56	0.1
ENSMUSG00000040809	1.04	0.06	0.6	82.04	33.77	55.06	10.84	10.41	13.41
ENSMUSG00000028017	3.85	1.67	7.81	1.05	1.35	1.96	1.47	2.67	1.41
ENSMUSG00000029468	6.66	7.23	6.76	19.65	20.41	19.05	13.5	13.14	16.44
ENSMUSG00000015340	4.96	6.67	6.44	41.01	24.43	42.92	27.69	22.07	21.94
ENSMUSG00000035186	4.88	4.23	5.06	34.4	34.08	111.5	132.86	55.39	30.42
ENSMUSG00000070354	0.39	0.21	0.2	1.22	0.74	1.39	0.75	0.94	0.42
ENSMUSG00000110170	6.18	4.52	4.11	1.99	2.77	2.05	0.92	2.5	0.83
ENSMUSG00000053044	0.07	0.26	0.26	1.41	0.66	1.31	2.1	2.62	0.54
ENSMUSG00000038179	2.95	3.53	2.77	8.24	7.58	13.32	9.19	7.21	7.84
ENSMUSG00000099474	5.99	4.72	9.72	3.13	0.62	0.28	4.8	1.46	1.25
ENSMUSG00000030560	68.16	71.08	63.35	255.38	132.58	169.09	171.57	126.62	132.81
ENSMUSG00000030659	10.9	13.05	12.46	32.82	24.09	37.41	32.9	20.67	24.49
ENSMUSG00000070427	8.32	3.41	3.29	23.75	37.1	96.64	56.86	20.92	44.52
ENSMUSG00000054598	3.12	2.88	2.73	0.91	1.35	1.56	1.03	1.47	1.11
ENSMUSG00000028859	0.4	0.39	0.36	24.16	9.3	16.91	7.98	5.71	3.62
ENSMUSG00000076749	0.89	1.22	1.19	2.71	3.53	2.8	3.14	9.24	1.61
ENSMUSG00000027360	0.68	0.23	0.37	16.95	3.65	8.07	4.56	3.07	2.11
ENSMUSG00000078763	0.41	0.2	0.34	11.02	5.75	20.82	10.19	5.5	4.35
ENSMUSG00000026814	18.57	17.12	12.86	42	43.58	35.39	21.54	24.04	23.96
ENSMUSG00000024052	14.82	10.67	6.6	21.17	25.39	23.69	16.07	27.62	19.32
ENSMUSG00000051682	0	0.4	0.32	4.41	3.07	3.63	1.82	2.13	1.23
ENSMUSG00000026069	2.69	2.98	1.41	31.02	5.49	4.05	29.09	20.83	3.22
ENSMUSG00000026580	1.11	1.11	5.63	20.28	16.79	10.25	5.07	3.36	4.64
ENSMUSG00000067586	4.29	4.8	4.26	10.38	9.33	7.6	5.34	7.2	5.4
ENSMUSG00000052270	0.54	0.13	0.63	20.09	6.21	11.12	4.03	5.99	2.19
ENSMUSG00000022820	23.34	41.99	44.01	37.33	20.74	26.36	45.15	65.06	41.37
ENSMUSG00000006360	1583.58	2339.08	1610.18	506.25	562.14	395.36	668.65	769.31	1351.11
ENSMUSG00000066842	7.73	9.4	10.93	3.84	3.14	1.81	2.3	1.21	3.18
ENSMUSG00000056749	3.28	2.51	1.52	19.72	24.12	21.63	17.49	14.7	14.63
ENSMUSG00000026822	6.22	7.35	4.39	325.78	76.73	54.57	65.57	121.04	12.08
ENSMUSG00000042359	13.65	14.85	25.79	7.03	13.88	3.75	6.05	4.89	17.06
ENSMUSG00000022582	97.96	132.58	115.77	340.34	595.76	465.14	224.07	30.59	237.49
ENSMUSG00000043740	0.34	0.06	0.06	3.77	1.08	1.95	2.01	1.01	0.62
ENSMUSG00000116660	3.23	2.8	2.58	0.83	1.96	0.48	0.99	1.51	2.71
ENSMUSG00000042351	1.07	1.94	1.12	3.19	4.03	2.97	3.06	1.8	2.56
ENSMUSG00000070691	1.64	1.35	1.11	7.33	5.96	6.89	4.94	3.59	2.93
ENSMUSG00000060924	0.24	0.28	0.53	0.89	1.31	0.56	0.24	0.26	0.63
ENSMUSG00000029561	33.83	14.87	15.26	50.71	80.53	215.52	115.22	58.65	92.52
ENSMUSG00000019987	1.3	0.6	0.7	8	0.44	24.96	1.14	2.81	0.86
ENSMUSG00000040552	2.71	2.96	2.77	13.21	9.29	9.17	9.07	8.34	6.79
ENSMUSG00000031508	90.67	82.53	76.7	38.9	40.8	31.7	29.17	26.61	46.94
ENSMUSG00000041481	7.14	5.84	2.59	69.84	38.27	103.73	69.77	33.32	19.68
ENSMUSG00000025318	1	0.57	0.47	1.91	2.28	1.28	0.72	0.34	1.2
ENSMUSG00000040483	20.77	10.09	10.97	16.35	29.96	68.64	40.49	21.73	43.02
ENSMUSG00000023092	551.43	665.33	572.34	191.04	310.37	178.6	152.14	144.53	419.57
ENSMUSG00000030651	0.03	0.58	0.26	0.99	0.73	3.12	0.7	0.5	0.53
ENSMUSG00000038167	20.47	13.67	9.06	4.34	6.85	4.96	4.66	6.01	8.82
ENSMUSG00000001131	4.44	6.91	3.17	79.2	23.82	28.58	30.83	72.12	12.57
ENSMUSG00000024885	4.78	4.5	6.15	17.37	11.72	13.22	12.44	15.22	7.55
ENSMUSG00000006958	6.36	4.69	3.84	15.51	16.56	14.86	6.86	5.05	8.15
ENSMUSG00000037872	6.76	6.16	6.04	21.94	24.22	15.83	9.97	8.22	10.55
ENSMUSG00000030737	11.5	10.4	10.87	18.68	26.89	17.21	11.5	15.35	10.82
ENSMUSG00000044197	5.08	3.73	3.93	10.27	14.63	12.26	6.01	3.21	5.13
ENSMUSG00000095788	0.14	0.25	0.24	5.36	4.29	7.76	3.36	3.52	2.12
ENSMUSG00000047139	174.69	217.28	164.05	116.8	51.38	53.47	102.74	283.81	84.74
ENSMUSG00000020163	328.23	408.31	374.18	395.81	253.48	255.02	457.34	657.17	446.53
ENSMUSG00000025498	43.74	33.17	32.55	43.12	70.65	123.18	76.5	54.81	73.02
ENSMUSG00000052736	0.19	0.21	0.09	1.4	1.17	1.09	0.89	0.55	0.33
ENSMUSG00000028717	0.82	0.69	0.52	1.48	1.97	1.84	0.58	0.49	1.21
ENSMUSG00000025352	1.45	1.67	1.2	5.41	2.96	2.3	2	3.31	1.78
ENSMUSG00000034285	42.26	46.22	39.96	27.76	18.5	10.28	31.52	46.36	28.78
ENSMUSG00000032271	3.73	5.56	6.15	18.9	7.79	12.72	12.15	16.05	7.65
ENSMUSG00000105655	1.55	1.67	1.43	1.1	0.78	0.65	0.42	0.67	0.67
ENSMUSG00000052013	2.63	6.13	3.09	13.08	6.66	5.46	4.78	3.52	3.71
ENSMUSG00000005057	0.99	0.75	0.45	5.63	3.15	2.49	2.34	1.87	1.27
ENSMUSG00000007908	0.89	1.13	1.12	2.29	2.31	1.56	0.91	1.03	0.98
ENSMUSG00000025044	5.83	2.32	3.32	33.61	13.9	24.07	12.65	14.85	12.52
ENSMUSG00000024818	3.54	3.89	3.84	9.8	9.6	8.57	6.24	6.05	4.01
ENSMUSG00000028115	10.09	8.04	8.35	1.57	4.27	1.4	3.77	2.37	5.64
ENSMUSG00000045827	5.84	5.82	5.45	13.99	11.08	17.85	13.4	10.4	12.63
ENSMUSG00000015437	0.85	0.34	0.27	13.82	4.27	10.81	9.14	13.68	2.38
ENSMUSG00000026489	65.96	45.4	63.63	18.29	14.81	10.27	15.86	15.74	16.56
ENSMUSG00000042251	4.81	5.21	6.11	0.66	1.53	0.43	1.29	3.34	2.43
ENSMUSG00000027656	0.79	0.61	0.68	5.82	1.63	1.72	3.04	4.42	1.3
ENSMUSG00000121044	2.53	1.88	0.46	7.84	5.57	8.45	5.65	4.6	3.4
ENSMUSG00000021775	47.8	58.44	70.05	31.31	41.23	24.19	14.14	16.33	25.66
ENSMUSG00000090942	0.57	0.34	0.44	1.82	2.33	13.67	5.46	1.43	3.54
ENSMUSG00000035936	7.82	6.69	6.16	3.92	3.53	2.48	3.75	6.28	3.48
ENSMUSG00000023057	14.29	11.95	10.86	6.16	5.49	2.41	39.07	452.69	31.59
ENSMUSG00000062082	0.23	0.06	0.44	2.49	2.12	3.43	2.57	1.19	2.02
ENSMUSG00000049502	27.81	17.17	19.88	31.27	49.37	85.07	44.46	23.29	42.66
ENSMUSG00000024131	0.4	0.21	0.53	2.24	5.01	0.51	3.36	41.02	0.41
ENSMUSG00000053318	2.1	0.93	2.04	8.29	7.96	27.76	14.44	7.08	7.4
ENSMUSG00000054435	6.09	10.66	9.64	46.67	24.23	33.45	28.44	23.03	15.42
ENSMUSG00000030047	2.06	2.74	1.89	11.84	5.79	6.59	4.42	4.05	3.78
ENSMUSG00000000983	9.03	12.75	6.05	390.13	423.48	713.42	209.55	45.96	59.34
ENSMUSG00000043157	1.09	1.98	1.81	7.5	5.06	5.92	2.91	3.96	2.7
ENSMUSG00000073433	2.05	2.1	0.61	2.23	1.92	9.61	26.01	3.6	1.68
ENSMUSG00000112008	6.22	6.48	6.33	1.56	2.71	2.89	2.16	2.15	3.52
ENSMUSG00000038390	2.37	2.46	2.76	6.31	5.34	4.41	2.32	4.32	2.72
ENSMUSG00000030124	2.28	1.34	1.04	4.17	6.27	8.18	5.21	4.54	2.75
ENSMUSG00000015355	4.69	4.89	5.03	24.59	14.25	22.02	17.55	17.7	13.45
ENSMUSG00000030278	6.92	3.92	3.99	12.49	17.61	24.75	11.04	26.69	18.81
ENSMUSG00000045027	0	0	0	7.6	1.1	3.71	1.76	1.41	0.19
ENSMUSG00000024640	3.47	4.18	3.59	17.15	6.02	7.37	11.65	13.97	5.72
ENSMUSG00000032279	114.38	133.11	109.33	82.48	57.11	35.18	64.57	66.33	94.27
ENSMUSG00000028132	10.11	9.29	6.4	3.13	4.58	4.04	6.32	6.94	8.92
ENSMUSG00000060594	3.4	4.32	3.95	10.41	11.61	7.53	4.99	7.03	4.2
ENSMUSG00000104535	1.37	1.5	1.15	0.1	0.26	0.19	0.2	0.24	0.45
ENSMUSG00000140700	4.4	10.63	7.51	159.13	45.52	68.77	46.06	57.01	25.16
ENSMUSG00000059430	785.52	1683.23	1104.19	298.31	709.77	568.56	602.44	802.41	1535.1
ENSMUSG00000050957	6.45	6.19	5.46	6.19	5.66	6.71	10.14	13.57	10.61
ENSMUSG00000054169	26.34	29.65	30.5	19.59	31.56	17.07	29.7	57.2	36.3
ENSMUSG00000109866	1.44	1.44	0.99	4.93	2.58	1.92	3.03	2.22	2.59
ENSMUSG00000093894	78.13	54.84	62.42	215.81	65.05	114.59	79.38	611.21	145.11
ENSMUSG00000054555	0.3	0.63	0.21	4.04	2.78	4.43	1.8	2.1	0.6
ENSMUSG00000055612	40	44.65	35.6	23.3	10.73	6.31	15.38	25.49	7.3
ENSMUSG00000023367	100.21	100.68	115.55	406.01	271.81	224.05	179.88	257.16	133.5
ENSMUSG00000111977	1.06	1.03	0.56	1.6	2.29	1.83	0.84	1.32	1.14
ENSMUSG00000025665	1.43	2.28	1.66	0.72	0.57	0.69	0.45	0.69	0.33
ENSMUSG00000053541	0.18	0.29	0.31	1.18	0.71	0.87	0.39	0.04	0.42
ENSMUSG00000029915	2.56	1.33	2.56	13.28	7.55	11.3	8.34	5.1	3.78
ENSMUSG00000032883	160.54	171.14	154.22	43.07	43.87	23.21	43.93	50.94	79.77
ENSMUSG00000029811	199.08	170.65	216.83	57.06	77.13	17	60.45	49.78	108.67
ENSMUSG00000056758	5.61	6.65	6	0.94	0.34	0.12	0.8	3.11	0.48
ENSMUSG00000047910	0.7	0.84	0.64	1.79	1.46	1.82	0.86	0.72	1.18
ENSMUSG00000024747	11.42	12.04	9.04	3.03	2.23	3.24	4.6	7.17	5.74
ENSMUSG00000015217	42.29	50.04	45.99	41.35	11.2	10.02	26.04	44.84	21.19
ENSMUSG00000042102	0.06	0.03	0.06	3.29	1.54	1.94	1.44	0.52	0.36
ENSMUSG00000034595	18.07	15.26	17.01	42.72	31.87	31.37	26.82	27.38	23.14
ENSMUSG00000021453	21.74	24.14	13.46	28.6	42.26	43.27	24.99	20.67	30.35
ENSMUSG00000047747	1.78	2.2	2.2	9.95	6.15	5.29	3.43	6.51	2.69
ENSMUSG00000030149	2	1.07	1.47	4.17	6.19	14.06	11.04	5.34	4.47
ENSMUSG00000032092	43.17	43.28	63.2	28.35	27.2	12.28	18.21	12.3	22.99
ENSMUSG00000024910	1.66	2.14	2.53	5	3.99	5.88	4.34	9.29	2.62
ENSMUSG00000139073	3.76	3.93	8.17	4.92	5.59	2.2	15.16	5.89	13.08
ENSMUSG00000031503	101.89	88.91	64.98	241.5	166.42	113.85	84.37	110.73	78.78
ENSMUSG00000130275	3.15	2.51	2.57	14.73	6.23	6.96	4.53	11.55	3.21
ENSMUSG00000110386	1.84	1.59	1.54	3.7	2.41	2.85	4.6	2.39	3.33
ENSMUSG00000042404	3.99	3.67	3.39	9.27	11.6	8.12	5.43	4.54	5.68
ENSMUSG00000040026	0.97	1.67	6.2	2280.85	405.78	352.15	507.63	1069.26	15.76
ENSMUSG00000025934	23.22	25.05	24.11	14.02	4.14	4.85	20.17	18.57	6.71
ENSMUSG00000003062	28.21	29.65	30.37	46.9	51.12	38.63	39.24	83.41	42.34
ENSMUSG00000073608	11.48	9.1	8.83	1.77	5.23	1.56	2.32	0.66	6.25
ENSMUSG00000022383	3.24	2.77	2.48	2.55	1.74	0.88	2.11	8.29	2.85
ENSMUSG00000000686	0.79	0.39	0.72	2.04	2.39	1.32	1.32	1.88	0.7
ENSMUSG00000108348	0.27	0.32	0.15	1	0.46	0.6	0.3	0.15	0.34
ENSMUSG00000032508	29.8	25.43	22.68	53.41	56.21	50.61	39.3	34.07	38.95
ENSMUSG00000101320	9.75	8.38	8.98	6.67	11.23	6.78	2.86	2.49	2.32
ENSMUSG00000045411	61.97	64.22	74.05	47.69	34.96	28.96	28.26	34.85	27.73
ENSMUSG00000079396	1.15	2.31	1.43	0.08	0.17	0.27	0	1.03	0.44
ENSMUSG00000043993	6.5	9.08	10.97	4.17	6.3	2.47	2.73	3.07	3.93
ENSMUSG00000059970	10.36	6.18	10.06	30.13	31.21	22.61	9.22	8.38	10.28
ENSMUSG00000018509	43.34	42.63	37.87	23.56	13.67	10.66	20.44	38.87	22.55
ENSMUSG00000069171	0.71	0.97	1.07	3.91	2.58	1.54	2.51	2.51	1.86
ENSMUSG00000141411	33.21	17.05	16.14	5.07	13.61	3.31	6.53	5.13	6.34
ENSMUSG00000027995	6.3	5.02	8.68	22.54	14.15	16.3	16.2	22.51	10.7
ENSMUSG00000009545	41.85	38.55	41.32	14.63	7.91	5.01	15.61	28.11	11.61
ENSMUSG00000020105	39.71	29.84	26.04	12.02	22.42	11.29	11.83	14.5	19.69
ENSMUSG00000051262	1.55	1.32	1.58	5.27	5.18	2.2	2.33	2.39	1.23
ENSMUSG00000044309	4.61	3.92	1.93	10.47	26.09	48.12	34.33	17.88	17.75
ENSMUSG00000028214	10.39	9.78	8.04	53.95	54.22	36.41	26.29	16.05	23.28
ENSMUSG00000053101	1.15	0.63	0.43	3.09	3.12	11.87	3.58	1.75	2.15
ENSMUSG00000003070	0.53	0.6	0.46	1.68	1	0.73	0.89	1.56	1.06
ENSMUSG00000000811	9.59	9.65	10.59	6.89	4.44	2.68	3.03	5.74	3.17
ENSMUSG00000093661	7.33	8.88	6.96	20.09	14.71	25.67	14.36	19.11	12.84
ENSMUSG00000021728	2.56	3.41	2.81	28.05	10.95	20.29	14.5	15.87	7.07
ENSMUSG00000026259	29.85	20.49	21.64	9.92	11.36	7.73	11.07	12.75	16.01
ENSMUSG00000026390	0	0.05	0.05	14.48	2.74	3.28	0.79	2.39	0.08
ENSMUSG00000020310	2.13	2.76	2.03	19.62	15.39	8.83	4.76	3.53	5.63
ENSMUSG00000029401	11.55	8.33	10	24.46	17.63	20.72	20.95	19.48	15.49
ENSMUSG00000061959	7.52	5.39	8.69	0.75	0.35	0.54	3.24	11.1	1.04
ENSMUSG00000089704	30.63	30.34	25.66	75.72	61.95	43.86	31.58	37.87	31.2
ENSMUSG00000139834	0.74	1.13	0.83	4.7	3.14	3.1	0.85	2.61	1.16
ENSMUSG00000052563	6.08	5.65	4.89	2.84	1.7	1.03	2.62	2.22	2.48
ENSMUSG00000037411	3.97	5.09	1.55	17.76	7.73	7.04	5.89	3.9	9.09
ENSMUSG00000022122	7.82	8.54	7.67	25.55	17.51	14.48	15.9	16.21	20.08
ENSMUSG00000132981	5.48	4.98	4	6.89	20.53	18.99	4.18	5.22	4.73
ENSMUSG00000110060	12.32	12.69	16.29	6.66	9.63	6.7	3.61	5.28	7.76
ENSMUSG00000038580	4.15	6.02	3.52	21.91	12.83	7.54	11.14	44.5	2.09
ENSMUSG00000018334	30.55	23.12	24.77	44.89	49.11	29.13	17.83	22.22	19.88
ENSMUSG00000040432	0.92	0.7	0.67	1.8	3.42	2.03	1	1.39	0.92
ENSMUSG00000000409	3.65	1.82	2.79	8.71	7	8.96	7.14	10.58	4.76
ENSMUSG00000040253	15.15	8.18	6.56	17.86	28.13	100.9	37.71	12.66	31.2
ENSMUSG00000036473	11.28	9.91	8.03	6.42	5.53	3.38	2.37	3.62	2.92
ENSMUSG00000044534	1.37	1.37	6.21	3.04	6.83	7.69	2.18	0.7	2.68
ENSMUSG00000079105	3.59	4.93	3.56	15.12	15.43	9.39	7.42	11.95	6.37
ENSMUSG00000029193	2.27	0.78	1.74	2.68	2.73	11.23	13.14	5.28	3.49
ENSMUSG00000121482	1.21	2.46	0.45	2.91	2.99	4.32	2.7	1.92	2.19
ENSMUSG00000056091	1.49	1.97	2.21	4.1	2.94	6.43	2.67	3.75	2.4
ENSMUSG00000140003	3.16	4.24	4.09	1.3	1.55	0.67	1.77	0.7	2.26
ENSMUSG00000089789	0.16	0.15	0.07	0.21	1.07	1.25	0.47	1.42	0.33
ENSMUSG00000024013	11.38	13.06	12	24.88	24.64	32.37	18.74	18.01	13.89
ENSMUSG00000003541	19.1	14.67	11.69	27.87	47.13	29.15	34.21	23.98	23.4
ENSMUSG00000116165	1.38	0.98	0.59	2.97	1.7	1.81	1.03	1.63	1.07
ENSMUSG00000028369	14.73	13.52	15.21	44.15	43.57	27.02	24.07	20.86	21.11
ENSMUSG00000023032	0.7	0.89	0.87	4.9	6.72	5.04	5.28	2.82	1.52
ENSMUSG00000028793	38.41	26.33	32.62	55.86	70.61	110.75	66.09	45.85	60.34
ENSMUSG00000041390	13.5	14.64	13.19	40.96	22.1	27.61	21.26	22.5	20.19
ENSMUSG00000104346	0.61	0.88	0.74	1.28	2.73	1.34	0.62	0.96	0.73
ENSMUSG00000086513	58.31	77.07	66.32	17.74	4.81	1.07	19.81	25.57	20.32
ENSMUSG00000045763	11.8	8.84	7.47	26.86	18.86	20.89	14.07	18.15	15.37
ENSMUSG00000034438	3.75	2.77	2.38	11.85	16.25	52.22	22.89	14.46	14.02
ENSMUSG00000040249	117.21	96.99	87.34	303.1	268.69	152.18	112.95	200.63	99.74
ENSMUSG00000030187	1.61	0.84	0.92	10.82	7.23	20.72	11.2	8.92	6.35
ENSMUSG00000030325	0.1	0.13	0.23	1.02	1.27	1.81	1.6	0.57	0.43
ENSMUSG00000126291	1.92	2.19	3.76	2.79	1.15	1.36	7.08	6.46	5.85
ENSMUSG00000037129	6.39	5.55	8.98	0.25	1.56	0.75	0.32	0.05	2.11
ENSMUSG00000039264	3.35	6.43	4.21	26.92	13.64	18.22	11.73	14.09	7.25
ENSMUSG00000037628	3.97	1.43	2.86	12.39	1.52	2.67	11.83	8.21	6.88
ENSMUSG00000029757	0.5	1.28	0.34	1.08	1.38	1.19	1.43	1.56	1.35
ENSMUSG00000045345	2.04	3.08	3.2	1.91	0.86	0.19	2.85	1.97	0.62
ENSMUSG00000053862	16.67	11.44	10.02	35.9	66.09	122.3	71.27	80.59	63.19
ENSMUSG00000034587	6.85	7.46	8.24	4.28	4.28	1.76	1.96	3.44	3.77
ENSMUSG00000033538	33.11	29.61	22.65	53.7	77.85	91.58	71.25	42.65	50.08
ENSMUSG00000116380	1.64	1.35	1.49	5.1	3.9	4.47	4.15	1.35	3.25
ENSMUSG00000121493	3.49	4.16	4.3	2.55	0.97	1.68	2.07	0.94	0.75
ENSMUSG00000072620	15.85	14.52	12.3	51.1	40.06	68.38	55.82	33.96	34.23
ENSMUSG00000042228	15.36	13.45	13.97	46.35	36.09	41.72	27.06	22.79	24.46
ENSMUSG00000026011	0.3	0.24	0.66	8.73	5.51	8.73	8.69	3.44	1.19
ENSMUSG00000076490	1.96	2.62	1.04	10.48	4.86	10	10.55	11.82	4.77
ENSMUSG00000071005	0.87	3.52	1.76	16.11	18.86	23.9	8.32	4.42	9.29
ENSMUSG00000033082	0.94	1.2	1.27	2.57	2.42	2.06	0.82	0.76	1.27
ENSMUSG00000024349	16.15	12.5	14.33	47.87	54.62	55.74	37.12	24.95	21.08
ENSMUSG00000040747	9.96	10.77	9.05	72.46	34.74	56.58	39.5	32.65	26.82
ENSMUSG00000060550	15.23	13.85	17.21	127.92	96.48	110.55	135.81	102.46	49.79
ENSMUSG00000018654	2.97	4.72	3.13	19.92	11.28	15.07	7.7	6.71	6.62
ENSMUSG00000095351	55.18	14.3	16.66	55.36	16.69	33.87	84.74	38.61	151.59
ENSMUSG00000100510	17.34	20.88	21.49	37.15	38.52	37.89	13.16	17.48	14.84
ENSMUSG00000056025	3.99	3.5	1.67	10.84	11.75	15.05	4.33	3.76	3.33
ENSMUSG00000025887	11.4	8.95	12.15	29.93	31.3	44.44	16.27	22.69	18.78
ENSMUSG00000033276	1.37	1.16	0.81	1.57	1.52	1.28	0.17	0.78	0.78
ENSMUSG00000046618	3.42	3.38	3.87	2.79	2.6	1.93	1.39	1.64	1.4
ENSMUSG00000074882	84.72	73.99	112.45	10.33	19.26	4.99	33.54	14.19	46.88
ENSMUSG00000054855	0.94	0.67	0.74	4.13	1.57	2.98	2.78	0.83	1.57
ENSMUSG00000031382	3.36	4.1	1.86	4.23	8.01	12.83	5.34	1.64	3.46
ENSMUSG00000036356	1.74	0.82	0.81	5.51	1.28	3.41	1.5	1.77	0.68
ENSMUSG00000113424	2.85	3.21	2.77	6.87	5.87	11.63	1.95	5.19	1.84
ENSMUSG00000090338	1.2	0.89	0.67	3.63	3.31	2.13	0.8	1.53	0.63
ENSMUSG00000034041	6.97	5.61	5.04	12.97	12.72	13.26	5.46	6.06	6.21
ENSMUSG00000031722	1.07	0.74	1.02	245.91	56.38	117.77	53.01	215.55	15.02
ENSMUSG00000024909	15.54	11.98	14.6	50.67	30.54	26.79	23.01	34.4	17.49
ENSMUSG00000076614	5.07	3.87	4.17	138.75	1.46	4.94	19.02	16.61	35.79
ENSMUSG00000020941	5.4	5.74	5.2	9.91	13.33	8.46	6.06	4.99	5.38
ENSMUSG00000074093	13.97	11.05	14.79	6.59	7.11	4.68	6.17	11.02	9.29
ENSMUSG00000052212	42.23	30.91	27.27	62.49	37.26	16.01	70.4	98.48	34.95
ENSMUSG00000054520	6.26	7.22	4.2	12.86	11.21	14.73	11.43	8.42	8.54
ENSMUSG00000050359	13.16	11.16	6.07	11.12	31.24	35.46	42.14	26.55	33.4
ENSMUSG00000113161	1.59	1.7	1.34	0.58	0.89	0.84	0.66	0.62	0.64
ENSMUSG00000037225	4.32	5.5	4.39	26	7.77	7.05	5.63	5.74	5.32
ENSMUSG00000024353	9.14	7.44	9.55	24.47	8.96	15.44	13.69	17.79	17.67
ENSMUSG00000114433	1.02	0.82	0.93	1.38	1.63	1.32	1.24	0.46	0.65
ENSMUSG00000000216	10.13	12.51	9.24	2.03	3.27	1.7	1.85	0.21	3.01
ENSMUSG00000120425	32.06	28.02	33.34	14.31	25.14	18.8	27.89	33.81	45.02
ENSMUSG00000034786	9.1	9.95	11.16	36.92	22.96	31.06	24.2	33.08	14.3
ENSMUSG00000120115	1.55	1.18	1.82	9.83	6.67	14.77	9.43	4.8	4.71
ENSMUSG00000004730	6.62	7.92	11.09	38.24	23.2	35.05	20.23	25.95	16.61
ENSMUSG00000026864	206.09	252.15	182.26	545.43	481.01	433.46	416.2	383.69	1553.55
ENSMUSG00000129666	62.25	28.31	43.26	0.77	2.41	0.8	0.55	2.49	4.23
ENSMUSG00000099041	1.1	0.66	0.98	3.09	4.79	1.02	0.46	0.85	0.87
ENSMUSG00000055413	5.46	4.61	5.95	22.15	13.84	19.08	18.09	12.59	7.71
ENSMUSG00000139891	596.03	457.84	442.2	684.97	554.66	852.51	1079.85	1203.22	831.68
ENSMUSG00000004038	20.46	28.35	21.47	6.06	3.24	0.92	11.62	25.75	8.1
ENSMUSG00000059534	607.35	663.94	573.75	460.57	434.59	354.96	685.75	904.06	772.7
ENSMUSG00000027296	5.22	2.02	3.19	1.68	1.72	2.22	6.94	9.27	5.67
ENSMUSG00000042842	1.88	3.48	2.43	9.18	6.56	12.5	10.23	5.56	7.84
ENSMUSG00000026915	53.88	57.74	53.57	35.83	35.78	22.2	28.23	33.58	52.56
ENSMUSG00000020642	3.57	3.86	3.44	12.2	6.23	5.58	4.45	5.71	3.79
ENSMUSG00000044707	2.4	1.6	2.16	1.06	0.59	0.76	1.18	2.45	4.21
ENSMUSG00000020573	3.85	2.99	3.12	8.4	6.78	7.98	3.9	3.73	4.29
ENSMUSG00000068696	1.21	0.33	0.1	2.91	3.01	2.01	1.06	1.68	0.89
ENSMUSG00000019539	43.09	45.15	45.78	141.52	71.04	69.59	56.17	88.73	47.01
ENSMUSG00000060591	242.32	234.84	261.31	827.58	468.92	493.61	416.68	585.47	313.12
ENSMUSG00000085434	0.86	0.85	1.46	1.91	2	2.02	0.64	0.78	0.42
ENSMUSG00000000290	7.34	6.08	4.98	43.13	34.23	43.89	23.84	24.38	18.92
ENSMUSG00000064262	5.31	7.23	5.58	20.54	12.02	14.14	7.3	6.8	7.05
ENSMUSG00000060459	0	0	0.06	3.36	0.73	2.28	1.86	2.09	0.52
ENSMUSG00000102418	0.33	0.39	0.17	1.18	0.98	0.98	0.79	1.06	0.64
ENSMUSG00000107306	9.44	21.96	16.26	7.88	5.91	3.89	8.29	2.94	12.53
ENSMUSG00000027834	1.27	1.53	1.32	3.89	1.61	4.04	2.37	1.98	3.11
ENSMUSG00000144075	1.51	1.31	2.26	1.85	8.16	9.11	3.98	2.68	3.22
ENSMUSG00000129411	25.65	16.84	26.21	10.59	14.15	4.84	1.61	2.32	7.35
ENSMUSG00000036103	12.63	14.97	14.08	44.87	28.57	23.67	17.57	26.1	16.69
ENSMUSG00000061728	0.11	0.05	0.35	0.52	1.43	1.85	2.55	3.21	1.41
ENSMUSG00000048621	1.51	0.79	0.4	4.78	2.15	2.64	2.79	0.76	1.47
ENSMUSG00000058135	323.39	315.27	327.6	109.37	163.23	107.42	131.33	192.19	123.51
ENSMUSG00000076545	44.43	38.48	49.97	148.68	77.94	461.78	97.47	412.91	260.02
ENSMUSG00000056073	0.21	0.31	0.34	0.65	0.81	1.43	0.71	0.76	1.2
ENSMUSG00000049871	0.71	0.9	1.1	2.86	1.96	1.99	1.24	1.36	0.83
ENSMUSG00000020534	47.44	42.48	30.92	27.19	14.59	3.11	12.86	24.94	11.44
ENSMUSG00000071068	0.51	0.99	0.36	6.63	2.35	3.11	1.64	1.44	1.06
ENSMUSG00000140143	27.69	20.88	15.75	25.15	71.12	32.94	28.06	30.26	25.61
ENSMUSG00000128770	0.98	2.28	1.02	16.27	5.27	7.29	4.4	11.88	2.74
ENSMUSG00000029167	15.04	16.37	18.89	4.31	9.82	4.51	4.25	2.66	11.72
ENSMUSG00000086013	15.63	13.08	12.61	7.37	6.92	3.85	5.13	9.65	6.56
ENSMUSG00000097379	2.05	1.83	1.81	1.44	0.63	0.6	0.8	0.66	0.91
ENSMUSG00000030162	0.12	0.05	0.12	1.13	0.58	1.14	1.34	0.3	0.52
ENSMUSG00000061232	938.51	789.71	796.73	1382.79	1320.89	1442.65	1648.93	1467.46	1112.97
ENSMUSG00000120636	2.98	3.36	2.88	4.11	9.61	9.95	4.66	3.24	7.26
ENSMUSG00000037306	5.19	3.97	5.3	13.77	14.83	10.22	5.71	8.6	6.44
ENSMUSG00000122136	4.72	5.18	3.19	1.45	2.65	4.91	8.45	11.52	16.86
ENSMUSG00000103421	4.03	3.79	4.07	3.5	4.67	1.2	4.39	10.43	4.68
ENSMUSG00000003849	16.32	19.08	12.08	7.47	4.99	4.79	11.37	34.79	8.79
ENSMUSG00000092060	0.58	0.39	0.43	1.35	0.78	0.75	0.57	0.37	0.88
ENSMUSG00000079845	0.29	0.1	1.14	5	1.91	3.16	1.77	4.1	0.9
ENSMUSG00000099521	19.28	16.82	20.6	8.05	25.83	6.19	5.02	5.42	3.73
ENSMUSG00000069792	9.25	11.46	9.55	273.21	183.04	263.91	191.57	142.31	110.43
ENSMUSG00000100291	0.47	0.17	1.28	5.09	5.91	12.65	2.99	1.27	1.67
ENSMUSG00000027962	9.21	11.78	11.31	115.92	69.82	74.18	49.67	33.53	31.71
ENSMUSG00000025991	5.04	4.9	4.45	1.15	0.1	0.14	0.87	1.01	0.56
ENSMUSG00000034570	63.66	51.79	39.87	20.63	27.98	15.77	21.26	29.34	44.5
ENSMUSG00000005413	6.54	12.87	5.24	43.49	36.89	29.9	28.16	23.22	25.61
ENSMUSG00000105353	194.56	261.74	232.74	317.46	254.95	416.12	518.4	298.08	366.13
ENSMUSG00000097888	0.64	2.45	1.02	2.72	3.8	3.18	1.24	1.74	1.46
ENSMUSG00000036256	279.31	263.06	257.21	829.76	536.22	419.69	352.53	523.96	269.08
ENSMUSG00000029359	0.56	0.97	1.19	2.27	2.49	4	2.38	4.39	1.87
ENSMUSG00000001901	3.2	2.17	2.34	0.6	1.95	0.84	0.49	0.47	1.1
ENSMUSG00000054203	3.36	4.18	2.99	20.8	19.86	38.94	28.8	16.22	11.53
ENSMUSG00000051727	8.58	8.53	7.06	3.75	4.67	5.23	5.41	11.07	9.84
ENSMUSG00000033618	7.9	6.93	6.43	2.47	4.77	2.22	2.03	1.96	5.57
ENSMUSG00000047415	2.31	2.26	2.47	7.31	8.79	4.51	3.22	4.05	2.95
ENSMUSG00000048865	5.3	4.76	4.6	29.9	19.28	23.85	14.78	11.44	9.84
ENSMUSG00000055333	0.23	0.17	0.13	0	0	0.01	0.01	0.09	0
ENSMUSG00000064307	10.57	13.79	15.65	4.98	8.67	3.2	5.96	10.61	9.33
ENSMUSG00000024679	5.46	4.18	3.61	68.43	38.4	65.99	33.12	26.93	24.07
ENSMUSG00000044894	212.03	256.43	221.42	264.32	242.07	233.45	368.26	466.11	380.98
ENSMUSG00000016534	100.49	102.05	108.37	225.75	163.37	175.89	143.73	156.72	138.16
ENSMUSG00000009185	6.28	3.94	2.2	281.04	301.27	507.5	521.28	305.82	303.84
ENSMUSG00000060586	191.21	177.37	156.26	515.46	586.78	667.3	827.14	684.97	373.77
ENSMUSG00000017316	17.37	10.44	11.5	88.35	64.54	55.6	55.48	6.89	21.7
ENSMUSG00000026880	74.5	67.16	80.07	227.05	309.34	311.64	138.51	54.19	110.69
ENSMUSG00000033308	9.96	8.35	9.87	2.64	4.1	3.28	1.9	9.56	4.07
ENSMUSG00000121791	8.12	19.72	9.87	0.54	0.4	0.1	1.2	0	2.02
ENSMUSG00000085566	8.9	7.76	9.18	4.5	4.29	2.47	1.87	2.95	3.61
ENSMUSG00000024972	14.13	13.34	12.53	6.48	2.65	2.65	8.38	9.24	7.31
ENSMUSG00000051212	1.31	1.7	1.06	5.93	3.7	4.23	2.41	2.22	1.75
ENSMUSG00000074874	1.17	2.02	3.99	8.52	6.09	6.83	4.86	6.11	2.38
ENSMUSG00000030144	0.51	0.62	0.22	22.1	4.68	5.97	3.79	7.95	3.15
ENSMUSG00000050908	2.2	1.2	0.97	3.78	3.37	5.77	2.34	2.76	2.37
ENSMUSG00000052026	9.59	10.45	11.12	2.41	4.92	1.75	2.67	4.07	4.29
ENSMUSG00000032769	0.78	0.84	0.47	2.01	1.09	0.62	2.12	2.91	1.12
ENSMUSG00000060600	102.83	129.27	132.59	41.71	82.43	20.73	56.34	14.07	63.07
ENSMUSG00000078234	7.14	4.35	6.18	1.34	1.52	1.07	1.33	1.69	4.02
ENSMUSG00000017167	2.92	2.65	2.07	8.18	5.24	3.09	2.51	5.11	2.36
ENSMUSG00000020787	2.09	2.77	3.46	5.31	3.91	7.27	10.07	4.06	3.01
ENSMUSG00000044770	32.21	26.89	30.8	14.53	10.64	4.83	12.14	15.78	13.23
ENSMUSG00000025931	6.97	4.73	3.72	9	7.92	5.05	7.22	11.39	10.04
ENSMUSG00000042401	0.32	0.65	0.29	3.58	1.64	1.35	1.41	1.27	0.52
ENSMUSG00000078153	6.06	3.28	3.58	15.29	7.55	17.98	6.67	3.04	7.56
ENSMUSG00000091705	70.69	69.4	55.82	26.33	59.04	62.31	97.56	196.1	106.08
ENSMUSG00000052353	0.47	0.38	0.33	24.37	8.62	5	10.84	4.16	0.9
ENSMUSG00000027078	14.7	9.99	13.62	27.19	23.6	74.81	47.18	35.47	40.34
ENSMUSG00000003363	29.37	23.55	26.27	60.27	56.31	38.92	37.19	45.84	31.74
ENSMUSG00000063687	0.25	0.25	0.41	0.98	0.93	0.68	0.49	0.43	0.34
ENSMUSG00000038193	15.31	15.39	11.88	32.72	29.51	26.77	15.42	17.85	18.67
ENSMUSG00000076586	83.71	57.36	29.67	91.27	30.72	434.89	107.31	114.42	141.66
ENSMUSG00000022893	8.2	8.84	4.62	40.38	35.71	31.68	18.25	12.39	14.84
ENSMUSG00000071552	0.51	0.62	0.6	3.41	1.91	3.31	3.91	3.25	0.4
ENSMUSG00000030589	2.1	1.74	1.93	8.54	3.93	8.35	4.24	4.76	2.91
ENSMUSG00000098789	7.98	6.63	9.49	3.85	4.18	2.4	5.56	4.5	4.52
ENSMUSG00000022571	50.1	39.2	39.99	25.34	25.27	13.65	25.08	33.99	27.26
ENSMUSG00000079197	185.33	215.33	209.87	336.16	233.18	524.18	490.16	455.95	534.94
ENSMUSG00000024235	4.48	4.33	5.89	9.96	12.26	9.32	7.38	3.5	4.2
ENSMUSG00000019929	361.63	433.2	455.72	1526.53	827.64	686.94	636.09	823.77	466.35
ENSMUSG00000049775	951.8	1108.14	1037.28	2293.78	2077.91	2679.53	2300.43	3231.27	1916.24
ENSMUSG00000070436	74.15	89.42	69.88	204.68	145.88	148.9	78.31	141.46	103.41
ENSMUSG00000051483	199.49	189.49	177.57	95.25	129.96	48	109.01	200.37	133.31
ENSMUSG00000054074	0.76	0.72	1.4	1.11	3.2	1.99	1	0.5	1.05
ENSMUSG00000079227	2.42	0.67	0.84	10.56	4.85	14.99	14.35	5.81	4.01
ENSMUSG00000046613	5	6.56	5.6	2.57	5.11	2.81	2.11	0.94	1.36
ENSMUSG00000039377	9.95	9.15	9.84	15.46	24.95	16.67	9.38	18.32	9.25
ENSMUSG00000020227	3.25	2.83	2.99	11.2	8.39	6.72	5.73	4.67	4.27
ENSMUSG00000025402	7.64	7.56	6.71	17.66	14.55	14.34	10.72	9.95	15.49
ENSMUSG00000018339	101.8	91.56	78.99	399.26	298.48	207.31	157.06	304.9	87.26
ENSMUSG00000024597	104.79	98.14	103.03	66.44	37.25	27.19	42.33	84.35	27.36
ENSMUSG00000135557	3.6	3.7	4.7	2.18	1.74	1.12	1.25	1.19	1.02
ENSMUSG00000043439	0.28	0.39	0.08	1.31	0.74	0.7	1.08	3.01	0.48
ENSMUSG00000026117	0.71	0.89	0.44	4.61	3.83	3.67	2.79	2.94	1.42
ENSMUSG00000062593	4.17	4.39	2.34	32.47	16.12	26.71	14.61	12.4	14.18
ENSMUSG00000025058	0.19	0.39	0.45	1.18	0.95	1.1	0.99	0.39	0.65
ENSMUSG00000023274	3.22	2.62	6.08	19.76	13.58	13.79	12.58	8.08	7.83
ENSMUSG00000023914	112.27	117.02	122.8	30.16	61.42	19.61	29.12	106.3	46.04
ENSMUSG00000026198	14.63	14.66	12.21	9.33	8.09	5.67	10.19	20.52	8.64
ENSMUSG00000140892	9.64	6.69	7.68	13.14	26.67	24.45	6.51	7.16	8.37
ENSMUSG00000031662	5.16	3.42	3.9	15.6	13.47	16.6	11.09	17.52	7.13
ENSMUSG00000031621	0.22	0.16	0.1	16.66	22.93	9.23	9.87	53.33	8.63
ENSMUSG00000114608	3.87	2.36	4.08	20.08	11.2	22.3	12.59	13.07	8.05
ENSMUSG00000038011	0.14	0.2	0.14	0.3	0.7	0.42	0.11	0.09	0.22
ENSMUSG00000026042	35.84	34.95	27.92	129.94	57.97	55.99	41.9	64.29	29.68
ENSMUSG00000097649	6.86	5.66	7.61	2.36	2.24	1.67	2.03	1.37	2.54
ENSMUSG00000020839	1.33	1.8	0.71	2.5	3.41	2.27	6.76	108.16	1.61
ENSMUSG00000026228	1.73	2.01	0.78	6.99	3.97	4	3.07	4.3	3.89
ENSMUSG00000027347	1.08	1	0.9	3.83	4.04	5.3	3.48	2.03	2.26
ENSMUSG00000015405	6.41	5.81	10.28	0.93	1.91	2	1.47	9.45	2.24
ENSMUSG00000108064	1	0.55	0.44	1.14	1.29	1.52	0.67	0.93	1.03
ENSMUSG00000016995	2.26	1.91	1.12	9.96	2.13	3.12	2.49	2.17	2.32
ENSMUSG00000030107	3.28	0.75	1.36	5.05	9.58	49.73	23.4	8.44	10.82
ENSMUSG00000061517	3.08	1.75	2.53	1.79	1.45	0.36	1.33	1.45	1.8
ENSMUSG00000052125	1.3	1.78	1.46	6.7	8.26	7.3	4.16	3.25	2.5
ENSMUSG00000071324	0.81	1.02	0.27	2	1.74	1.55	0.73	0.84	0.78
ENSMUSG00000112148	9.73	8.6	8.89	85.88	28.22	52.56	44.3	28.34	28.43
ENSMUSG00000049723	5.7	2.11	1.56	21.57	9.67	9.58	14.13	7.74	13.7
ENSMUSG00000050014	1.32	0.86	1.3	2.36	3.07	13.75	8.08	2.82	6.59
ENSMUSG00000111116	0.22	0.42	0.3	1.04	0.55	0.91	0.97	1.05	0.53
ENSMUSG00000038811	13.13	17.09	16.9	52.04	29.76	29.74	29.81	26.4	22.55
ENSMUSG00000085696	10.15	9.29	6.69	4.57	5.34	2.25	4.89	11.5	4.85
ENSMUSG00000040710	1.9	2.18	2.86	7.96	5.09	6.74	4.09	3.27	3.67
ENSMUSG00000031497	10.12	11.41	8.49	32.85	25.95	23.9	17.36	11.4	14.11
ENSMUSG00000032532	0.2	1.05	1.47	8.52	3.15	3.77	6.45	8.7	2.33
ENSMUSG00000051457	0.85	0.99	1.39	8.74	4.56	6.35	5.12	3.91	2.11
ENSMUSG00000108500	1.61	1.23	1.71	0.59	1.17	0.65	0.41	0.67	0.73
ENSMUSG00000053835	3.13	2.3	2.1	7.89	4.5	14.86	6.53	4.72	5.98
ENSMUSG00000044340	17.56	14.72	14.64	7.43	9.42	6.02	6.09	3.99	9.78
ENSMUSG00000067780	2.21	2.59	1.96	11.18	3.13	4.13	4.15	3.45	1.94
ENSMUSG00000104011	7.95	9.62	11.11	2.46	5.51	2.68	3.53	4.44	4.3
ENSMUSG00000026786	4.62	6.19	4.62	18.57	11.59	12.76	10.37	14.34	7.37
ENSMUSG00000074785	0.57	0.63	1.35	5.82	3.19	3.02	3.82	1.97	2.35
ENSMUSG00000036353	2.56	2.32	2.75	4.56	5.59	6.64	3.65	2.51	3.97
ENSMUSG00000003484	2.72	2.79	3.44	26.25	14.36	18.21	15.81	13.71	5.98
ENSMUSG00000034792	1.27	2.45	1.49	2.81	2.47	3.19	1.42	2.62	2.19
ENSMUSG00000036805	32.59	28.48	17.71	16.52	9.41	6.21	19.13	39.45	22.75
ENSMUSG00000121484	0.27	1.35	0.39	6.34	4.34	6.03	2.44	3.65	1.5
ENSMUSG00000026692	10.81	9.01	8.92	2.95	4.98	2.66	4.39	1.72	4.92
ENSMUSG00000028063	430.15	325.43	216.77	161.37	165.56	106.53	118.18	112.27	302.83
ENSMUSG00000022422	5.43	4.2	1.96	2.25	0.25	0.93	2.15	1.98	1.15
ENSMUSG00000005677	3.85	4.29	5.68	1.47	5.06	0.21	0.75	0.74	0.81
ENSMUSG00000040938	12.58	14.88	10.7	2.32	2.96	1.32	1.23	3.69	2.76
ENSMUSG00000040434	8.72	7.2	6.58	2.46	2.64	3.1	3.47	4.01	2.91
ENSMUSG00000031825	37.91	37.02	20.96	117.67	108.96	64.43	48.24	47.26	47.15
ENSMUSG00000104686	2.28	2.27	3.36	1.24	1.48	0.57	0.72	0.24	0.97
ENSMUSG00000039221	248.8	329.74	376.24	320.92	206.59	265.49	453.84	677.59	330.45
ENSMUSG00000074896	8.37	4.09	5.82	9.78	20.46	83.53	30.65	18.18	19.46
ENSMUSG00000029553	0.58	0.84	1.33	4.62	3.82	3.46	2.4	2.14	1.45
ENSMUSG00000022847	4.89	2.07	4.45	6.72	13.24	8.84	6.01	3.88	6.08
ENSMUSG00000113581	1.87	1.3	0.56	3.62	4.24	1.3	1.07	1.89	1.76
ENSMUSG00000038147	3.18	3.68	4.36	19.08	14.21	15.32	10.4	9.88	8.79
ENSMUSG00000046718	40.7	36.37	32.35	75.38	63.46	190.08	127.94	99.36	95.7
ENSMUSG00000049001	2.54	0.64	0.92	1.14	0.95	0.23	0.29	0.24	0.16
ENSMUSG00000029541	3.33	3.8	5.44	0.42	0.07	0	0.39	2.14	0.31
ENSMUSG00000028597	3.97	4.63	4.45	12.23	8.46	8.84	10.47	9.55	3.69
ENSMUSG00000031490	13.23	12.16	15.25	40.79	33.57	30.16	19.8	23.33	17.68
ENSMUSG00000042745	474.24	266.43	300.68	176.34	677.42	327.63	166.84	117.67	117.86
ENSMUSG00000048163	7.46	5.72	6.87	44.56	30.97	32.88	29.14	20.86	15.89
ENSMUSG00000066438	1.79	4.14	2.25	0.59	0.66	0.86	0.65	0.74	1.13
ENSMUSG00000032204	0	0.24	0.41	2.41	0.79	0.71	0.64	0.57	0.51
ENSMUSG00000075296	6.73	4.53	4.57	1.59	3.47	2.3	4.01	3.85	6.85
ENSMUSG00000071356	0	0	0	73.86	3.54	6705.12	8152.51	10262.22	2.94
ENSMUSG00000092517	0.33	0.49	0.42	1.9	3.61	11.55	7.45	26.84	2.74
ENSMUSG00000039037	0.41	0.52	0.66	2.02	1.53	1.54	1.37	0.97	0.87
ENSMUSG00000057841	1601.22	1887.97	2218.28	1594.01	981.88	1081.51	2134.34	2886.63	1540.36
ENSMUSG00000032094	0.06	0.42	0.52	2.76	1.45	3.32	3.32	4.3	0.98
ENSMUSG00000129449	1.28	3.52	2.4	3.44	5.08	2.79	1.3	0.84	1.8
ENSMUSG00000051499	1.79	2.07	1	0.87	0.34	0.32	0.33	0.56	0.72
ENSMUSG00000111227	2.12	1.49	1.01	0.53	0.51	0.23	0.89	0.35	1.61
ENSMUSG00000053182	10.78	14.87	13.2	3.04	3.92	2.21	3.39	6.31	3.51
ENSMUSG00000048078	4.92	3.26	3.86	2.03	1.89	0.88	1.46	1.81	0.65
ENSMUSG00000041479	2.73	2.24	2.5	4.35	4.3	4.46	1.97	1.49	2.24
ENSMUSG00000074141	4.4	2.54	1.75	13.44	12.81	13.52	10.82	3.8	9.05
ENSMUSG00000018593	261.68	282.34	203.89	944.31	367.77	398.27	381.33	659.17	201.89
ENSMUSG00000039013	0.44	0.35	0.13	2.48	0.56	1.73	0.72	1.53	0.87
ENSMUSG00000022651	0.26	0.74	1.19	341.28	24.85	28.94	55.83	90.62	6.85
ENSMUSG00000029925	4.16	4.75	3.48	7.29	7.52	12.54	8.72	7.42	7.04
ENSMUSG00000029070	69.22	66.37	62.86	175.22	157.33	114.02	77.11	102.06	57.92
ENSMUSG00000099757	3.05	5.24	4.19	15.09	6.11	10.58	4.81	4.44	5.26
ENSMUSG00000071551	80.61	98.36	79.76	34.15	12.79	9.42	45.45	151.58	86.58
ENSMUSG00000020143	2.42	2.75	2.33	13.13	8.03	10.87	6.35	5.11	6.16
ENSMUSG00000023073	1.16	2.64	2.76	16.45	6.77	3.19	4.81	16.67	7.04
ENSMUSG00000073409	12.34	10.19	14.15	73.99	51.97	56.79	68.53	45.81	27.78
ENSMUSG00000035356	26.38	14.13	12.46	47.21	67.04	53.78	32.28	20.73	29.02
ENSMUSG00000024672	6.56	10.12	9.13	36.57	33.11	34.35	41.17	40.11	28.61
ENSMUSG00000120013	2.64	3.35	5.71	1.62	3.73	1.61	0.51	1.88	0.91
ENSMUSG00000051627	0.3	0.31	0.66	1.62	5.75	1.55	0.67	0.58	2.46
ENSMUSG00000085747	3.44	1.94	1.9	5.31	13.71	6.72	3.68	3.08	4.41
ENSMUSG00000087291	47.31	58.05	38.34	12.76	48.92	33.31	12.05	11.62	22.75
ENSMUSG00000028927	0.62	1	0.54	2.4	2.12	2.41	2.24	4.23	0.94
ENSMUSG00000026205	1.57	1.25	1.8	0.54	1.49	1.34	2.44	4.51	2.54
ENSMUSG00000027175	3.21	3.94	2.58	3.49	4.73	6.05	4.22	3.92	4.09
ENSMUSG00000028358	15.06	11.31	12.69	4.2	4.57	2	3.17	1.77	7.9
ENSMUSG00000096410	286.5	219.26	108.35	258.21	208.17	206.54	342.86	378.62	323.14
ENSMUSG00000026950	0.21	0.38	0.18	1.41	1.26	0.57	0.78	0.08	0.27
ENSMUSG00000074195	1.96	0.97	1.12	1339.67	2103.69	2452.73	563.85	100.23	225.23
ENSMUSG00000025915	3.71	4.28	3.14	9.57	8.51	9.8	5.75	6.4	6.09
ENSMUSG00000041268	2.4	2.78	2.4	7.35	5.86	5.64	2.47	2.4	2.93
ENSMUSG00000142613	1.92	1.8	1.78	4.61	4.81	7.08	0.58	2.06	2.47
ENSMUSG00000006777	6.62	4.33	3.63	12.34	21.63	12.01	9.24	4.85	10.5
ENSMUSG00000108688	74.4	59.22	57.72	14.67	29.03	17.19	27.96	51.69	39.06
ENSMUSG00000059742	1.11	0.78	0.74	0.22	0.26	0.39	0.29	0.28	0.68
ENSMUSG00000120996	13.67	7.94	10	20.32	75.11	52.96	17.39	11.91	8.86
ENSMUSG00000056293	306.68	277.76	322.63	89.52	131.25	61.12	139.69	118.27	352.22
ENSMUSG00000062480	0.26	0.46	0.05	4.74	1.55	0.84	0.72	1.03	0.14
ENSMUSG00000032878	0.42	0.34	0.51	0.98	1.1	1	0.66	0.64	0.32
ENSMUSG00000028194	8.51	4.43	2.9	37.41	30.69	22.91	23.26	26.36	27.97
ENSMUSG00000102389	1.37	0.51	0.83	0.16	0.25	0.08	0.49	0.05	0.49
ENSMUSG00000045730	2.99	3.33	2.89	4.13	5.51	7.37	2.28	1.7	2.68
ENSMUSG00000001823	6.36	4.6	7.32	2.34	3.62	2.54	0.73	0.22	1.31
ENSMUSG00000000440	28.79	19.63	28.28	21.57	20.86	10.83	24.73	47.37	22.25
ENSMUSG00000027761	22.94	26.76	17.5	12.6	5.65	1.59	16.5	20.82	18.89
ENSMUSG00000087060	4.66	7.65	7.27	3.1	1.06	0.74	3.72	3.89	1.23
ENSMUSG00000022096	23.36	15.83	13.54	8.89	9.54	4.74	4.46	10.29	8.13
ENSMUSG00000026104	66.66	26.26	22.13	64.55	82.97	348.22	171.73	95.21	145.4
ENSMUSG00000123342	95.31	101.58	92.67	369.41	223.73	285.86	253.94	235.44	181.68
ENSMUSG00000037613	1.32	1.85	1.09	9.5	4.34	2.81	2.38	6.17	1.84
ENSMUSG00000045502	1.54	0.77	0.57	4.98	2.57	4.86	4.44	2.04	2.43
ENSMUSG00000020057	4.28	2.94	3.41	23.91	12.39	17.75	9.29	8.93	7.06
ENSMUSG00000121042	24.97	20.22	38.59	35.31	26.09	26.1	51.94	44.09	46.16
ENSMUSG00000018169	5.48	1.91	1.94	7.69	6.83	6.82	4.52	4.37	2.83
ENSMUSG00000134746	19.68	13.1	15.82	33.25	62.72	45.32	18.5	12.19	27.67
ENSMUSG00000040528	2.66	5.38	5.69	13.51	8.13	12.35	11.45	8.71	5.69
ENSMUSG00000028415	895.45	1000.22	743.42	1309.05	1692.71	1475.13	2851.63	2272.57	2263.76
ENSMUSG00000030283	0.31	0.38	0.08	0.84	0.8	1.18	0.64	0.2	0.55
ENSMUSG00000042529	0.49	0.75	0.27	0.92	2.16	1.58	0.82	0.63	0.43
ENSMUSG00000000706	0.21	0.1	0.05	0.76	0.68	0.73	1.08	0.53	1.28
ENSMUSG00000067719	94.79	37.38	11.17	76.6	50.35	100.99	90.44	97.6	115.34
ENSMUSG00000027333	28.44	21.01	18.17	52.3	49.07	59.54	43.55	30.83	46.35
ENSMUSG00000027670	0.36	0.17	0.07	1.22	1.21	1.7	1.63	1.3	0.86
ENSMUSG00000051439	46.58	36.07	33.98	134.09	145.46	126.56	76.65	46.56	59.53
ENSMUSG00000096606	1.37	1.05	1.18	2.88	2.71	2.5	1.68	1.58	1.85
ENSMUSG00000122409	26.64	24.61	27.96	11.41	3.4	1.67	7.35	9.46	5.89
ENSMUSG00000034266	1.09	1.05	0.45	14.23	7.12	7.9	7.91	6.88	3.84
ENSMUSG00000038521	103.84	87.34	95.25	361.51	232.07	280.42	194.72	199.94	117.94
ENSMUSG00000040322	120.74	116.08	98.92	61.16	64.2	50.9	77.78	84.28	143.69
ENSMUSG00000053957	2.81	1.84	3.41	0.67	0.88	0.47	0.63	0.71	1.39
ENSMUSG00000023236	5.99	6.99	6.24	14.93	11.84	13	7.91	7.97	9.55
ENSMUSG00000025732	30.04	32.83	22.27	16.14	14.62	5.76	15.22	26.89	17
ENSMUSG00000117975	2.85	2.98	2.55	7.08	4.75	7.45	4.76	3.68	4.38
ENSMUSG00000031289	1.96	1.58	1.79	8.39	3.79	1.7	1.68	0.61	0.88
ENSMUSG00000031539	2.95	3.42	4.11	8.64	6.91	6.23	3.93	3.77	3.51
ENSMUSG00000109904	2.23	2.05	3.07	0.35	0.42	0.22	0.28	1.43	0.31
ENSMUSG00000108368	1.14	1.94	0.92	0.37	0.34	0.57	0.65	1.21	1.66
ENSMUSG00000051486	0.26	0.19	0.23	0.86	0.82	0.44	0.2	0.6	0.21
ENSMUSG00000075389	9.15	9.12	11.63	4.57	5.7	4.15	4.71	4.5	5.93
ENSMUSG00000037033	114.3	104.97	50.24	495.8	377.4	836.88	215.3	70.83	96.42
ENSMUSG00000009687	40.08	41.8	36.41	133.72	99.5	126.82	87.57	110.55	88.27
ENSMUSG00000039936	5.74	3.99	2.61	17.5	15.55	17.69	8.43	9.4	5.78
ENSMUSG00000076583	11.63	11.27	49.25	44.63	22.37	30.45	47.74	33.02	262.05
ENSMUSG00000087231	5.07	3.83	3.72	2.75	2.23	1.11	2.08	4.3	2.14
ENSMUSG00000019437	16.96	14.51	19.43	11.46	10.12	5.41	5.22	9.16	7.64
ENSMUSG00000032661	1.89	0.82	1.2	3.45	8.07	21.45	9.24	5.67	9.72
ENSMUSG00000120885	3.53	2.36	3.22	0.65	1.95	0.43	1.33	2.98	3
ENSMUSG00000016624	10.09	7.85	8.94	3.27	4.14	1.57	3.18	3.61	3.58
ENSMUSG00000040998	1.88	1.75	1.53	3.92	2.57	3.15	2.64	7.14	1.93
ENSMUSG00000025880	28.04	24.49	27.96	16.23	30.53	16.03	11.53	9.57	14.97
ENSMUSG00000063611	4.05	4.77	5.57	10.27	11.08	12.83	7.44	16.95	6.2
ENSMUSG00000086740	1.63	4.75	1.73	0.44	1.19	0.48	0.59	0.53	1.48
ENSMUSG00000041688	9.32	7.43	8.75	5.88	4.52	2.57	3.71	7.14	6.41
ENSMUSG00000027808	50.16	51.76	43.73	87.4	63.75	67.7	77.01	86.74	82.95
ENSMUSG00000111987	3.92	4.18	5.3	6.14	19.85	11.88	5.99	0.98	6.86
ENSMUSG00000022584	16	12.78	9.65	34.21	11.38	60.87	39.34	21.65	25.18
ENSMUSG00000028341	2.75	2.26	1.51	2.64	2.6	2.93	5.8	1.7	6.88
ENSMUSG00000031304	8.11	12.5	9.76	60.87	27.34	50.15	38.28	28.74	24.63
ENSMUSG00000116145	1.29	1.29	1.68	0.17	0.27	0.54	0.36	1.01	1.2
ENSMUSG00000031389	5.81	6.49	4.96	19.8	9.74	10	6.55	5.68	5.96
ENSMUSG00000009092	4.11	4.86	3.22	6.44	3.39	19.58	11.9	8.05	21.18
ENSMUSG00000087107	3.85	3.69	3.42	24.46	11.96	20.26	18.05	13.94	11.38
ENSMUSG00000019876	2.78	1.95	1.98	4.26	1.84	3.29	4.64	4.34	3.96
ENSMUSG00000057058	1.05	1.25	0.89	7.08	3.36	3.51	5.07	3.59	1.86
ENSMUSG00000038692	2.4	1.99	2.53	5.65	5.39	4.9	2.28	7.8	2.62
ENSMUSG00000020641	3.23	2.92	2.37	3.23	5	11.6	11.59	5.55	11.51
ENSMUSG00000085207	5.27	6.99	7.34	2.9	2.84	2.19	2.93	3.82	3.55
ENSMUSG00000023078	10.8	16.71	11.79	648.14	243.4	152.48	103.47	51.4	46.54
ENSMUSG00000026012	0.85	0.93	0.66	2.27	1.27	2.23	1.72	1.11	0.93
ENSMUSG00000027583	1.63	1.47	1.11	2.93	3.47	2.84	2.26	2.17	2.17
ENSMUSG00000000318	5.73	6.37	4.64	18.25	42.4	24.36	22.85	24.55	9.8
ENSMUSG00000028909	11.57	9.54	10.12	6.52	9.93	3.39	2.43	2.57	2.71
ENSMUSG00000027317	102.01	100.99	84.85	101.62	163.78	128.4	148.15	152	188.02
ENSMUSG00000034472	16.85	16.84	14.04	3.41	7.54	4.34	4.07	4.24	9.32
ENSMUSG00000101304	0.75	0.27	0.39	25.71	18.6	31.48	14.68	27.17	1.06
ENSMUSG00000023247	1030.97	1018.19	778.1	252.44	257.58	122.76	475.94	2095.53	1396.74
ENSMUSG00000017493	95.51	94.93	112.55	997.02	501.3	299.08	285.66	439.98	145.87
ENSMUSG00000014905	26.07	29.35	28.23	40.52	40.95	36.36	38.8	26.72	90.74
ENSMUSG00000139649	0.41	0.53	1.67	3.16	7.61	3.54	2.83	0.7	1.73
ENSMUSG00000027398	2.63	1.33	0.5	107.44	39.26	65.14	72.4	28.07	13.22
ENSMUSG00000074004	0.35	0.46	0.37	0.85	0.97	0.42	1.38	26.65	0.41
ENSMUSG00000035165	177.42	177.07	109	98.12	71.04	40.3	91.29	90.87	110.61
ENSMUSG00000031762	183.72	106.16	343.76	882.29	445.34	698.8	482.85	629.11	404.77
ENSMUSG00000060961	48.57	68.02	46.75	6.71	6	6.16	13.91	12.26	43.5
ENSMUSG00000020695	5.93	7.39	5.42	24.12	13.37	9.07	10.04	18.29	6.02
ENSMUSG00000024066	77.99	49.44	62.36	192.47	362.01	436.69	151.65	91.93	127.57
ENSMUSG00000101389	16.55	11.14	5.48	88.61	64.35	61.97	39.8	40.66	27.24
ENSMUSG00000028602	0.16	0.38	0.18	16	8.64	9.54	6.12	0.45	2.48
ENSMUSG00000039131	164.54	203.4	166.97	125.14	75.47	53.2	124.92	157.8	166.59
ENSMUSG00000015850	18.7	17.04	14.67	18.65	32.77	24.11	9.54	9.68	13.79
ENSMUSG00000103560	0.19	0.1	0.2	0.51	0.37	0.25	0.22	0.22	0.16
ENSMUSG00000022206	0.68	1.01	0.41	2.25	1.87	1.51	0.75	1.76	2.08
ENSMUSG00000062456	4.08	10.23	8.95	5	3.55	4.56	9.61	10.7	9.78
ENSMUSG00000028488	15.66	14.25	17.38	9.01	10	3.19	8.05	10.58	9.71
ENSMUSG00000044583	1.39	2.25	3.5	6.23	5.74	5.25	3.34	3.5	4.16
ENSMUSG00000027452	52.19	41.54	47.62	20.82	21.09	14.93	20.92	30.33	27.39
ENSMUSG00000101031	24.54	19.72	21.4	37.88	82.41	40.15	39.24	19.86	50.4
ENSMUSG00000068349	0	0	0	4.19	3.74	13.91	2.3	1.02	0.57
ENSMUSG00000015451	3.03	1.65	2.63	10.57	10.56	13.08	4.01	3.58	4.08
ENSMUSG00000066363	0.67	0.27	0.18	9.57	5.98	22.09	18.42	6.44	4.68
ENSMUSG00000015599	0.33	0.26	0.39	0.66	0.87	0.59	0.35	0.31	0.44
ENSMUSG00000071528	594.28	723.09	509.15	567.16	535.09	589.5	851.96	1104.05	1005.03
ENSMUSG00000022456	1.01	0.9	1.26	2.43	2.89	5.22	1.5	2.23	2.31
ENSMUSG00000047793	11.3	11.62	10.16	22.06	18.08	10.73	3.84	5.42	6.03
ENSMUSG00000039620	2.99	2.05	2.05	1.66	1.17	1.51	1.12	0.74	0.73
ENSMUSG00000031886	55.46	34.1	34.28	94.39	190.7	68.1	71.95	172.1	39.43
ENSMUSG00000026385	297.87	333.9	263.78	459.36	324.54	303.23	524.52	752	511.13
ENSMUSG00000056130	0.67	1.25	1.05	3.16	2.56	2.52	1.84	1.17	1.78
ENSMUSG00000030365	1.29	1.37	1.77	6.32	2.45	6.37	3.01	2.69	2.33
ENSMUSG00000037169	3.52	1.66	2.91	0.62	0.41	0.4	0.49	0.65	0.52
ENSMUSG00000090958	8.07	6.28	5.96	18.42	13.51	9.62	8.69	10.93	11.8
ENSMUSG00000028633	19.84	21.59	12.51	77.9	53.33	36.26	23.33	29.25	24.16
ENSMUSG00000046589	11.83	9.94	8.94	4.28	6.06	2.52	4.85	5.36	10.12
ENSMUSG00000028370	2.53	2.29	1.24	17.21	16.71	10.39	5.57	3.43	4.51
ENSMUSG00000028789	3.58	4.23	4.7	11.1	10.08	6.68	5.33	4.74	5.06
ENSMUSG00000023272	27.1	31.09	22.54	67.66	64.87	49.61	51.56	51.7	137.75
ENSMUSG00000079808	0.4	0.6	0.29	0.78	1.43	1.72	0.98	1.13	1.27
ENSMUSG00000048534	3.93	5.47	5.64	12.61	16.29	19.58	15.2	10.65	6.87
ENSMUSG00000034634	6.13	10.93	6.85	43.22	12.7	33.86	13.27	11.96	12.43
ENSMUSG00000019888	35.88	24.46	13.32	126.81	118	106.37	117.14	176.46	136.04
ENSMUSG00000042821	8.66	5.63	5.45	17.33	21.32	6.91	9.17	9.31	5.42
ENSMUSG00000050931	23.67	20.97	26.79	8.38	11.44	8.37	13.74	12.75	12.95
ENSMUSG00000040380	2.4	2.65	2.81	0.85	1.09	0.59	0.86	0.6	1.14
ENSMUSG00000037161	0.94	1.37	0.86	3.03	3.22	3.36	3.47	4.14	1.99
ENSMUSG00000030208	122.99	128.44	103.09	160.34	100.26	145.86	191.07	422.71	175.75
ENSMUSG00000045392	0.64	0.76	0.63	1.85	1.58	1.71	0.64	0.99	0.37
ENSMUSG00000073077	0.7	0.62	0.39	0.17	0.92	0.2	0.43	1.11	0.24
ENSMUSG00000076695	5.21	20.44	5.13	46.25	4.13	13.86	8.65	34	119.07
ENSMUSG00000051314	5.03	3.5	3.23	7	5.93	6.43	10.76	22.87	5.77
ENSMUSG00000023039	71.2	63.58	54.95	28.87	37.57	19.9	26.9	60.83	72.61
ENSMUSG00000056148	19.6	14.16	12.46	23.58	74.11	58.53	27.9	7.88	28.52
ENSMUSG00000028362	0.14	0.29	0.24	0.84	0.98	0.97	0.97	0.56	0.54
ENSMUSG00000024696	2.8	3.62	3.16	11.94	7.92	10.49	6.66	6.8	5.69
ENSMUSG00000026773	5.04	6.95	5.2	31.31	47.9	52.8	14.9	7.61	10.46
ENSMUSG00000008540	150.12	131.66	103.64	206.95	245.58	201.27	274.06	290.88	235.95
ENSMUSG00000034330	4.27	4.48	3.34	11.83	7.78	10.35	5.94	5.51	5.11
ENSMUSG00000017692	1.71	1.87	1.51	6.14	3.24	3.13	2.08	4.89	2.08
ENSMUSG00000028262	4.58	7.91	3.11	25.28	36.47	56.78	6.1	3.23	4.36
ENSMUSG00000058975	0.39	0.3	0.34	0.5	0.96	0.57	0.23	0.22	0.15
ENSMUSG00000121069	44.92	45.55	46.69	294.78	167.26	166.46	105.42	93.63	73.1
ENSMUSG00000084939	3.95	3.42	4.83	0.56	0.68	0.5	1.14	5.85	0.14
ENSMUSG00000131782	0.79	1.55	2.65	5.59	18.13	9.11	2.34	2.67	1.12
ENSMUSG00000032724	7.81	7.69	6.56	4.06	5.71	5.15	2.94	1.42	3.9
ENSMUSG00000039518	1.44	1.03	1.14	0.28	0.85	0.33	0.49	0.47	0.69
ENSMUSG00000005360	1.09	1.43	0.96	2.51	1.93	3.98	0.95	1.34	1.37
ENSMUSG00000055912	3.55	4.2	4.25	11.36	7.59	6.63	5.77	7.03	4.08
ENSMUSG00000073489	4.58	4.37	2.73	21.4	18.88	47.18	20.38	15.91	13.42
ENSMUSG00000025877	1.1	0.6	0.61	8.74	5.86	24.11	8.5	5.58	5.92
ENSMUSG00000000791	0.38	1.4	0.16	1.79	2.15	6.28	2.5	4.13	1.27
ENSMUSG00000030142	0	0.04	0.04	17.52	3.29	5.25	7.04	2.11	1.03
ENSMUSG00000015396	8.36	8.48	5.95	11.75	8.16	13.53	15.69	10.08	12.19
ENSMUSG00000030017	0.33	0.16	0.33	16.02	1.41	547.3	1255.64	2548.74	1.83
ENSMUSG00000097281	3.55	2.38	2.77	0.61	0.32	0.28	1.3	0.23	2.49
ENSMUSG00000003814	346.58	351.86	252.36	659.19	641.65	550.41	457.46	428.3	887.34
ENSMUSG00000024261	1.75	2.1	1.76	5.32	2.51	3.93	2.19	2.76	3.18
ENSMUSG00000028037	1.55	1.58	0.56	2.3	3.64	13.78	9.31	5.07	7.3
ENSMUSG00000024610	486.84	456.96	348.17	1371.27	1608.49	1894.92	2275.05	1910.62	1291.04
ENSMUSG00000006641	56.4	49.81	54.77	25.93	22.11	4.91	10.12	11.23	17.13
ENSMUSG00000045775	34.01	31.67	29.33	12.51	28.3	23.41	22.69	35.42	58.05
ENSMUSG00000038608	5.85	6.64	5.49	18.78	14.96	16.38	10.24	7.85	8.76
ENSMUSG00000030790	8.77	7.71	6.84	18.81	21.58	18.65	11.57	12.22	8.36
ENSMUSG00000061414	27.91	18.52	19.07	7.29	12.43	4.53	9.37	11.5	11.37
ENSMUSG00000021536	0.81	0.73	0.7	2.63	2.1	2.94	1.98	2.57	1.01
ENSMUSG00000098176	7.65	4.28	6.61	3.16	4.01	1.73	2.5	2.97	3.81
ENSMUSG00000028270	111.68	26.99	19.43	52.34	114.81	1035.47	336.55	116.54	370.63
ENSMUSG00000079298	2.41	1.02	1.16	4.98	5.44	6.1	9.58	3.38	3.82
ENSMUSG00000049690	3.04	1.27	1.98	2.78	4.74	6.85	3.35	2.78	3.67
ENSMUSG00000028910	109.42	116.92	111.55	51.09	31.64	14.51	40.81	44.25	39.42
ENSMUSG00000094335	142.31	184.14	60.82	328.89	187.05	339.05	398.31	244.49	191.47
ENSMUSG00000044092	0.75	0.57	0.77	2.87	1.98	2.84	2.55	2.7	1.64
ENSMUSG00000005958	22.39	24.71	20.41	11.79	10.12	6	9.72	15.18	7.18
ENSMUSG00000039063	5.91	4.79	7.17	1.9	3.15	2.3	3.4	2.73	2.73
ENSMUSG00000020374	1.31	1.71	1.29	2.76	3.02	2.01	1.47	1.41	1.4
ENSMUSG00000120312	13.91	11.58	18.75	5	3.7	6.49	6.81	11.25	4.99
ENSMUSG00000085667	3.54	3.73	2.3	1.8	2.83	1.61	0.75	0.55	1.3
ENSMUSG00000090272	9.69	13.16	12.26	32.15	21.84	50.6	29.83	18.92	15.1
ENSMUSG00000067629	7.29	6.65	4.29	11.47	15.08	9.52	5.71	5.3	8.78
ENSMUSG00000041734	8.32	7.87	6.59	21.31	14.09	10.73	8.7	9.98	9.03
ENSMUSG00000042213	0.23	1.55	0.5	1.62	1.55	1.09	0.69	1.08	0.59
ENSMUSG00000061477	933.57	1005.03	1179.67	793.65	625.58	586.21	1027.5	1536.51	853.93
ENSMUSG00000026285	0.15	0.1	0.14	1.48	1.87	2.16	1.37	0.89	0.99
ENSMUSG00000046623	8.85	10.83	9.39	1.33	1.21	0.14	1.46	0.24	2.64
ENSMUSG00000084835	13.56	8.14	18	3	9.03	1.46	2.09	5.14	6.02
ENSMUSG00000092618	48.97	35.27	32.36	45.38	95.44	85.8	55.8	56.99	67.36
ENSMUSG00000036526	2.26	2.57	1.99	6.25	3.79	4.91	4.29	5.48	1.83
ENSMUSG00000102428	0.41	0.61	0.34	1.18	1.28	0.42	0.4	0.57	0.46
ENSMUSG00000039005	11.03	11.1	13.47	21.43	32.87	21.1	15.63	8.29	17.79
ENSMUSG00000026482	8.48	6.83	7.41	17.69	17.19	11.57	9.12	10.04	11.01
ENSMUSG00000035473	34.14	34.67	33.26	18.7	16.7	6.44	17.12	18.04	20.5
ENSMUSG00000028307	39.95	33.43	23.35	8.23	7.69	1.01	21.17	46.11	18.35
ENSMUSG00000039395	0.78	1.15	1.48	1.89	3.27	2.89	2.29	0.91	1.77
ENSMUSG00000063296	20.15	19.38	21.25	6.37	4.62	3.1	6.42	8.77	8.16
ENSMUSG00000120488	0.84	0.52	1.03	3.07	2.04	3.21	2.11	0.93	0.73
ENSMUSG00000020340	3.61	3.99	2.94	9	7.66	8.64	5.93	4.6	4.88
ENSMUSG00000074129	2184.48	2303.4	2692.14	2258.1	2204.39	1793.04	3347.28	5406.08	2424.59
ENSMUSG00000061718	437.07	431.25	413.17	266.42	174.63	57.8	200.56	175.02	297.28
ENSMUSG00000027015	1.43	1.33	1.18	1.9	1.44	0.95	2.29	3.68	1.79
ENSMUSG00000001604	46.12	38.51	49.21	21.69	40.02	18.45	32.57	75.54	33.65
ENSMUSG00000025290	1800.81	2149.18	2299.94	1643.68	1558.48	1609.32	2903.65	4295.82	2219.64
ENSMUSG00000027832	0.87	0.22	0.05	5.54	2.27	0.86	2.97	4.72	0.45
ENSMUSG00000031506	1.66	1.52	1.54	7.21	5.3	5.01	4.67	3.78	2.74
ENSMUSG00000120395	7.98	10.06	10.17	2.8	2.06	0.68	3.14	1.22	4.08
ENSMUSG00000090891	1.79	1.03	0.95	0.47	0.47	0.29	0.81	0.22	0.77
ENSMUSG00000134905	8.28	7.26	5.94	3.36	5.64	9.67	14.12	14.96	12.86
ENSMUSG00000027220	10.74	9.55	7.54	26.17	18.52	13.89	13.23	14.39	9.82
ENSMUSG00000092074	6.2	2.88	2.88	5.74	3.18	3.96	4.85	5.95	4.62
ENSMUSG00000042524	73.43	66.25	97.37	50.65	71.05	82.7	31.86	26.39	36.38
ENSMUSG00000030111	0	0.06	0.09	2.22	0.49	0.22	0.68	2.47	0.08
ENSMUSG00000050368	16.84	17.34	23.42	8.71	12.08	6.71	2.36	7.87	5.55
ENSMUSG00000097296	50.12	34.66	24.14	14.19	30.82	18.87	9.91	12.12	18.33
ENSMUSG00000109005	4.56	5.28	5.76	3.35	3.96	2.35	1.51	2.72	1.98
ENSMUSG00000022623	9.42	5.55	5.47	9.68	13.12	10.08	3.67	4.76	7.29
ENSMUSG00000031146	357.79	386.94	422.18	250.94	182.25	128.52	222.28	195.7	296.19
ENSMUSG00000024798	0.09	0.23	0.32	2.88	1.75	3.26	2.46	1.02	1.72
ENSMUSG00000057346	3.62	1.16	0.98	2.98	7.76	18.39	13.83	9.01	14.29
ENSMUSG00000021411	6.54	5.5	4.29	12.38	14.23	11.69	6.16	9.24	4.8
ENSMUSG00000078122	4.09	2.94	3.15	22.06	9.04	10.35	8.08	9.24	4.25
ENSMUSG00000140105	9.23	6.39	6.26	160.22	92.12	67.97	53.15	30.49	25.64
ENSMUSG00000031758	1.11	0.64	1.17	3.2	3.33	2.8	1.38	1.16	0.9
ENSMUSG00000038007	5.17	7.13	3.96	10.19	12.21	8.32	4.16	4.95	4.08
ENSMUSG00000000739	0.52	0.62	1.18	4.82	2.36	4.51	3.49	3.62	1.42
ENSMUSG00000041440	8.92	9	9.4	5.43	4.57	3.26	3.76	4.42	7.57
ENSMUSG00000030748	18.58	11.97	11.97	64.38	71.95	64.62	39.32	35	27.58
ENSMUSG00000056116	54.14	45.09	52.47	71.62	91.78	116.59	114.05	92.62	92.29
ENSMUSG00000024300	3.46	2.54	2.83	18.03	15.4	21.93	11.12	12.96	7.59
ENSMUSG00000033419	1.41	1.09	1.08	2.09	2.54	2	1	2.01	1.79
ENSMUSG00000037754	1.79	1.87	1.66	4.22	2.95	3.69	1.75	1.8	2.01
ENSMUSG00000030156	1.03	1.67	0.54	4.77	2.04	4.36	2.27	2.07	1.82
ENSMUSG00000087206	10.57	3.06	5.35	9.07	17.02	12.39	8.28	5.64	13.38
ENSMUSG00000029049	4.95	3.51	4.83	2.07	1.78	3.32	1.47	1.74	2.19
ENSMUSG00000021596	2.84	3.04	2.67	7.35	4.94	5.08	2.47	2.21	3.17
ENSMUSG00000035200	1.17	0.9	0.64	2.08	1.65	2.17	1.9	5.23	1.42
ENSMUSG00000047798	0.9	0.66	0.52	19.73	8.74	16.44	7.65	5.62	3.59
ENSMUSG00000143426	0.37	0.16	0.04	1.13	0.97	8.55	4.26	3.77	2.74
ENSMUSG00000071604	37.92	31.73	25.75	8.38	15.86	10.82	15.26	21.71	22.58
ENSMUSG00000031891	394.13	246.25	185.64	87.82	212.06	80.71	116.52	114.29	170.91
ENSMUSG00000115902	0.86	1.45	1.07	2.83	3.14	2.95	1.62	1.36	1.19
ENSMUSG00000039760	3.03	3.13	3.84	0.33	1.76	0.79	0.68	0.95	2.55
ENSMUSG00000032454	38.87	43.98	51.37	9.1	16.71	3.55	12.39	14.43	12.02
ENSMUSG00000047604	19.64	17.49	24.39	7.8	8.56	3.25	8.12	12.87	9.4
ENSMUSG00000034171	13.78	13.06	14.65	6.11	4.4	3	5.31	13.36	5.38
ENSMUSG00000038352	1.3	2.46	1.92	9.87	7.73	9.79	8.44	5.51	5.53
ENSMUSG00000122822	4.86	3.84	5.87	1.88	1.48	2.03	2.05	2.64	0.95
ENSMUSG00000042498	2.47	2.82	2.06	0.95	1.95	0.48	1.19	1.12	2.1
ENSMUSG00000024059	6.27	4.89	4.72	24.63	19.5	13.41	5.21	8.74	6.57
ENSMUSG00000020437	4.47	3.71	2.93	21.05	15.05	18.83	13.4	11.61	9.39
ENSMUSG00000044367	5.22	7.22	8.14	9.2	5.85	1.62	1.83	2.47	3.24
ENSMUSG00000031712	14.02	14.25	32.9	5.13	11.19	7.64	6.87	10.88	11.14
ENSMUSG00000017688	20.19	26.28	26.11	9.2	12.92	9.68	9.73	9.95	20.74
ENSMUSG00000046245	1.47	0.9	3.07	12.66	3.39	8.18	4.28	5.58	2.12
ENSMUSG00000008668	1585.32	1798.02	2093.06	1465.1	950.83	972.5	1887.41	2712.12	1468.88
ENSMUSG00000079293	6.64	6.31	6.09	34.7	26.66	68.47	53.11	25.48	33.95
ENSMUSG00000041608	1.5	1.11	1.8	3.11	1.87	2.99	0.87	0.8	1.18
ENSMUSG00000022504	6.69	4.11	2.48	11.57	13.65	24.66	15.09	9.53	11
ENSMUSG00000026070	0.61	0.81	0.71	3.09	2.16	3.33	1.9	1.51	1.29
ENSMUSG00000025511	16.18	10.99	15.13	66.19	38.96	44.12	28.19	37.27	20.75
ENSMUSG00000040264	0.97	0.85	0.49	0.29	2.44	17.45	12.69	5.16	3.21
ENSMUSG00000036362	1.86	2.27	1.74	9.34	6.35	9.37	5.28	4.36	4.65
ENSMUSG00000057337	0.9	2.08	1.34	4.02	1.6	1.19	0.78	0.38	0.84
ENSMUSG00000022286	21.41	19.38	21.23	8.66	8.77	4.57	7.06	7.21	12.88
ENSMUSG00000044320	3.88	2.88	3.72	1.27	1.96	0.94	1.27	2.28	2.01
ENSMUSG00000043505	3.12	4.24	2.64	14.12	9.87	9.21	7.41	7.71	3.85
ENSMUSG00000107495	24.98	23.68	27.92	10.09	7.69	3.32	5.91	7.97	5.84
ENSMUSG00000026778	1.16	1.3	1.54	3.25	2.23	3.68	1.95	5.74	1.27
ENSMUSG00000000562	0.41	0.56	0.39	2.6	0.93	1.72	1.45	2.06	1.03
ENSMUSG00000028655	0.85	0.17	0.25	15.22	26.92	33.14	8.52	2.71	6.25
ENSMUSG00000023045	0.43	0.74	0.73	3.38	2.02	2.47	1.81	2.84	1.77
ENSMUSG00000062997	463.14	540.75	650.57	562.83	351.91	361.52	720.63	1127.44	489.15
ENSMUSG00000037820	60.41	66.96	51.81	223.26	230.99	389.31	105.12	110.18	96.42
ENSMUSG00000094546	92.71	119.92	59.86	127.38	57.83	50.83	191.77	177.12	138.42
ENSMUSG00000139803	3.4	2.42	2.21	9.98	8.38	6.66	6.62	11.12	4.49
ENSMUSG00000117613	0.58	0.81	0.12	1.28	1.84	2.26	1.47	1.68	0.63
ENSMUSG00000030579	27.34	19.69	30.66	194.09	106.05	175.43	141.13	123.24	83.46
ENSMUSG00000014158	1.28	1.56	0.91	3.75	4.4	2.94	1.71	2.16	2.03
ENSMUSG00000045019	16.62	16.13	21.01	2.76	4.12	0.37	7.66	18.56	5.05
ENSMUSG00000058427	0.4	0.61	0	36.61	18.93	12.87	20.75	5.31	2.86
ENSMUSG00000093938	4.02	4.38	3.75	18.32	11.3	18.15	10.4	11.48	7.65
ENSMUSG00000032358	15.3	16.89	13.53	6	5.75	3.16	3.88	6.99	8.73
ENSMUSG00000011148	2.3	1.22	2.66	6.5	3.84	5.92	2.51	2.99	2.96
ENSMUSG00000023341	1.64	1.02	0.87	1.88	1.74	2.71	3.95	1.65	3.14
ENSMUSG00000087440	1.74	1.98	1.59	1.14	1.34	1.4	0.67	0.4	0.45
ENSMUSG00000071714	3.72	3.71	4.62	21.96	20.61	18.76	11.76	5.82	8.69
ENSMUSG00000027559	18.55	14.52	25.35	42.03	37.01	75.42	27.96	43.62	50.41
ENSMUSG00000015947	3.74	1	1.52	18.36	14.39	28.29	16.31	13.78	9.9
ENSMUSG00000117869	28.03	29.92	25.55	16.35	10.01	4.82	10.54	18.85	13.95
ENSMUSG00000029245	0.46	0.4	0.32	1.36	0.42	0.6	0.49	0.68	0.62
ENSMUSG00000041797	2.84	2.94	3.01	7.36	7.53	5.7	3.61	5.42	2.91
ENSMUSG00000022181	0.09	0.12	0.12	4.7	1.81	2.27	3.97	4.29	0.6
ENSMUSG00000053916	16	18.71	14.5	12.64	7.87	4.93	10.7	15.83	10.23
ENSMUSG00000033420	21.95	20.64	20.12	59.28	45.74	34.71	23.06	29.52	20.12
ENSMUSG00000058174	2.4	1.17	3.14	0.66	1.16	0.68	0.83	0.97	1.43
ENSMUSG00000020473	26.18	24.14	20.99	82.95	65.35	43.27	27.23	47.06	20.86
ENSMUSG00000109209	2.4	2.39	4.38	1.04	1.68	0.51	0.42	0.97	0.63
ENSMUSG00000052485	101.17	74.54	85.59	45.53	34.61	35.12	53.88	94.81	67.12
ENSMUSG00000071722	0.91	1.07	1.01	1.09	1.19	1.04	0.25	0.25	0.49
ENSMUSG00000001123	58.01	37.03	36.29	81.68	98.89	127.82	130.06	137.52	132.53
ENSMUSG00000029299	1.86	2.33	2.15	7.52	7.59	8.92	4.81	5.55	4.54
ENSMUSG00000086320	0.87	2.13	2.12	29.61	20.24	16.1	10.52	9.25	3.17
ENSMUSG00000058715	20.81	21.68	21.73	180.38	106.64	176.33	135.98	131	76.5
ENSMUSG00000034579	7.17	11.8	8.67	3.15	2.15	1.85	4.43	5.24	4.29
ENSMUSG00000138080	1.53	1.83	1.18	11.31	8.05	7.96	4.51	4.69	3.19
ENSMUSG00000042985	0.23	0.37	0.43	2.56	0.36	4.26	2.6	2.52	0.91
ENSMUSG00000036006	1.24	2.14	1.97	9.01	4.14	4.24	2.26	2.09	1.91
ENSMUSG00000126182	7.56	5.7	5.47	3.71	2.15	2.38	2.2	2.28	2.91
ENSMUSG00000045932	6	5.06	6.34	15.3	19.28	60.65	59.68	23.7	24.54
ENSMUSG00000050666	4.75	3.17	6.28	17.23	13.56	7.32	5.37	8.35	4.09
ENSMUSG00000068227	0.97	0.89	0.92	7.21	5.88	10.37	6.38	4.51	2.84
ENSMUSG00000000628	70.72	57.33	26.84	115.56	183.94	220.92	98.47	43.97	86.86
ENSMUSG00000054999	20.23	19.15	15.59	1.38	3.85	2.23	2.14	15.46	6.64
ENSMUSG00000034959	1.23	0.81	1.24	3.87	2.48	2.74	1.86	1.16	1.67
ENSMUSG00000029121	2.45	2.13	1.67	4.61	4.09	3.45	2.49	2.47	3.13
ENSMUSG00000031173	2.15	2.64	2.18	0.07	0	0	1.28	6.94	0.61
ENSMUSG00000030167	0.05	0.05	0.23	0.91	1.51	2.47	1.78	1.73	1.31
ENSMUSG00000142880	0.54	0.33	0.37	1.43	1.43	1.95	1.25	3.55	0.46
ENSMUSG00000141856	1.57	1.47	5.95	16.82	10.43	12.67	6.75	6.59	4.33
ENSMUSG00000068086	23.85	24.15	28.81	42.33	135.89	64.87	33.67	9.78	50.09
ENSMUSG00000064267	5.96	6.6	5.28	27.99	15.08	12.61	9.17	9.69	8.72
ENSMUSG00000079523	806.52	783.88	681.52	1524.78	1215.35	1371.69	1943.04	3264.09	1557.23
ENSMUSG00000031805	9.46	6.85	7.46	23.55	25.56	18.95	10.4	10.13	10.23
ENSMUSG00000029596	13.34	17.2	15.88	8.41	4.18	3.83	10	10.42	7.42
ENSMUSG00000033467	7.56	5.04	4.29	20.89	18.43	25.2	13.11	15.56	8.42
ENSMUSG00000038527	3.45	2.89	2.64	7.03	5	5.74	4.63	3.26	2.49
ENSMUSG00000026187	19.79	20.98	20.33	14.72	8.67	6.55	10.07	10.16	12.18
ENSMUSG00000054945	2.11	4.65	3.62	1.9	1.89	0.78	1.07	1.53	2.02
ENSMUSG00000025429	3.42	2	2.95	7.78	3.79	9.47	4.24	10.21	3.54
ENSMUSG00000055546	1.04	0.93	0.99	1.21	2.43	4.78	2.64	1.34	2.92
ENSMUSG00000023349	7.11	6.24	6.23	46.21	27.55	29.64	42.16	30.79	24.19
ENSMUSG00000034652	1.71	2.65	1.31	13.87	7.58	13.87	9.03	7.43	6.39
ENSMUSG00000141500	15.82	20.49	23.74	13.46	22.52	3.06	13.12	5.5	6.26
ENSMUSG00000063704	9.25	14.07	3.96	0.81	4.39	2.52	0.57	0.38	3.33
ENSMUSG00000055134	3.95	2.43	3.24	1.64	0.44	0.15	1.03	2.03	0.96
ENSMUSG00000027219	1.67	1.41	1.35	6.65	5.93	9.84	4.86	6.37	3.77
ENSMUSG00000089722	2.54	0.84	2.93	18.43	9.94	6.44	8.98	0.95	4.99
ENSMUSG00000042804	6.39	5.68	4.52	15.67	11.62	8.6	7.02	7.83	6.5
ENSMUSG00000121429	0.67	1.5	1.53	5.75	5.65	2.66	3.35	0.86	3.3
ENSMUSG00000129556	104.42	180.78	140.42	65.01	62.85	29.51	81.24	29.8	122.37
ENSMUSG00000028539	3.43	1.97	1.66	9.23	11.17	5.1	3.24	6.26	3.31
ENSMUSG00000074196	0.03	0	0.03	8.67	37.31	24.93	1.69	0.08	0.34
ENSMUSG00000101249	153.46	16.95	79.34	0	0	0	53.91	380.44	9.04
ENSMUSG00000035769	3.88	7.6	3.82	3.98	3.72	2.2	1.32	2.65	2.39
ENSMUSG00000034040	3.23	2.53	1.87	0.83	1.61	0.8	0.42	0.6	0.81
ENSMUSG00000055805	6.54	6.75	4.81	24.02	17.81	19.61	13.28	11.03	8.96
ENSMUSG00000097910	2.62	2.41	2.6	5.9	4.26	4.87	2.23	2.63	4.8
ENSMUSG00000023868	2.19	1.61	1.18	4.6	2.54	1.5	1.04	0.74	1.21
ENSMUSG00000030519	1.06	1.26	0.62	3.93	2.55	4.31	1.77	2.96	1.87
ENSMUSG00000073421	185.91	172.38	145.1	514.33	590.65	754.73	869.56	707.11	435.76
ENSMUSG00000094091	7.9	6.99	4.51	2.61	1.41	0.94	2.87	11.94	1.44
ENSMUSG00000049608	0.91	0.81	0.87	3.48	3.35	2.57	3.41	2.46	1.78
ENSMUSG00000029510	1.25	1.01	1.18	2.81	3.39	2.4	1.72	2.33	0.9
ENSMUSG00000047515	3.16	2.27	0.95	1.04	3.6	0.78	0.33	0.28	1.6
ENSMUSG00000034156	1.28	2.13	1.37	3.21	3.73	2.11	0.78	0.69	1.48
ENSMUSG00000021950	118.96	114.84	241.62	140.41	149.8	100.9	46.17	14.45	74.12
ENSMUSG00000024338	82.74	53.01	36.92	127.65	152.9	413.77	289.34	192.69	308.32
ENSMUSG00000028347	22.22	21.81	25.95	13.91	10.95	5.5	7.89	5.94	11.06
ENSMUSG00000027356	48.8	39.96	36.41	30.3	19.98	9.94	24	23.22	46.58
ENSMUSG00000010461	0.41	0.34	0.27	0.7	0.42	1.49	0.39	0.73	0.57
ENSMUSG00000053040	2.53	2.38	0.98	6.04	5.32	5.01	5.09	2.11	1.24
ENSMUSG00000039137	11.8	8.46	8.42	5.59	6.32	1.95	3.42	4.99	3.72
ENSMUSG00000121093	17.96	19.64	17.01	97.04	61.05	59.16	47.93	41.18	29.73
ENSMUSG00000026630	4.73	4.44	3.33	7.93	10.06	15.08	9.85	10.52	4.89
ENSMUSG00000040612	0.58	0.92	1.05	2.9	1.45	2.48	0.93	1.34	1.21
ENSMUSG00000024340	0.5	0.42	0.72	1.07	1.82	1.29	2.64	5.61	1.81
ENSMUSG00000038422	11.13	8.29	9.52	18.07	14.25	9.97	13.22	20.66	17.05
ENSMUSG00000107932	9.79	10.76	9.54	3.43	2.66	0.6	3.8	0.21	3.64
ENSMUSG00000103529	3.06	2.45	1.34	1.03	0.76	0.85	3.14	1.21	1.66
ENSMUSG00000020434	1.35	1	0.3	0.29	0.23	0.21	0.39	0.7	0.8
ENSMUSG00000037686	14.1	22.49	15.48	9.3	5.58	2.34	9.55	26.67	6.73
ENSMUSG00000076543	19.97	6.42	12.49	25.74	51.59	91.69	12.26	22.32	6.09
ENSMUSG00000039899	37.04	42.79	46.71	64.51	86.32	112.36	54.14	49.43	63.34
ENSMUSG00000050350	0.6	1.11	0.51	3.87	1.38	3.9	1.74	1.9	1.13
ENSMUSG00000094724	101.73	89.63	106.87	174.41	219.13	297.52	323.08	202.5	238.31
ENSMUSG00000042918	0.89	1.17	1.62	5.97	2.3	1.41	1.89	1.79	1.4
ENSMUSG00000120941	18.29	17.29	28.59	5.36	9.15	4.61	4.48	4.58	9.9
ENSMUSG00000022824	1244.58	1145.62	924.74	1634.1	3034.55	2115.24	1148.47	719.53	1696.56
ENSMUSG00000029084	85.19	73.16	82.28	252.35	344.75	366.36	147.49	123.2	165.26
ENSMUSG00000031125	0.99	1.06	1.04	4.42	2.95	5.19	2.55	7.39	1.31
ENSMUSG00000031387	7.7	8.8	9.01	25.96	19.43	17.17	13.86	16.16	10.93
ENSMUSG00000075602	301.06	240.55	163.56	1438.64	2006.9	3099.38	1848.32	687.94	1827.31
ENSMUSG00000001588	3.22	5.5	3.44	14.08	9.83	9.2	6.5	5.45	4.8
ENSMUSG00000074570	0.34	0.22	0.37	1.05	0.93	2	1.34	1.13	0.91
ENSMUSG00000094475	0.53	0	0	0	2.05	1.67	8.94	10.2	3.56
ENSMUSG00000003882	1.71	1.99	1.82	7.26	10.2	6.99	6.32	3.29	3.63
ENSMUSG00000020848	1.23	1.14	0.73	2.43	2.22	2.42	0.81	1.18	1.44
ENSMUSG00000042797	6.75	7.46	10.73	2.92	3.45	0.96	2.44	8.98	2.43
ENSMUSG00000109118	7.08	7.06	4.79	2.14	1.14	0.95	4.52	5.33	1.96
ENSMUSG00000026737	7.9	9.55	8.97	25.34	18.54	25.74	15.76	15.69	12.73
ENSMUSG00000027854	41.08	44.13	39.62	40.87	28.57	18.13	21.23	37.24	21.36
ENSMUSG00000135492	2.22	2.73	1.36	1.2	1.07	0.67	0.58	0.81	0.99
ENSMUSG00000105065	4.17	4.26	3.85	2.7	2.72	2.62	1.2	1.73	2.18
ENSMUSG00000005667	3.45	4.51	2.42	12.15	4.87	11.58	15.89	8.57	11.19
ENSMUSG00000128023	1.04	2.3	1.02	2.39	3.38	4.11	1.92	2.14	2.04
ENSMUSG00000087433	4.79	3.83	3.59	2.04	1.04	0.82	1.41	2.64	1.73
ENSMUSG00000021136	2.4	2.19	2.88	9.93	7.3	5.38	7.04	6.76	2.43
ENSMUSG00000042010	5.29	5	3.85	10.5	16.65	12.39	5.37	6.56	5.85
ENSMUSG00000034930	27.24	18.06	22.98	10.25	8.87	4.58	9.59	19	7.79
ENSMUSG00000095589	144.29	141.1	110.3	320.29	404.37	215.85	145.45	464.62	342.41
ENSMUSG00000122203	2.56	2.53	3.29	12	11.9	13.22	6.27	2.32	5.37
ENSMUSG00000015568	11.41	9.87	12.12	51.45	22.14	34.66	35.77	60.1	25.66
ENSMUSG00000099098	3.44	3.25	5.7	1.03	1.49	1.54	1.38	1.73	1.6
ENSMUSG00000020183	34.95	38.12	28.04	11.5	8.2	4.89	5.14	4.41	15.61
ENSMUSG00000028599	16.73	12.8	12.9	64.74	62.37	73	38.01	22.25	29.86
ENSMUSG00000042195	10.57	10.94	11.05	8.52	3.62	1.71	7.25	6.09	6.18
ENSMUSG00000022479	148.49	134.75	156.23	43.87	68.71	28.1	47.44	78.41	77.81
ENSMUSG00000000386	6.38	1.35	0.36	2.59	6.75	8.93	7.61	5.92	7.76
ENSMUSG00000004035	10.87	9.48	12.4	4.6	4.77	1.27	6.83	7.27	5.78
ENSMUSG00000028459	6.84	13.83	15.18	74.54	31.47	16.13	27.08	27.45	11.65
ENSMUSG00000040711	10.76	9.9	7.66	27.1	19.51	12.25	11.02	12.3	11.87
ENSMUSG00000026278	38.53	34.4	37.43	15.18	14.98	12.9	16.4	19.51	17.24
ENSMUSG00000001128	8.69	9.02	9.27	52.96	27.15	31.36	25.85	28.49	19.37
ENSMUSG00000023927	4.6	4.37	4.36	11.47	8.96	8.62	5.24	8.32	5.05
ENSMUSG00000035969	20.87	18.38	17.53	16.96	33.04	15.48	7.01	7.72	10.47
ENSMUSG00000025716	1.1	1.21	1.16	0.15	0.16	0.03	0.41	1.24	0.76
ENSMUSG00000067377	3.91	5.51	4.45	11.88	10.16	5.28	6.72	12.29	5.52
ENSMUSG00000004791	1.08	0.56	0.54	5.12	5.3	2.31	2.2	2.15	1.6
ENSMUSG00000047592	1.16	1.22	0.75	9.72	5.16	3.83	3.92	4.64	2.16
ENSMUSG00000049676	0.44	0.47	1.45	0.98	1.79	1.01	0.46	0.77	0.47
ENSMUSG00000001670	20.08	18.48	27.19	49.34	149.41	69.16	29.97	13.15	32.24
ENSMUSG00000025407	11.49	8.7	8.8	4.72	3.17	1.35	2.16	5.01	2.05
ENSMUSG00000068758	4.4	2.81	4.9	19.79	19.02	10.86	12.24	13.91	8.49
ENSMUSG00000021750	2.36	4	2.98	3.8	8.13	3.98	1.23	1.3	1.94
ENSMUSG00000002076	0.48	0.86	0.93	1.88	2.48	2.25	1.46	1.05	1.2
ENSMUSG00000048826	20.45	13.22	20.25	8	11.32	6.29	8.64	9.53	10.88
ENSMUSG00000062794	1.87	1.16	1.43	0.97	0.46	0.58	1.23	1.12	0.9
ENSMUSG00000061535	3.92	4.03	4.02	18.01	6.21	6.04	5.02	8.23	5.21
ENSMUSG00000020048	243.74	265.95	214.96	509.69	381.15	373.94	354.96	349.09	795.55
ENSMUSG00000023224	138.07	135.39	121.09	429.85	355.04	413.26	294.14	298.2	209.88
ENSMUSG00000095675	17.47	25.03	22.04	99.12	76.96	77.3	59.57	37.55	59.96
ENSMUSG00000037577	0.31	0.47	0.24	1.6	1.24	0.73	0.67	1.16	0.35
ENSMUSG00000122916	2.29	1.94	2.1	13.32	8.07	9.18	3.94	4.03	2.98
ENSMUSG00000025017	2.54	2.78	3.03	15.78	9.6	13.69	8.55	6.64	5.25
ENSMUSG00000026158	3.67	4.29	4.89	14.28	8.47	10.81	7.67	5.32	5.23
ENSMUSG00000024621	32.46	22	23	79.7	87.32	117.54	55.78	54.54	49.72
ENSMUSG00000036894	2.77	1.98	1.96	5.82	5.23	5.81	5.22	4.49	3.82
ENSMUSG00000123583	0.38	0.65	0.36	1.96	1.96	2.13	0.88	1.72	0.84
ENSMUSG00000001700	26.05	22.64	21.55	34.02	60.18	57.18	35.9	50.57	32.16
ENSMUSG00000028970	2.34	1.32	2.27	6.21	2.99	6.14	4.14	3.52	2.03
ENSMUSG00000021986	0.15	0.12	0.03	0.36	0.26	0.22	0.25	0.38	0.19
ENSMUSG00000097207	3.32	3.1	2.98	1.61	1.95	0.66	0.59	0.5	2
ENSMUSG00000018822	3.34	3.34	2.74	6.39	8.02	4.8	4.01	4.08	2.75
ENSMUSG00000067261	1.68	1.56	1.34	1.81	3.77	3.23	0.91	1.41	0.97
ENSMUSG00000057135	1.22	0.89	0.47	3.93	3.73	6.79	7.8	5.3	2.27
ENSMUSG00000022226	0.31	0.81	0.2	5.33	1.46	2.01	10.67	4.63	3.41
ENSMUSG00000134402	7.75	0.55	0.78	6.93	12.92	107.78	52.76	18.65	25.38
ENSMUSG00000078783	0	0	0.22	7.75	3.55	13.67	6.85	2.6	4.68
ENSMUSG00000055235	0.44	0.27	0.37	1.67	2.49	1.14	1.31	1.46	0.83
ENSMUSG00000022657	0.39	0.42	0.37	1.48	1.07	1.38	1.58	1.77	0.52
ENSMUSG00000024065	3.98	4.49	2.95	10.51	9.41	8.3	4.58	4.64	7.57
ENSMUSG00000032068	1.8	1.28	3.02	199.6	148.97	299.08	123.61	203.11	14.28
ENSMUSG00000051969	0.22	0.35	0.37	0.27	1.18	2.47	1.24	0.99	1.04
ENSMUSG00000031709	3.65	3.73	3.11	8.39	8.25	10.07	6.39	8.31	6.29
ENSMUSG00000030022	3.19	3.15	3.01	10.61	8.26	6.55	5.46	3.7	6.28
ENSMUSG00000128875	18.71	10.05	36.71	9.72	7.88	4.12	43.7	21.66	53.56
ENSMUSG00000030077	3.95	4.42	5.12	37.55	14.84	14.14	7.01	10.34	7.8
ENSMUSG00000036944	1.15	1.47	1.16	5.3	1.83	3.03	2.56	2.68	1.05
ENSMUSG00000037254	10.81	10.79	16.86	0.9	2.08	1.24	0.95	0.63	2.94
ENSMUSG00000051977	8.83	9.88	16.24	5.86	8.03	2.04	3.91	3.77	6.13
ENSMUSG00000122303	5.68	4.66	4.06	0.87	0.66	2.62	0.56	1.57	3.55
ENSMUSG00000024670	0.69	0.45	0.11	2.86	1.77	3.04	2.59	0.9	0.67
ENSMUSG00000094787	7.96	12.98	20.83	98.26	31.26	53.14	15.91	34.61	70.89
ENSMUSG00000091542	2.54	1.76	1.56	5.23	6.07	4.76	1.44	1.73	1.5
ENSMUSG00000047497	1.24	0.98	1.05	5.06	1.58	2.11	1.3	2.45	0.88
ENSMUSG00000046688	35.24	22.01	28.98	86.06	175.31	183.93	69.72	51.78	32.41
ENSMUSG00000076609	1401.88	1084.86	821.44	3360.66	1025.66	2400.14	2644.76	2732.87	2566.97
ENSMUSG00000046402	2.63	2.25	2.31	14.02	5.87	5.09	5.55	12.13	3.03
ENSMUSG00000049734	9.26	9.55	6.61	17.11	19.64	32	25.21	16.77	13.95
ENSMUSG00000021939	283.27	250.56	254.9	843.58	701.16	552.58	439.94	429.09	418.12
ENSMUSG00000029581	9.3	8.02	6.3	29.81	38.22	31.62	23.42	18.73	13.93
ENSMUSG00000025930	1.35	1.37	1.14	10.44	13.38	6.82	7.32	6.99	4.1
ENSMUSG00000056054	0.39	0.37	1.05	662.87	104.61	199.56	100.28	89.47	8.06
ENSMUSG00000036912	1.57	1.26	1.24	0.52	0.68	0.32	1.23	3.42	0.32
ENSMUSG00000035202	24.96	23.65	32.72	26.68	18.95	18.14	57.13	33.49	27.81
ENSMUSG00000003283	3.76	3.43	2.5	23.24	15.89	22.72	14.22	16.05	8.02
ENSMUSG00000046318	0.62	0.91	1.05	3.21	3	3.29	1.34	2.03	1.2
ENSMUSG00000030427	0.26	0.26	0.17	2.58	0.83	1.02	0.57	0.68	0.64
ENSMUSG00000070394	41.11	71.94	73.9	98.5	73.49	94.29	126.48	178.68	124.74
ENSMUSG00000057286	31.55	27.35	29	12.15	9.28	11.01	9.83	22.68	9.85
ENSMUSG00000085944	7.89	7.86	7.41	1.92	1.75	0.29	2.37	1.77	3
ENSMUSG00000032698	11.97	10.84	15.15	32.4	23.05	24.7	13.5	13.91	11.81
ENSMUSG00000027848	7.21	6.9	7.31	34.83	20.06	15.04	15.03	21.15	9.31
ENSMUSG00000031207	43.74	58.06	43.32	144.78	89.1	113.78	68.7	61.21	82.35
ENSMUSG00000102037	1.75	1.16	1.54	10.84	7.81	14.13	11.21	7.65	5.2
ENSMUSG00000053626	0.51	0.62	0.61	2.26	1.62	1.16	0.72	0.47	0.58
ENSMUSG00000129427	1.37	1.76	1.38	5.6	7.05	7.98	2.09	3.32	3.55
ENSMUSG00000042345	0.18	0.11	0.3	0.88	0.74	0.91	1.78	1.65	0.28
ENSMUSG00000073002	5.26	7.22	6.71	26.38	16.35	15.01	18.12	18.48	9.36
ENSMUSG00000089942	0.32	0.76	0.4	3.94	2.77	4.42	2.36	1.77	2.38
ENSMUSG00000074417	0.29	0.36	0.13	4.28	2.66	2.66	1.58	0.8	0.88
ENSMUSG00000026107	11.32	11.88	13.07	28.52	22.94	29.56	16.17	11.94	22.75
ENSMUSG00000097324	26.57	39.51	27.76	11.52	42.62	21.77	6.74	4.06	8.73
ENSMUSG00000020684	1.42	0.86	0.71	3.55	4.23	2.88	1.57	1.03	1.54
ENSMUSG00000096074	116.89	79.7	68.92	150.74	62.19	317.17	170.5	305.19	186.7
ENSMUSG00000018983	6.51	4.86	1.78	11.5	5.14	4.36	9.23	7.9	10.78
ENSMUSG00000000278	39.89	37.51	38.59	93.51	67.21	71.69	69.5	75.62	50.04
ENSMUSG00000064065	0.26	0.31	0.25	3.19	1.84	1.96	1.39	1.16	0.7
ENSMUSG00000025161	6.36	7.94	7.53	30.48	28.42	14.21	10.08	14.19	5.02
ENSMUSG00000044566	1.19	0.58	1.93	0.52	0.45	0.22	0.37	0.21	0.57
ENSMUSG00000021725	5.02	5.12	4.37	14.17	9.41	10.81	8.04	6.26	5.59
ENSMUSG00000074218	69.64	130.69	85.98	34.97	37.94	24.57	72.12	72.08	95.62
ENSMUSG00000054385	2.57	0.85	1.42	1.22	0.88	0.3	1.14	0.85	0.8
ENSMUSG00000030732	1.43	1.64	1.5	52.87	19.39	15.91	17.23	20.24	15.55
ENSMUSG00000040808	13.24	16.56	29.09	2.39	2.92	0.38	8.03	84.41	4.6
ENSMUSG00000040592	8.65	10.2	9.2	39.34	12.58	11.38	10.1	7.78	10.04
ENSMUSG00000008496	1.28	1.56	1.49	5.96	4.07	3.3	2.21	1.66	2.07
ENSMUSG00000015134	12.64	9.35	9.89	77.97	54.89	59.44	33.8	15.75	73.59
ENSMUSG00000071711	76.2	54.27	63.81	32.17	52.11	25.28	40.57	126.31	40.95
ENSMUSG00000042510	22.03	14.07	9.89	4.56	7	2.62	7.16	21.73	11.4
ENSMUSG00000090307	0.45	0.56	1.21	2.96	2.98	5.06	1.32	1.45	0.9
ENSMUSG00000036594	174.55	175.78	142.1	535.88	597.63	756.96	969.48	717.72	491.81
ENSMUSG00000039304	8.41	4.26	3.96	12.8	29.11	60.28	31.62	14.17	19.16
ENSMUSG00000019689	65.74	77.44	64.94	50.03	56.23	38.41	66.82	112.68	79.22
ENSMUSG00000044361	2.63	1.87	1.42	0.23	0.63	0.22	0.43	0.29	1.53
ENSMUSG00000022906	43.77	22.92	28.36	46.96	62.6	123.89	75.36	42.98	61.1
ENSMUSG00000037580	10.84	10.45	9.85	23.43	27.29	20.67	18.76	10.82	18.74
ENSMUSG00000108456	0.74	0.32	0.49	0.94	1.16	1.25	0.83	1.21	1.39
ENSMUSG00000043664	0.43	0.24	0.12	0.61	1.2	1.55	1.65	0.95	0.69
ENSMUSG00000133723	1.1	0.48	0.25	2.09	3.52	6.42	1.88	0.47	1.81
ENSMUSG00000044933	1.03	1.08	0.98	0.83	1	0.66	0.24	0.27	0.4
ENSMUSG00000026442	1.04	0.93	0.69	7.34	2.53	3.96	2.4	1.65	1.29
ENSMUSG00000026581	1.4	3.88	2.3	27.77	7.3	23.38	7.67	3.95	4.45
ENSMUSG00000068105	1.22	2.85	3.76	13.05	3.45	2.64	1.79	0.86	2.47
ENSMUSG00000019982	49.43	53.64	41.42	24.76	7.39	2.37	18.98	20.77	25.58
ENSMUSG00000059108	2.33	0.41	1.18	52.66	8.43	18.79	12.1	11.33	7.31
ENSMUSG00000054676	7.58	6.62	6.5	24.89	22.82	20.7	11.41	12.68	9.88
ENSMUSG00000097194	1.38	0.71	0.65	2.21	2.25	6.43	3.66	1.68	2.39
ENSMUSG00000021676	86.3	67.82	63.39	93.67	152.62	156.36	82.15	59.07	122.98
ENSMUSG00000005947	2.32	1.64	1.94	2.97	4.79	3.69	4.38	4.7	2.11
ENSMUSG00000030577	2.77	9.38	6.91	27.67	11.85	9.14	9.96	2.47	4.48
ENSMUSG00000026072	15.68	11.89	13.04	48.92	28.66	18.6	17.98	22.74	11.88
ENSMUSG00000031897	130.68	85.48	84.07	121.31	125.76	227.47	235.66	189.62	223.13
ENSMUSG00000019843	14.83	15.26	9.41	21.97	21.32	19.34	13.32	14.76	12.65
ENSMUSG00000005640	3.88	2.56	2.94	0.36	0.78	0.85	0.28	1.8	0.49
ENSMUSG00000054252	46.53	27.7	24.79	5.56	14.19	4.33	5.76	9.22	10.99
ENSMUSG00000023947	5.07	4.43	4.41	15.58	11.51	11.86	11.04	7.88	8.17
ENSMUSG00000027322	1.87	0.74	1.14	5.99	7.04	9.19	5.26	3.55	4.35
ENSMUSG00000034177	22.72	15.63	15.64	7.23	12.25	6.28	5.41	7.69	4.99
ENSMUSG00000026536	4.22	2.69	2.55	17.78	15.89	44.07	23.79	15.86	12.23
ENSMUSG00000035711	4.37	5.5	5.37	17.28	13.99	12.82	8.44	7.26	4.69
ENSMUSG00000000394	68.64	36.49	33.62	115.79	70.65	122.77	134.59	83.55	111.17
ENSMUSG00000120878	12.15	23.17	14.4	152.82	111.41	90.18	47.73	83.61	40.19
ENSMUSG00000108291	8.96	4.82	5.1	0.89	4.72	3.85	1.25	0.57	2.43
ENSMUSG00000022665	37.01	30.04	28.47	118.09	68.94	59.58	52.09	66.82	33.08
ENSMUSG00000062991	6.38	7.19	5.39	36.57	17.5	14.89	22.82	9.22	15.98
ENSMUSG00000116929	12.12	16.59	11.18	35.88	47.17	41.55	33.84	36.55	31.97
ENSMUSG00000022237	0.97	0.35	0.55	1.51	1.58	1.84	0.73	0.32	0.81
ENSMUSG00000058216	7.97	7.6	11.88	27.61	26.8	17.2	23.91	11.14	30.97
ENSMUSG00000037447	10.47	5.52	4.46	19.31	29.96	28.96	17.01	7.81	16.8
ENSMUSG00000022587	239.37	213.42	193.64	455.88	436.88	625.43	580.41	358.09	470.78
ENSMUSG00000097585	3.92	3.12	2.31	6.58	7.49	4.98	3.29	4.52	2.78
ENSMUSG00000060183	0.15	0.11	0.07	0.3	0.43	0.7	0.84	0.36	0.53
ENSMUSG00000016256	116.86	114.97	103.86	276.19	208.44	229.56	170.4	172.42	156.39
ENSMUSG00000139771	876.12	945.11	1207.44	804.99	783.05	731.02	1207.16	1829.53	990.72
ENSMUSG00000030650	36.09	25.23	24.16	37.14	68.39	71.98	42.74	45	53.37
ENSMUSG00000073412	5.28	4.86	4.07	63.38	28.79	58.66	51.01	49.88	25.83
ENSMUSG00000026872	14.53	13.95	16.9	38.63	35.82	27.16	16.51	15.09	22.54
ENSMUSG00000056917	9.31	10.79	6.58	25.67	23.27	18.43	12.14	13.15	8.95
ENSMUSG00000020828	7.53	3.77	3.65	11.39	12.01	10.44	8.6	7.94	5.68
ENSMUSG00000046352	6.74	5.32	5	5.9	1.54	3.14	11.67	8.85	4.36
ENSMUSG00000006369	71.51	63.95	57.44	159.35	156.25	100.87	98.63	116.62	79.71
ENSMUSG00000029659	8.03	10.48	11.06	31.5	23.2	16.23	14.2	14.28	15.19
ENSMUSG00000005465	0.7	1.2	0.64	4.71	2.4	3.12	2.59	1.66	1.09
ENSMUSG00000044528	0.23	0.53	0.3	1.01	0.59	0.77	0.76	0.78	0.68
ENSMUSG00000039878	55.65	45.25	44.64	19.12	27.32	17.9	38.96	55.46	24.08
ENSMUSG00000113853	2.16	2.44	2.29	0.5	0.62	0.13	0.31	0.27	1.03
ENSMUSG00000059854	0.02	0.03	0.04	0.5	0.41	0.15	0.12	0.01	0.09
ENSMUSG00000045404	0.72	0.57	0.59	2.08	1.67	1.11	1.06	0.86	0.66
ENSMUSG00000040274	12.38	16.81	8.69	5.16	5.46	2.48	3.72	7.8	3.06
ENSMUSG00000137581	5.77	5.96	8.96	5.13	1.66	2.03	3.14	2.98	4.12
ENSMUSG00000042129	4.74	4.64	3.22	12.65	13.21	13.59	7.52	13.36	7.02
ENSMUSG00000028525	9.27	6.47	6.71	26.28	16.24	19.85	17.54	10.46	12.05
ENSMUSG00000062939	0.52	0.74	0.69	4.86	3.15	4.7	5.12	2.18	2.53
ENSMUSG00000031617	3.55	4.69	5.09	20.04	12.57	12	7.3	6.81	5.71
ENSMUSG00000076523	29.21	30.83	36.22	373.74	44.05	132.27	84.04	94.94	140.7
ENSMUSG00000020264	0.38	0.44	0.33	5.88	2.31	1.67	1.88	2.74	0.49
ENSMUSG00000023191	15.61	11.67	12.95	29.07	29.86	24.23	13.69	20.09	10.66
ENSMUSG00000042286	21.25	21.11	18.08	59.78	62.97	41.79	32.14	41.94	30.96
ENSMUSG00000035279	9.81	10.7	9.27	33.88	22.85	14.9	12.83	19.1	10.35
ENSMUSG00000032796	2.36	0.61	0.55	7.6	3.62	3.79	5.61	6.7	1.31
ENSMUSG00000022844	36.65	32.5	24.23	24.49	21.88	13.95	33.99	55.51	26.67
ENSMUSG00000058908	1.92	3.39	1.79	85.85	26.77	13.97	49.4	10.42	17.34
ENSMUSG00000029752	16.08	18.08	19.28	36.42	22.5	30.53	40.4	30.98	30.52
ENSMUSG00000076940	9.74	6.38	11.09	18.95	2.66	8.73	59.45	49.07	35.9
ENSMUSG00000050010	2.05	1.07	1.41	5.5	2.41	2.17	1.74	3.43	3.4
ENSMUSG00000027993	69.1	57.7	52.45	29.53	37.99	17.61	28.49	47.54	42.85
ENSMUSG00000069763	4.29	5.83	3.3	20.08	6.77	5.6	5.29	6.75	2.65
ENSMUSG00000021213	148.03	158.27	154.49	107.18	85.21	72.21	128.07	218.42	189.24
ENSMUSG00000027636	0.46	0.27	0.22	1.16	0.65	0.88	1.07	0.63	0.47
ENSMUSG00000055150	0.6	0.46	0.71	0.8	1.09	0.87	0.64	0.74	1.12
ENSMUSG00000020875	33.23	23.37	23.45	11.53	13.42	6.19	8.79	24.99	17.45
ENSMUSG00000095630	483.52	230.78	151.93	498.65	488.25	591.1	567	419.08	560.07
ENSMUSG00000111709	21.75	37.16	28.67	18.4	13.41	5.91	12.17	36.78	16.55
ENSMUSG00000026121	12.32	8.09	7.89	18.61	25.27	15.27	10.4	9.63	11.16
ENSMUSG00000086714	1.69	3.32	3.62	2.58	2.06	3.51	3.84	10.43	4.11
ENSMUSG00000050234	4.45	5.44	4.37	11.84	10.37	10.01	5.58	5.91	4.15
ENSMUSG00000027843	2	1.76	1.13	7.29	4.85	6.71	8.17	8.11	2.29
ENSMUSG00000135262	4.13	5.88	7.93	2.25	2.18	2.82	4.38	2.66	1.91
ENSMUSG00000022994	207.29	168.97	200.22	83.3	88.2	52.93	61.37	79.81	80.53
ENSMUSG00000063415	1.25	1.5	2.24	3.77	3.53	1.91	0.71	0.86	0.32
ENSMUSG00000070509	12.54	9.04	14.15	23.11	30.89	16.93	7.58	11.4	11.17
ENSMUSG00000028327	5.7	5.55	7.09	3.2	2	2.04	3.27	9.88	1.88
ENSMUSG00000022218	1.75	0.26	0.46	4.17	2.71	2.71	2.01	1.15	1.18
ENSMUSG00000024151	21.3	22.9	21.34	15.77	8.81	6.2	8.9	13.38	8.08
ENSMUSG00000034593	9.85	10.49	10.05	28.77	21.67	20.4	13.35	11.44	13.88
ENSMUSG00000043091	105.77	84.32	52.9	128.28	134.67	115.43	107.37	101.3	179.22
ENSMUSG00000048852	0.62	0.13	0.14	0.3	0.7	10.15	5.29	0.97	5.51
ENSMUSG00000020256	0.48	0.36	0.96	2.14	1.44	2.88	3.15	1.2	0.87
ENSMUSG00000029334	0.48	0.36	0.15	0.56	0.27	0.26	0.57	10.51	0.11
ENSMUSG00000063727	2.13	1.63	2.25	4.89	2.73	4.32	4.08	5.48	2.75
ENSMUSG00000027200	12.74	12.44	10.38	28.63	34.92	21.87	13.48	14.52	15.3
ENSMUSG00000043953	6.79	4.77	2.42	7.45	6.74	15.24	11.26	4.16	6.76
ENSMUSG00000039661	1.76	1.21	1.97	6.01	3.86	9.94	5.52	1.38	1.94
ENSMUSG00000097415	26.39	25.7	23.19	56.38	43.14	64.98	39.86	36.44	29.19
ENSMUSG00000024371	4.63	4.56	3.36	12.82	11.93	29.11	19.27	17.42	9.8
ENSMUSG00000018500	0.31	0.05	0.15	1.42	0.9	1.11	1.09	1.98	0.42
ENSMUSG00000029153	81.45	79.51	82.92	31.23	36.39	15.07	38.77	118.49	51.52
ENSMUSG00000143859	3.44	3.26	4.41	2.11	1.66	0.68	1.16	2.75	2.5
ENSMUSG00000038623	5.97	7.26	6.29	21.68	21.82	19.82	13.3	11.22	13.56
ENSMUSG00000025020	0.53	1.28	0.33	0.84	1.32	0.65	0.41	0.41	0.82
ENSMUSG00000107000	1.33	1.91	1.55	1.16	1.39	0.92	0.49	0.65	0.78
ENSMUSG00000090698	1.87	1.68	1.62	3.4	4.86	3.9	3.64	2.02	3.79
ENSMUSG00000018819	71.09	67.2	70.15	196.89	160.07	146.36	113.55	108.93	100.12
ENSMUSG00000028031	0.36	0.4	0.46	2.17	0.73	1.44	1.32	2.79	0.48
ENSMUSG00000125029	2.92	3.5	1.73	5.66	4.28	10.98	5.45	4.32	11.09
ENSMUSG00000017737	1.82	1.61	1.45	26.01	4.18	3.57	5.84	7.82	0.98
ENSMUSG00000037243	20.27	19.4	15.88	11.57	10.1	4.93	6.45	9.86	7.58
ENSMUSG00000050896	1.66	0.56	0.16	4.48	8.47	5.06	2.91	1.78	2.12
ENSMUSG00000113136	0.92	2.52	0.51	6.4	4.29	4.36	2.61	1.11	2.02
ENSMUSG00000026009	0.33	0.35	0.42	5.4	3.18	6.82	3.62	2.22	1.11
ENSMUSG00000123116	3.62	4.5	6.63	18.63	10.28	19.27	10.65	20.82	8.02
ENSMUSG00000085962	5.94	5.43	7.24	1.86	2.69	0.57	1.12	2.15	2.86
ENSMUSG00000121728	0.57	0.58	0.66	1.6	1.57	0.87	0.97	0.71	0.57
ENSMUSG00000022676	2.68	2.56	3	18.16	8.54	8.75	5.58	8.44	3.51
ENSMUSG00000020176	7.08	9.6	7.61	23.19	17.01	15.39	9.25	14.09	9.28
ENSMUSG00000079499	1.86	1.52	0.87	5.24	4.81	4.46	2.36	2.14	2.1
ENSMUSG00000102018	8.84	7.9	13.28	2.44	3.26	0.77	1.51	2.99	3.29
ENSMUSG00000106099	3.13	2.83	2.78	2.24	1.98	1.75	1	0.79	1.38
ENSMUSG00000029810	189.86	189.31	221.56	712.82	477.78	423.5	363.1	488.06	226.31
ENSMUSG00000022512	2.02	5.11	4.94	10.66	17.44	4.51	4.81	2.79	6.23
ENSMUSG00000038331	65.01	72.9	58.38	33.11	46.87	18.86	28.3	33.12	66.13
ENSMUSG00000042726	68.8	43.68	52.53	82.66	124.58	209.88	112.12	82.8	107.85
ENSMUSG00000137801	2.26	3.35	2.91	8.16	7.25	6.81	2.7	7	2.42
ENSMUSG00000058248	0.29	0.18	0.31	0.82	0.84	0.46	0.31	0.43	0.35
ENSMUSG00000074934	28.45	42.58	25.71	352.88	108.93	88.34	103.72	122.63	83.28
ENSMUSG00000027938	24.21	20.05	21.83	7.59	10.71	7.28	14.01	39.74	13.88
ENSMUSG00000052565	0.34	0.58	0.29	0.99	1.63	0.71	0.33	0.25	1.17
ENSMUSG00000079491	1.74	2.13	2.18	6.17	2.95	4.95	4.85	3.51	2.49
ENSMUSG00000075270	0.08	0.18	0.02	0.72	1.13	1.13	0.76	1.81	0.22
ENSMUSG00000024190	36.48	30.15	30.98	54.35	122.16	68.53	24.2	26.62	35.78
ENSMUSG00000068762	15.54	15.11	13.12	5.67	3.12	1.44	8.1	5.83	8.39
ENSMUSG00000085396	89.39	83.59	86.6	42.6	57.94	37.48	24.6	36.82	42.14
ENSMUSG00000021313	3.71	4.16	3.35	6.37	8.78	4.91	1.84	0.84	3.32
ENSMUSG00000121879	7.65	8.75	6.64	5.43	8.37	3.76	2.48	2.65	3.1
ENSMUSG00000087326	1.53	1.65	2.03	0.73	0.38	0.18	0.15	0.72	0.34
ENSMUSG00000021665	231.32	226.08	252.33	78.71	86.25	59.24	80.27	45.02	120.49
ENSMUSG00000060636	1346.52	1536.84	1689.24	1240.36	991.23	1096.45	1847.9	2779.61	1585.23
ENSMUSG00000029718	37.99	43.81	40.37	104.15	68.52	70.29	59.99	97.82	47.49
ENSMUSG00000002083	13.85	8.78	13.97	3.39	6.94	5.12	5.96	7.1	3.53
ENSMUSG00000090191	11.29	17.11	23.2	3.71	1.3	0.16	4.04	16.15	2.84
ENSMUSG00000029195	4.41	5.37	3.43	1.12	2.15	1.07	1.81	0.41	2.95
ENSMUSG00000032640	3.83	3.92	3.1	12.06	8.14	6.5	5.84	7.35	5.01
ENSMUSG00000025582	1.06	0.68	0.41	0.18	0.65	0.37	0.21	0.24	0.13
ENSMUSG00000009356	2.11	2.99	1.83	22.69	10.63	10.58	9.47	7.2	5.8
ENSMUSG00000021062	80.72	65.09	61.74	27.43	26.21	11.7	28.98	34.97	40.54
ENSMUSG00000109105	1.58	1.43	2.08	2.05	2.86	2.67	0.87	1.03	0.89
ENSMUSG00000089635	4.39	6.42	6.6	1.67	2.4	0.42	0.95	0.69	2.6
ENSMUSG00000036995	1.93	1.4	1.87	6.33	6.35	5.03	2.56	2.69	2.17
ENSMUSG00000024039	56.86	39.63	36.21	7.45	2.04	7.11	39.91	49.69	8.75
ENSMUSG00000033965	1.67	1.78	3.36	9.97	4.34	3.48	2.84	4.38	2.31
ENSMUSG00000111264	0.92	1.28	1.26	0.81	1	0.83	0.47	0.37	0.42
ENSMUSG00000038540	1.12	0.98	0.74	1.88	2	2.19	1.5	1.21	1.2
ENSMUSG00000026458	2.8	3.6	2.23	7.78	9.14	9.11	7.12	7.89	2.63
ENSMUSG00000000142	25.56	25.3	23.46	9.66	8.58	4.92	8.25	14.17	3.42
ENSMUSG00000060904	123.68	128.54	128.81	239.19	209.61	201.6	214.94	202.68	230.26
ENSMUSG00000090214	11.92	7.4	4.85	28.86	55.44	37.85	16.53	7.71	20.32
ENSMUSG00000002384	0.52	0.98	0.34	4.31	3.19	4.74	2.23	1.01	1.06
ENSMUSG00000022216	159.08	127.66	123.3	183.98	196.06	292.04	269.96	253.02	258.83
ENSMUSG00000022564	65.76	53.36	54.44	119.13	127.75	115.33	73.57	86.67	70.35
ENSMUSG00000067212	247.63	180.93	248.57	246.09	321.61	549.11	467.18	426.56	372.04
ENSMUSG00000020709	5.84	4.75	6.71	13.16	13.8	13.92	10.13	7.51	6.67
ENSMUSG00000021703	76.94	67.23	73.15	45.2	34.66	23.4	26.2	28.92	35.86
ENSMUSG00000021069	5.22	5.2	4.3	21.98	13.25	15.64	8.74	10.84	5.56
ENSMUSG00000030745	1.59	2.26	1.42	11.84	7.94	11.43	6.91	4.58	3.8
ENSMUSG00000076655	5.31	10.33	12.3	13.15	28.38	119.19	70.31	15.01	86.8
ENSMUSG00000074634	15.23	14.13	8.81	10.68	7.94	3.03	3.45	8.52	5.69
ENSMUSG00000070407	2.39	1.46	1.45	2.89	4.81	3.99	3.76	3.39	3.04
ENSMUSG00000032717	3.08	4.47	4.59	11.01	10.62	5.67	3.99	6.09	2.21
ENSMUSG00000028032	100.23	111.09	101.26	48.19	47.19	23.87	39.71	48.56	69.66
ENSMUSG00000046908	1.61	1.07	0.63	6.41	4.74	8.16	3.36	2.76	2.23
ENSMUSG00000032115	41.19	40.91	26.5	84.66	81.51	33.62	45.62	45.46	117.16
ENSMUSG00000067235	1.44	1.02	0.98	9.83	3.91	5.07	5.11	7.33	3.3
ENSMUSG00000096847	0.2	0.54	0.19	1.34	1.04	0.55	0.26	0.47	0.28
ENSMUSG00000024619	269.26	191.76	152.98	121.28	118.56	66.2	115.73	147.66	201.03
ENSMUSG00000029074	13.34	8.28	12.07	2.55	9.57	5.59	1.39	5.24	6.18
ENSMUSG00000017697	4.59	5.42	2.87	7.34	5.96	4.5	8.05	9.07	4.93
ENSMUSG00000037318	2.93	4.23	2.61	19.67	7.83	8.87	6.94	8.94	7.29
ENSMUSG00000040907	0.88	1.27	0.73	3.93	3.83	7.06	2.52	2.6	3.69
ENSMUSG00000028635	6.85	4.36	7.22	2.8	5.15	0.6	4.85	11.49	5.86
ENSMUSG00000033022	27.62	27.87	30.25	11.86	6.04	12.11	10.33	25.27	8.57
ENSMUSG00000016349	5.65	5.27	4.32	10.76	9.95	9.6	4.64	5.01	6.72
ENSMUSG00000022519	2.97	4.63	3.24	3.3	2.29	3.54	0.88	3.68	2.23
ENSMUSG00000009927	1081.66	1408.55	1597.99	1187.91	959.53	1119.05	1766.85	2518.86	1444.73
ENSMUSG00000097767	2.82	2.66	2.36	2.47	3.48	3.06	0.77	0.83	1.4
ENSMUSG00000052949	5.03	2.56	1.91	4.51	3.66	4.39	2.54	3.46	2.78
ENSMUSG00000038020	89.37	69.77	90.49	18.94	25.99	12.27	25.94	18.9	32.21
ENSMUSG00000001741	3.87	3.45	3.66	14.37	9.28	9.94	5.92	5.5	4.95
ENSMUSG00000086448	2.19	1.75	1.61	0.27	0.28	0.31	0.52	0.79	0.39
ENSMUSG00000034872	2.3	1.82	1.47	2.69	5.75	3.37	1.4	1.42	2.01
ENSMUSG00000135048	2.14	2.49	1.82	1.12	1.64	0.92	0.76	0.88	1.05
ENSMUSG00000028367	613.72	665.42	559.13	675.63	582.56	941.17	1149.42	891.64	1365.78
ENSMUSG00000052384	5.34	7.37	3.19	20.87	15.83	17.52	14	9.86	9.35
ENSMUSG00000062783	0.17	0.16	0.2	1.4	0.95	0.78	0.59	1.01	0.45
ENSMUSG00000086389	13.53	10.27	10.96	4.67	11.48	7	4.58	4.6	3.34
ENSMUSG00000030750	22.26	19.82	22.4	40.26	33.53	34.64	35.18	44.5	28.12
ENSMUSG00000019846	22.68	21.79	16.07	52.28	37.83	32.45	23.47	25.99	21.79
ENSMUSG00000132209	2.61	1.62	3.25	1.69	1.45	1.15	1.08	1.03	0.87
ENSMUSG00000063439	6.12	4.85	4.88	10.89	12.87	14.65	10.36	8.82	9.84
ENSMUSG00000031494	1.7	2.3	0.71	3.74	2.86	3.55	6.81	3.2	3.96
ENSMUSG00000017652	2.07	2.6	2.44	8.65	9.92	16.32	11.84	5.43	4.37
ENSMUSG00000031740	79.9	68.91	59.08	262.02	129.42	93.48	94.79	161.31	67.63
ENSMUSG00000047787	0.7	0.52	0.37	0.53	0.8	0.51	0.2	0.2	0.3
ENSMUSG00000040247	3.14	3.02	3	13.04	7.75	8.53	6.71	6.98	5.29
ENSMUSG00000055782	0.75	0.52	0.81	3.89	1.76	2.71	1.02	1.63	3.4
ENSMUSG00000039621	4.69	4.32	3.35	20.63	18.02	14.67	13.9	13.23	8.67
ENSMUSG00000061577	1.7	1.4	1.04	3.36	4.45	4.04	5.5	4.35	2.48
ENSMUSG00000019789	1.3	1.05	1.41	2.75	2.77	2.21	1.43	1.4	1.11
ENSMUSG00000120977	1.09	2.35	0.3	5.23	4.93	7.01	3.24	2.24	2.78
ENSMUSG00000087577	3.39	1.47	1.06	4.34	3.76	4.31	1.29	2.31	0.71
ENSMUSG00000076563	48.08	81.2	58.65	151.41	84.59	149.78	110.27	292.96	97.08
ENSMUSG00000023048	238.72	189.48	229.05	370.37	660.9	466.02	312.6	290.56	377.72
ENSMUSG00000046814	3.56	4.46	4.31	10.52	12.96	6.77	6.18	7.44	8.18
ENSMUSG00000020178	1.34	0.96	1.05	5.8	4.53	4.46	3.89	2.31	4.02
ENSMUSG00000020679	26.99	22.92	21.28	11.78	14.45	7.35	10.68	13.89	13.86
ENSMUSG00000038067	0	0	0	4.03	1.48	0.91	1.74	1.17	0
ENSMUSG00000009585	32.58	32.07	28.69	87.58	71.74	98.48	71.07	39.21	43.62
ENSMUSG00000006344	10.15	7.8	6.16	37.95	34.94	26.67	17.14	21.81	15.92
ENSMUSG00000072941	22.9	18.02	15.26	73.29	51.82	34.73	32.86	40.62	21.99
ENSMUSG00000026928	0.7	1.06	1.01	8.59	5.83	7.51	4.19	9.33	3.31
ENSMUSG00000032575	186.8	282.01	239.66	557.15	322.02	355.71	387.82	399.02	744.04
ENSMUSG00000042453	8.91	11.26	11.46	19.87	21.7	13.73	8.29	5.39	7.9
ENSMUSG00000128150	31.26	25.59	55.31	64.83	36.47	71.68	100.51	51.5	78.33
ENSMUSG00000027408	2.24	5.17	2.09	35	11.25	8.07	12.3	34.53	5.57
ENSMUSG00000026357	0.42	0.82	0.89	1.9	1.21	1.77	0.94	1	0.75
ENSMUSG00000060131	0.29	0.53	0.39	2.91	1.77	2.56	1.12	0.99	1.03
ENSMUSG00000039865	37.64	36.58	36.05	17.17	18.61	9.48	25.44	33.1	25.42
ENSMUSG00000074489	4.12	6.87	6.11	43.13	23.49	14.32	22.19	24.91	11.6
ENSMUSG00000040430	3.93	4.62	3.84	10.2	7.23	8.94	4.12	4.96	4.75
ENSMUSG00000048636	0.44	0.09	0.28	4.4	1.66	1.12	0.76	0.66	0.89
ENSMUSG00000128633	1364.93	1720	1853.47	1593.63	1147.74	1202.22	2618.77	4386.32	1752.9
ENSMUSG00000039497	5.49	5.76	4.74	14.18	11.37	13.75	8.42	9.62	8.39
ENSMUSG00000054404	6.06	6.65	5.19	18.38	16.7	36.35	17.9	9.44	14.63
ENSMUSG00000013584	3.1	2.25	2.83	9	3.75	5.44	4.66	11.46	2.82
ENSMUSG00000026177	7.52	4.26	9.64	50.75	22.23	43.08	22.81	29.9	12.42
ENSMUSG00000001227	3.21	2.24	2.46	11.13	16.82	8.86	3.87	3.43	3.66
ENSMUSG00000123749	2.19	1.16	1.57	2.45	3.87	2.84	2.4	2.65	4.67
ENSMUSG00000032816	10.02	6.56	8.1	3.31	2.32	1.74	3.08	12.68	2.86
ENSMUSG00000134447	10.79	15.14	6.41	251.9	115.26	110.02	59.29	39.41	23.21
ENSMUSG00000019996	88.1	76.1	71.06	36.42	42.23	28.4	37.35	36.6	59.68
ENSMUSG00000000567	56.88	30.81	27.69	12.67	22.91	13.33	14.27	21.77	18.42
ENSMUSG00000090733	2792.42	3148.07	3581.44	2483.26	2045.07	2134.28	3389.07	5070.05	3209.6
ENSMUSG00000022014	24.71	21.22	19.07	37.64	41.13	41.99	38.72	34.12	41.46
ENSMUSG00000032369	121.46	107.7	112.83	176.27	254.21	237.36	174.01	123.87	185.05
ENSMUSG00000025905	0.41	0.51	0.27	0.8	0.98	0.83	0.55	0.68	0.79
ENSMUSG00000027996	9.46	5.9	5.88	20.51	25.14	10.76	15.73	7.18	12.39
ENSMUSG00000113691	4.65	6.12	6.73	3.12	1.37	0.92	2	6.31	1.79
ENSMUSG00000049988	3.07	1.22	1.68	19.63	12.18	15.33	12.98	13.13	7.07
ENSMUSG00000121399	0.25	0.65	0.09	2.98	1.97	2.02	1.14	1.18	1.88
ENSMUSG00000068452	32.96	21.41	18.98	158.25	220.71	198.4	87.22	62.61	58.27
ENSMUSG00000073411	535.18	436.45	440.03	1302.23	1254.45	1332.93	1290.87	1051.64	957.15
ENSMUSG00000120777	19.66	3.66	10.83	8.47	1.9	6.09	1.27	3.43	2.81
ENSMUSG00000051506	5.97	3.44	4.99	9.9	12.77	12.61	6.15	7.82	5.45
ENSMUSG00000086550	62.28	69.12	63.56	20.42	25.96	9.92	21.49	23.8	39.4
ENSMUSG00000050164	1.37	2.21	1.8	5.59	6.86	2.87	1.69	2.47	1.45
ENSMUSG00000034245	25.79	29.87	36.78	9.49	12.26	11.94	12.95	17.47	10.49
ENSMUSG00000091945	0.75	0.78	0.83	0.35	0.43	0.49	0.29	0.32	0.37
ENSMUSG00000028980	19.17	16.13	14.35	45.02	54.48	34.07	22	27.47	20.91
ENSMUSG00000043635	2.77	1.75	0.34	2.86	1.6	2.29	0.96	1.31	0.89
ENSMUSG00000018570	4.25	4.54	8.42	2.51	2.08	0.87	1.88	6.51	2.44
ENSMUSG00000110218	4.44	4.81	4.31	1.99	2.3	1.82	1.61	2.83	1.66
ENSMUSG00000059901	1.45	1.19	1.09	3.36	2.61	2.36	0.77	1.25	0.7
ENSMUSG00000047146	0.65	0.71	1.27	0.69	1.44	0.86	0.54	0.31	0.4
ENSMUSG00000019852	9.38	8.46	9.66	3.84	5.03	3.05	3.8	3.64	6.34
ENSMUSG00000046410	14.19	13.15	7.84	18.87	25.45	18.95	19.25	22.58	20.56
ENSMUSG00000004359	0.28	0.74	0.61	2.79	2.46	2.78	1.71	0.86	0.89
ENSMUSG00000125556	4.61	5.98	3.01	1.45	3.41	1.48	3.52	2.93	4.32
ENSMUSG00000037440	0.61	0.19	0.85	2.03	3.32	1.46	1.55	11.23	0.71
ENSMUSG00000056145	1.03	0.89	0.63	3.58	1.57	2.1	1.93	1.46	1.6
ENSMUSG00000052749	0.77	0.9	1.11	6.33	3.48	7.42	1.51	0.87	1.61
ENSMUSG00000022822	12.63	13.72	14.66	40.6	30.67	25.02	9.16	19.72	14.08
ENSMUSG00000038412	70.11	74.98	84.55	99.27	128.31	82.93	94.71	259.93	107.93
ENSMUSG00000029082	0.89	1.83	1	12.56	4.94	14.04	5.75	2.82	4.34
ENSMUSG00000079173	13.66	12.57	10.77	3.88	4.36	1.28	3.69	3.31	7.88
ENSMUSG00000142994	4.16	9.18	7.11	2.77	3.05	2.34	4.61	3.71	6.56
ENSMUSG00000026582	0.06	0.06	0.06	1.87	1.93	1.05	1.32	0.21	0.35
ENSMUSG00000112627	1.34	1.99	2.58	5.21	5.51	11.61	4.65	5.41	5.44
ENSMUSG00000043832	2.48	2.5	3.26	32.76	17.94	27.36	17.81	20.55	13.55
ENSMUSG00000042357	11.7	9.71	14.74	2.77	2.76	0.82	2.56	0.63	2.68
ENSMUSG00000008734	4.93	8.5	6.67	14.38	13.77	9.37	5.73	5.96	7.5
ENSMUSG00000016194	6.23	5.19	5.84	35.71	18.83	20.27	15.75	30.73	10.2
ENSMUSG00000023132	1.09	0.26	0.64	10.91	8.75	20.9	21.27	42.79	1.94
ENSMUSG00000029055	44.01	40.83	30.13	12.49	8.7	4.74	13.4	15.12	16.24
ENSMUSG00000032322	2.67	2.34	1.6	16.09	10.01	10.88	9.42	10.1	4.85
ENSMUSG00000067341	0.95	1.77	1.44	5.43	2.11	1.79	1.68	1	1.69
ENSMUSG00000002578	3.4	0.69	0.72	2.47	3.15	1.43	1.42	0.88	1.52
ENSMUSG00000020253	9.53	9.96	8.41	32.57	20.75	19.75	15.81	16.22	12.82
ENSMUSG00000024534	2.62	3.72	5.84	12.33	8.4	4.54	4.6	3	2.8
ENSMUSG00000059173	5.7	6.15	5.15	21.9	12.41	12.47	9.56	9.07	9.05
ENSMUSG00000064105	3.53	3.57	4.52	7.61	10.77	5.81	3.34	3.86	2.75
ENSMUSG00000110397	1.92	3.1	2.43	0.72	1.07	1.08	0.43	0.7	1.55
ENSMUSG00000043088	23.21	17.66	14.38	7.25	12.6	6.88	6.04	6.33	16.37
ENSMUSG00000073399	20.14	12.79	11.05	62.76	130.69	164.84	89.08	31.81	54.94
ENSMUSG00000022436	11.91	7.05	5.69	19.97	22.8	23.38	15.06	17.12	10.92
ENSMUSG00000030786	3.99	3.56	4.11	49.12	19.47	26.83	15.07	17.01	9.79
ENSMUSG00000031016	12.74	13.59	11.06	6.92	2.88	3.22	3.48	6.07	2.52
ENSMUSG00000006403	6.65	3.04	1.57	30.59	26.97	19.75	23.14	10.97	16.09
ENSMUSG00000020901	3.3	2.74	1.63	10.37	10.13	9.46	5.4	4.33	4.8
ENSMUSG00000031604	69.47	83.55	59.21	113.98	157.04	145.29	123.62	67.69	190.28
ENSMUSG00000078706	127.04	92.99	98.8	41.68	58.96	20.15	34.85	47.59	49.13
ENSMUSG00000020826	1.08	0.4	0.64	92.63	192.64	318.29	68.97	15.22	15.05
ENSMUSG00000128139	2.15	2.41	3.25	1.47	0.74	0.66	1.72	1.47	1.58
ENSMUSG00000030110	4.66	3.42	2.76	14.6	9.9	8.56	4.77	3.81	4.97
ENSMUSG00000021765	2.63	2.66	1.91	7.04	2.51	4.36	4.33	13.21	1.62
ENSMUSG00000020173	39.1	30.47	35.68	11.86	19.28	8.17	10.27	10.84	15.38
ENSMUSG00000001506	145.25	112.02	86.05	420.13	182.56	280.94	167.15	403.13	95.2
ENSMUSG00000037541	5.64	3.76	5.39	1.15	1.92	0.96	1.57	2.44	1.95
ENSMUSG00000046259	0.52	0	0.16	4.72	6.43	3.96	6.67	1.89	1.22
ENSMUSG00000026288	6.37	11.57	5.22	41.09	36.89	34.71	11.46	9.64	10.32
ENSMUSG00000062328	833.53	1015.32	1205.47	835.58	744.64	740.29	1482.21	2419.24	1036.21
ENSMUSG00000032554	73.97	65.27	70.55	166.77	101.34	137.39	86.47	150.85	57.57
ENSMUSG00000049811	11.63	10.05	18.32	4.57	7.5	4.71	3.68	4.02	5.33
ENSMUSG00000046519	149.94	184.19	163.42	87.54	93.98	55.4	97.28	116.2	166.4
ENSMUSG00000044674	29.98	27.24	27.92	71.36	73.55	50.26	35.99	29.3	31.07
ENSMUSG00000022102	2.38	1.73	2	7.19	6.01	11.11	4.31	4.1	2.86
ENSMUSG00000096718	0.48	0.38	0.62	1.1	1.35	0.92	0.58	1.17	1.04
ENSMUSG00000030471	78.96	61.58	47.34	93.64	165.7	127.71	64.27	47.78	106.36
ENSMUSG00000044199	1.32	1.21	0.89	3.56	2.48	1.74	1.66	1.1	0.81
ENSMUSG00000060568	0.95	0.96	0.74	2.14	2.09	1.95	0.68	1.36	1.39
ENSMUSG00000051735	2.51	3.44	1.97	11.77	8.84	9	9.66	5.64	4.1
ENSMUSG00000090115	10.71	10.07	8.69	6.83	4.33	2.35	3.01	4.5	5.74
ENSMUSG00000020395	0.43	0.34	0.57	1.9	1.49	1.98	0.86	1.35	0.88
ENSMUSG00000002227	19.78	12.38	13.28	28.76	33.74	42.19	21.89	21.9	20.79
ENSMUSG00000037337	2.25	4.3	2.11	9.95	5.15	7.85	6.72	5.29	2.37
ENSMUSG00000038517	5.27	2.88	2.2	11.94	8.28	11.74	4.78	5.84	5.55
ENSMUSG00000121350	2.09	1.51	2.71	3.25	3.48	2.55	0.49	0.8	1.82
ENSMUSG00000112023	6.7	5.25	7.65	61.02	21.11	35.03	33.95	23.45	22.39
ENSMUSG00000008318	1	0.78	1.36	7.14	8.21	5.94	3.56	3.17	2.72
ENSMUSG00000114278	3.2	3.31	2.21	9.13	6.38	5.61	2.67	1.59	2.9
ENSMUSG00000035506	18.36	15.14	15.06	8.45	10.28	9.13	18.98	47.16	12.26
ENSMUSG00000021290	873.67	929.79	897.42	758.38	736.62	727.66	1150.43	1630	1144.75
ENSMUSG00000045062	0.2	0.35	0.22	1.48	0.74	0.79	0.36	0.92	0.33
ENSMUSG00000089712	6.23	5.62	5.14	1.17	2.98	1.72	1.12	1.19	1.2
ENSMUSG00000095571	15.76	20.83	3.26	95.62	25.06	35.16	78.71	59.33	48.7
ENSMUSG00000087138	11.53	7.24	8.58	5.05	4.34	2.72	4.43	5.01	3.34
ENSMUSG00000032269	6.11	7.41	4.91	18.47	9.72	11.9	7.77	6.55	7.13
ENSMUSG00000120900	19.5	39.35	28.7	12.84	10.61	7.52	23.24	6.21	20.13
ENSMUSG00000023176	1.61	1.22	1.53	3.86	11.45	2.95	3.38	0.17	3.03
ENSMUSG00000046223	17.5	7.81	7.64	33.74	29.44	41.4	32.61	18.76	37.78
ENSMUSG00000121501	2.76	1.7	1.81	6.47	5.11	10.9	5.42	4.56	4.69
ENSMUSG00000019194	10.89	7.25	8.35	23.92	20.81	16.05	12.45	17.56	12.76
ENSMUSG00000038751	8.97	4.43	7.98	23.56	47.66	28.29	15.77	10.2	14.71
ENSMUSG00000034785	37.32	45.79	40.04	8.33	38.32	11.85	11	23.76	17.38
ENSMUSG00000089929	5.61	5.41	5.81	45	26.23	45.26	44.99	29.01	21.49
ENSMUSG00000051669	1.13	0.8	2.06	3.52	3.48	2.32	1.75	2.06	1.74
ENSMUSG00000003206	1.03	1.27	0.62	4.44	4.52	3.43	4.74	3.91	2.16
ENSMUSG00000036437	7.09	10.83	9	8.61	4.44	3.53	3.42	2.15	1.98
ENSMUSG00000024669	0.56	0.13	0.96	3.45	2.76	3.13	3.33	1.83	1.46
ENSMUSG00000022650	1.76	0.56	0.54	82.55	109.2	299.36	437.49	1327.12	223.52
ENSMUSG00000020150	2.43	1.9	2.6	5.79	4.83	11.98	12.91	6.09	4.03
ENSMUSG00000093674	1192.16	1555.57	1735.23	1542.96	1108.09	1220.09	2600.54	3598.43	1714.33
ENSMUSG00000028497	2.94	2.84	3.54	7.62	5.61	6.6	6.25	8.06	3.75
ENSMUSG00000027513	93.37	68.04	91.74	17.24	51.62	24.55	28.46	54.13	50.21
ENSMUSG00000027134	10.23	11.17	5.72	25.18	16.7	11.25	12.22	24.98	13.98
ENSMUSG00000096464	20.6	5.52	11.85	99.58	24.52	44.8	332.02	3.13	82.29
ENSMUSG00000096596	17.47	25.03	22.04	99.12	76.96	77.3	59.57	37.55	59.96
ENSMUSG00000129906	10.39	9.17	5.33	7.98	2.67	3.1	10.79	19.73	11.85
ENSMUSG00000142402	5.85	3.55	6.73	1.14	1.89	0.43	1.77	0.81	2.52
ENSMUSG00000095332	5.38	5.42	4.24	3.14	6.24	4.36	1.39	1.47	3.16
ENSMUSG00000003153	3.04	2.38	1.66	9.17	5.28	5.99	3.1	3.63	3.59
ENSMUSG00000024677	6.3	7.46	4.93	34.84	27.58	44.11	34.71	17.17	15.88
ENSMUSG00000040209	14.29	12.2	12.39	6.07	7.48	4.98	4.5	4.93	7.12
ENSMUSG00000005364	0.17	0.24	0.14	7.57	3.04	4.86	2.17	0.53	0.75
ENSMUSG00000073400	0.04	0	0.08	2.04	4.15	6.99	0.77	0	0.4
ENSMUSG00000041119	228.49	166.55	143.17	602.8	750.67	558.56	331.44	127.25	419.03
ENSMUSG00000009633	3.86	6.91	5.55	21.59	8.85	9.93	9.35	11.57	7.1
ENSMUSG00000094088	84.63	62.93	48.19	44.31	208.88	346.12	136.62	155.11	183.27
ENSMUSG00000042759	2.72	2.17	2.02	17.26	10.48	10.5	7.6	6.85	4.24
ENSMUSG00000026579	0.23	0.17	0.11	2.63	0.37	2.02	0.59	0.74	0.33
ENSMUSG00000035105	31.85	41.15	68.65	83.6	152.13	77.44	34.62	25.99	28.13
ENSMUSG00000044134	42.49	24.17	30.39	13.57	23.76	12.48	14.63	26.23	21.67
ENSMUSG00000129346	42.52	34.83	27.28	96.87	164.56	181.19	92.59	34.66	111.69
ENSMUSG00000032028	81.5	106.21	66.13	3.99	2.45	3.14	16.59	22.11	18.9
ENSMUSG00000027068	1.62	0.68	0.47	24.91	30.28	30.41	13.71	9.53	13.33
ENSMUSG00000017002	10.53	11.19	23.63	444.08	532.04	382.3	241.82	43.57	229.8
ENSMUSG00000069893	2.17	1.89	1.43	4.14	3.71	6.56	3.37	1.07	2.67
ENSMUSG00000037731	4.39	2.88	2.38	15.96	14.39	24.53	13.81	7.94	7.44
ENSMUSG00000027173	0.43	0.37	0.2	1.85	2.07	1.98	0.54	3.25	1.29
ENSMUSG00000031543	14.29	14.65	13.94	5.73	14.77	10.55	4.36	5.27	7.83
ENSMUSG00000037095	5.41	5.13	4.95	210.06	353.76	293.19	112.16	33.37	23.58
ENSMUSG00000035929	71.6	43.58	48.74	144.28	137.63	219.69	181.24	125.18	118.08
ENSMUSG00000135543	2.29	13.95	6.99	0.39	1.71	1.38	2.75	0.71	6.16
ENSMUSG00000031445	0.51	0.69	0.53	2.09	1.47	0.96	1.29	0.85	0.99
ENSMUSG00000059013	4.82	3.48	4.9	9.71	10.53	7.56	5.87	4.44	3.41
ENSMUSG00000031075	202.61	163.44	206.48	49.06	142.35	40.99	36.52	27.48	66.05
ENSMUSG00000039911	9.97	13.2	9.35	20.93	36.13	21.95	8.74	9.71	7.64
ENSMUSG00000015314	0.45	0.89	1.75	4.45	2.68	3.67	1.91	1.57	2.13
ENSMUSG00000010142	5.47	3.86	3.86	11.99	8.23	10.03	6.43	5.65	5.89
ENSMUSG00000020262	5.68	3.33	3.76	8.16	12.36	7.09	3.16	1.24	4.74
ENSMUSG00000045657	0.29	0.16	0.37	0.92	0.62	0.59	0.48	0.52	0.36
ENSMUSG00000137838	84.34	90.16	89.65	19.96	2.73	1.69	19.91	25.41	9.61
ENSMUSG00000036446	32.42	45.85	54.46	178.6	66.73	68.76	90.39	188.69	58.87
ENSMUSG00000034584	9.39	8.93	9.76	4.33	6.69	2.28	3.65	3.09	5.75
ENSMUSG00000022842	1.9	0.77	0.79	3.27	2.2	1.43	1.5	1.12	1.83
ENSMUSG00000043644	11.4	8.01	11.51	4.57	6.89	5.43	4.05	7.42	6.07
ENSMUSG00000043003	66.59	63.4	49.29	19.54	31.28	21.96	23.62	15.28	60.74
ENSMUSG00000002289	10.51	9.12	4.7	64	30.32	30.49	19.46	32.95	14.38
ENSMUSG00000037849	0.56	0.32	0.37	1.99	1.12	5.28	2.97	1.89	1.26
ENSMUSG00000141887	2.13	0.76	2.14	1.68	3.31	1.68	0.16	0.34	0.47
ENSMUSG00000019312	57.1	58.13	82.68	26.27	51.17	17.04	23.26	38.7	30.74
ENSMUSG00000028583	19	19.49	15.47	73.6	37.55	34.2	36.74	43.24	32.79
ENSMUSG00000036123	13.13	6.2	3.59	4.55	25.44	19.16	21.25	29.7	23.53
ENSMUSG00000024451	14.85	7.49	8.84	23.58	17.05	13.55	8.17	10.02	6.84
ENSMUSG00000050071	9.87	11.62	18.7	5.44	3.91	4.14	3.87	4.96	3.73
ENSMUSG00000040899	4.44	2.88	0.9	9.98	5.09	4.63	2.02	3.14	1.69
ENSMUSG00000031875	29.33	24.3	21.71	59.83	45.94	52.44	35.65	44.71	30.4
ENSMUSG00000095975	2.93	3.6	6.26	1.27	3.47	0.44	0.65	0.26	2.39
ENSMUSG00000042265	0.05	0.03	0.07	7.9	0.95	1.87	1.48	1.33	0.22
ENSMUSG00000042817	0.75	1.23	1.23	4.22	5.06	4.23	5.43	2.36	2.26
ENSMUSG00000014776	2.66	2.02	2.16	5.41	4.54	4.03	2.86	3.33	2.8
ENSMUSG00000050232	0.39	0.55	0.59	2.55	1.34	3.22	2.26	3.53	1.36
ENSMUSG00000095079	1563.57	1111.69	881.27	2501.43	1500.81	2706.43	2858.16	3487.36	2730.11
ENSMUSG00000113965	0.99	2.14	1.33	0.76	0.6	0.47	0.08	0.52	0.33
ENSMUSG00000017723	383.54	336.08	299.66	80.84	216.73	96.99	140.59	64.21	338.93
ENSMUSG00000121400	0	0.18	0.35	23.47	37.14	55.44	6.58	0.08	0.84
ENSMUSG00000109635	3.26	3.59	4.4	0.54	1.09	1.16	1.05	2.74	1.97
ENSMUSG00000031264	2.1	2.67	2.33	10.68	5.61	6.9	4.91	4.75	3.6
ENSMUSG00000002204	4.26	6.93	5.86	30.73	16.94	19.55	15.14	10.26	8.75
ENSMUSG00000103133	2.49	2.79	1.76	1.38	1.31	1.3	0.27	0.82	0.77
ENSMUSG00000020131	5.69	3.8	6.38	1.66	2.9	1.47	2.16	1.69	2.64
ENSMUSG00000006784	1.56	2.58	1.29	0.39	0.32	0.79	0.44	0.43	0.69
ENSMUSG00000042462	30.34	33.35	29.23	29.74	17.86	14.86	39.17	56.41	27.04
ENSMUSG00000137898	13.43	18.18	15.53	212.21	98.57	92.43	48.89	45.06	31.6
ENSMUSG00000044258	9.91	8.51	9.99	53.4	31.01	27.44	28.5	82.18	16.22
ENSMUSG00000025004	8.77	5.05	8.88	0.06	1.56	1.16	3.57	0.6	4.24
ENSMUSG00000097222	10.95	13.16	14.93	6.13	8.17	5.26	6.88	7.62	4.76
ENSMUSG00000033880	93.56	69.69	57.63	187.04	151.05	189.17	172.21	180.56	144.95
ENSMUSG00000062410	22.73	23.79	18.15	19.23	13.05	2.63	37.73	146.16	38.88
ENSMUSG00000097494	7.28	5.42	6.96	3.23	1.6	1.39	2.43	4.83	1.24
ENSMUSG00000035878	4.05	3.66	5.11	1.78	1.88	1.02	1.23	1.82	1.37
ENSMUSG00000060224	11.13	8.8	8.33	4.64	5.57	2.35	3.24	4.94	3.53
ENSMUSG00000020186	345.4	353.89	418.11	224.91	83.22	54.58	260.48	292.31	250.28
ENSMUSG00000028076	11.69	11.2	16.13	27.83	14.11	24.29	22.94	14.18	8.95
ENSMUSG00000037035	1.22	0.92	0.79	6.75	5.36	3.19	3.03	2.92	1.79
ENSMUSG00000022864	2.65	2.61	2.5	6.47	5.88	6.79	4.29	2.18	3.44
ENSMUSG00000034422	26.53	16.04	18.75	28.57	37.28	88.74	44.84	21.33	46.89
ENSMUSG00000031165	2.86	2.82	2.04	16.06	10.08	12.23	7.51	7.08	4.76
ENSMUSG00000028532	39.34	32.25	26.53	15.06	28.51	11.9	9.6	14.38	16.53
ENSMUSG00000025746	0.09	0.12	0	2.54	1.13	3.32	22.66	4.48	0.62
ENSMUSG00000004366	22.85	24.21	16.44	55.46	37.08	39.1	29.39	47.61	32.22
ENSMUSG00000055866	11.46	12.25	6.88	7.52	9.96	5.63	2.01	2.91	5.45
ENSMUSG00000009097	1.96	0.58	1	1.89	4.3	2.22	0.58	0.27	1.32
ENSMUSG00000038156	5.57	6.3	6.86	70.17	37.05	30.16	18.79	19.48	11.41
ENSMUSG00000053414	9.77	9.88	5.79	1.5	1.29	0.95	1.39	4.43	2.78
ENSMUSG00000029605	2.63	1.84	1.65	3.71	5.7	6.89	3.69	2.98	3.2
ENSMUSG00000021880	2.54	4.04	4.1	13.63	7.96	14.4	10.46	10.23	6.92
ENSMUSG00000035448	0.03	0	0.05	4.7	0.62	1.44	1.47	2.08	0.51
ENSMUSG00000027863	2.31	3.53	1.77	11.54	6.42	6	6.71	4.79	3.11
ENSMUSG00000080715	7.4	6.46	5.82	1.32	1.48	1.59	1.91	3.18	2.16
ENSMUSG00000110945	2.6	2.55	3.46	1.81	2.04	0.98	0.66	1.11	1.03
ENSMUSG00000025804	3.56	3.19	3.31	31.86	14.52	18.54	18.36	15.06	10.4
ENSMUSG00000050357	1.22	1.11	1.67	5.33	3.23	2.84	2.04	1.62	1.57
ENSMUSG00000008683	658.26	596.02	662.04	550.06	581.38	577.99	757.04	1193.76	540.78
ENSMUSG00000040428	5.25	2.86	4.27	9.74	8.54	6.54	4.04	8.51	5.59
ENSMUSG00000031380	2.31	2.57	4.14	9.61	5.95	8.12	5.57	8.59	2.49
ENSMUSG00000042429	1.35	1.15	0.83	13.93	20.93	13.14	5.75	3.11	4.68
ENSMUSG00000022500	143.93	110.45	102	189.63	265.42	308.19	159.33	98.94	148.71
ENSMUSG00000012428	3.82	3.5	3.95	75.39	73.05	38.47	20.62	29.17	10.41
ENSMUSG00000020638	6.62	4.67	5.49	5.06	7.36	12.02	13.22	9.53	11.52
ENSMUSG00000031779	3.47	1.77	1.81	5.78	9.15	12.02	11.18	5.42	7.47
ENSMUSG00000024907	5.13	5.85	2.24	17.21	10.91	18.59	16.24	19.96	7.34
ENSMUSG00000074577	1.37	3.55	2.65	9	5.8	4.45	2.34	1.65	1.99
ENSMUSG00000049580	19.13	12.74	13.1	8.77	5.45	4.01	8.94	21.7	5.18
ENSMUSG00000036961	4.03	4.73	3.84	0.35	0.92	0.1	0.07	0.13	1.18
ENSMUSG00000004328	4.81	3.01	3.96	3.78	6.32	2.27	3.63	1.1	1.48
ENSMUSG00000053158	7.87	9.31	9.04	29.89	25.91	28.32	16.26	15.08	15.95
ENSMUSG00000046080	1.53	1.72	1.18	1.81	2.76	5.13	4.27	4.27	2.68
ENSMUSG00000040152	39.46	30.81	15.6	123.31	54.69	47.17	72.61	39.02	92.28
ENSMUSG00000031342	7.32	7.8	7.05	37.02	19.3	19.52	14.08	12.61	10.12
ENSMUSG00000121135	0.84	0.73	1.47	3.13	1.53	2.64	1.98	2.37	1.34
ENSMUSG00000073616	170.34	168.09	157.8	195.29	180.42	150.63	248.15	345.25	256.14
ENSMUSG00000029161	23.22	23	17.51	18.8	18.2	11.5	27.57	81.12	27.08
ENSMUSG00000033715	78	89.29	85.27	38.41	47.13	25.25	60.11	43.6	86.61
ENSMUSG00000078853	44.27	10.51	8.23	26.66	44.69	379.46	169.8	78.7	123.92
ENSMUSG00000057074	2.45	1.47	2.48	17.28	9.41	5.92	8.85	26.23	3.81
ENSMUSG00000048445	2.76	2.37	1.96	1.45	1.25	1.54	0.92	2.06	0.44
ENSMUSG00000021732	3.96	3.86	2.25	12.84	8.85	6.15	7.34	4.96	6.9
ENSMUSG00000096768	880.15	584.54	97.2	61.35	111.44	52.69	46.35	325.79	60.38
ENSMUSG00000029177	11.11	9.32	6.01	32.59	6.77	14.39	38.11	29.62	15.12
ENSMUSG00000028238	0.22	0.49	0.66	2.92	0.59	1.16	0.46	0.53	0.82
ENSMUSG00000079563	0.62	0.33	0.52	3.02	1.68	2.16	1.61	1.1	0.62
ENSMUSG00000073985	3.15	2.76	4.22	1.19	2.91	1.41	1.77	1.4	2.49
ENSMUSG00000001281	7.21	5.01	3.21	18.37	12.92	22.45	18.99	17.56	12.67
ENSMUSG00000043008	1.98	2.65	2.66	10.67	6.3	7.23	5	3.94	2.23
ENSMUSG00000026365	18.83	21.68	19.96	114.47	83.22	60.88	33.13	32.69	26.97
ENSMUSG00000033427	6.08	6.75	4.56	0.82	1.68	0.91	1.81	1.37	1.74
ENSMUSG00000006235	0.72	0.59	0.53	3.47	1.43	2.36	0.92	2.09	0.75
ENSMUSG00000087022	10.58	8.98	9.64	4.35	4.27	1.97	3.35	4.54	4.7
ENSMUSG00000030725	13.08	10.17	6.8	5.66	2.81	1.26	3.67	7.2	4.79
ENSMUSG00000030218	152.81	181.19	165.31	957.61	870.92	572.11	525.7	574.18	456.64
ENSMUSG00000129172	0.29	0	0.58	3.05	2.74	1.79	0.72	1.05	1.03
ENSMUSG00000030474	1.51	2.08	1.84	13.67	5.01	4.5	4.18	5.02	2.05
ENSMUSG00000089762	3.85	1.59	2.05	8.96	9.7	3.94	3.45	3.99	3.62
ENSMUSG00000092021	0.44	0	0.19	0.22	0.77	7.19	1.34	0.7	0.76
ENSMUSG00000026833	12.57	14.17	14.88	29.34	32.87	24.83	23.1	22.51	17.54
ENSMUSG00000068220	112.04	156.39	145.95	343.44	140.1	219.4	210.09	338.44	205.27
ENSMUSG00000113800	7.66	7.04	10.04	1.43	0.86	0.21	2.37	2.29	0.74
ENSMUSG00000079710	1.73	2.21	3.8	1.43	1.36	0.95	0.35	0.72	0.6
ENSMUSG00000097157	20.61	27.23	23.56	12.81	13.97	8.6	13.48	8.63	16.87
ENSMUSG00000004266	20.17	20	19.27	53.96	34.98	44.34	27.77	28.04	22.16
ENSMUSG00000025461	0	0.14	0.64	1.44	1.86	1.58	0.67	2.32	0.46
ENSMUSG00000025422	1.77	1.59	1.6	4.71	5.39	3.39	2.67	2.2	2.13
ENSMUSG00000049625	3.7	2.98	3.15	14.18	13.29	23.01	11.54	10.68	8.66
ENSMUSG00000087230	7.84	9.77	3.67	3.1	3.42	2.28	2.72	2.82	5.21
ENSMUSG00000040594	1.02	0.42	0.49	2.85	1.2	1.81	1.71	0.79	0.69
ENSMUSG00000060063	8.99	9.16	12.74	64.97	32.78	53.06	37.3	40.89	22.73
ENSMUSG00000079018	82.78	87.28	76.9	453.31	628.18	974.28	482.4	158.09	410.18
ENSMUSG00000031548	24.63	24.94	21.19	193.29	88.68	66.89	67.96	110.48	47.93
ENSMUSG00000020052	0.6	0.76	0.5	1.55	2.05	1.16	0.56	0.26	1.08
ENSMUSG00000026180	0.03	0.06	0.03	12.98	2.08	4.43	1.86	2.19	0.57
ENSMUSG00000019772	44.7	48.51	37.27	171.73	55.11	78.59	75.06	41.28	70.42
ENSMUSG00000027224	0.65	0.24	0.41	2.91	1.67	3.64	1.86	1.09	0.59
ENSMUSG00000069874	37.88	10.59	9.82	33.72	50.35	213.77	104.11	46.86	82.15
ENSMUSG00000017453	1.2	0.76	0.91	1.01	1.45	1.58	3.37	3.11	1.68
ENSMUSG00000041930	4.64	2.62	2.42	1.42	0.87	0.57	0.75	1.22	1.44
ENSMUSG00000110368	0.36	0.42	0.37	0.9	1.31	1.66	0.69	0.16	0.29
ENSMUSG00000039783	1.36	1.63	1.15	5.74	4.38	6.58	4.71	2.8	3.18
ENSMUSG00000057604	2.77	2.52	3.43	9.37	9.38	5.9	5.04	3.44	3.93
ENSMUSG00000025321	1.22	1.37	2.08	5.2	3.92	1.75	0.97	0.54	1.28
ENSMUSG00000045680	52.25	36.44	60.7	130.61	109.88	71.33	65.58	85.31	68.06
ENSMUSG00000018459	0.32	0.39	0.38	4.29	2.74	1.45	1.28	1.09	0.63
ENSMUSG00000043290	7.62	5.96	10.86	3.58	5.31	1.66	3.39	4.09	4.42
ENSMUSG00000134964	8.73	5.94	11.45	2.41	3.79	3.53	3.3	5.3	2.69
ENSMUSG00000050075	0.72	0.49	0.16	8.15	4.92	8.41	6.23	3.29	2.81
ENSMUSG00000030707	24.65	27.54	18.94	157.25	85.27	125.59	91.45	80.97	49.3
ENSMUSG00000031871	10.11	8.84	9.46	24.35	23.6	15.07	8.29	7.04	10.11
ENSMUSG00000016918	7.87	7.6	6.03	39.33	17.68	15.09	10.94	11.29	8.03
ENSMUSG00000026938	10.83	9.2	6.8	39	32.64	28.38	18.87	22.71	17.02
ENSMUSG00000030873	19.36	12.7	10.8	4.52	7.82	3.16	4.09	4.14	4.81
ENSMUSG00000004612	1.08	1.31	1.02	4.1	2.18	9.8	9.83	9.19	2.04
ENSMUSG00000026890	0.56	0.57	0.18	1.67	1.97	1.3	0.84	0.7	0.84
ENSMUSG00000010830	12.94	14.65	9.8	23.36	13.79	12.16	17.35	38.17	21.5
ENSMUSG00000063730	3.54	2.97	2.97	2.4	1.76	0.75	3.3	10.58	2.89
ENSMUSG00000094686	95.49	130.94	142.19	460.98	414.55	312.66	201.9	115.76	292.35
ENSMUSG00000024608	1298.77	1608.22	1780.74	1385.41	1037.78	1033.03	1982.46	3368.44	1491.02
ENSMUSG00000018126	79.39	65.5	51.18	20.09	6.77	3.1	22.12	49.75	21.86
ENSMUSG00000113977	11.13	6.58	6.13	12.03	16.08	14.6	15.24	18.29	11.82
ENSMUSG00000001870	16.24	15.34	16.67	36.73	32.58	23.21	18.78	24.66	16.82
ENSMUSG00000035778	7.65	7.68	7.06	25.84	24.27	21.17	13.37	10.36	14.82
ENSMUSG00000022508	5.61	8.57	6.36	15.03	24.51	17.55	8.94	6.61	9.93
ENSMUSG00000039323	27.65	44.65	20.99	6.08	5.66	3.61	8.09	31.09	15.44
ENSMUSG00000074151	7.71	5.85	2.26	19.55	20.3	61.72	28.28	18.26	26.16
ENSMUSG00000053199	1.29	1.57	2.43	1.18	1.11	0.83	2.24	5.95	1.19
ENSMUSG00000059325	51.64	51.99	55.17	28.72	8.49	10.5	24.39	41.94	12.12
ENSMUSG00000120140	3.49	2.5	3.65	13.6	14.32	11.66	9.13	17.05	7.9
ENSMUSG00000013483	22.01	14.7	14.49	17.28	42.5	27.54	9.98	4.96	14.42
ENSMUSG00000035934	3.47	2.6	1.94	6.88	4.66	3.46	2.56	3.64	3.37
ENSMUSG00000037953	4.6	3.48	2.97	0.78	0.11	0.16	2.55	25.4	0.05
ENSMUSG00000127564	1.93	2.86	1.27	53.16	14.42	23.75	17.7	25.26	6.95
ENSMUSG00000026090	50.13	40.81	34.68	11.47	25.34	11.19	12.7	14.97	22.67
ENSMUSG00000022148	11.56	9.34	8.04	70.87	46.77	43.58	32.11	27.31	19.48
ENSMUSG00000020010	0.32	0.1	0.05	0.97	1.04	1.66	1.52	0.64	0.6
ENSMUSG00000035829	3.56	2.59	2.66	0.99	1.6	1.27	0.93	1.04	1.39
ENSMUSG00000137132	3.32	2.94	2.61	0.47	0.28	0.26	0.55	2.03	1.68
ENSMUSG00000030443	1.38	0.5	0.17	1.59	1.98	0.67	1.73	0.56	0.73
ENSMUSG00000127259	42.45	29.77	68.67	73.94	50.26	70.1	112.18	53.55	83.83
ENSMUSG00000006345	1.33	0.71	1.5	16.65	9.7	17.64	13.63	10.79	0.83
ENSMUSG00000052160	12.1	7.94	16.39	52.45	40.53	56.55	34.06	40.22	29.43
ENSMUSG00000018451	5.71	5.49	4.79	8.92	12.27	12.89	5.72	6.75	7.64
ENSMUSG00000040471	39.14	31.14	35.34	18.98	18.77	6.89	17.3	23.84	26.36
ENSMUSG00000001029	5.59	3.31	2.59	8.01	13.26	9.96	5.67	5.8	5.71
ENSMUSG00000027009	4.99	6.81	4.83	13.49	10.48	18.2	8.64	5.26	8.38
ENSMUSG00000004267	10.27	6.28	5.82	20.93	19.03	12.55	10.54	7.05	10.46
ENSMUSG00000027399	0.29	0.28	0.14	6.42	0.94	3	5.62	1.2	1.2
ENSMUSG00000004371	0.88	0.33	0.09	12.19	6.3	4.58	22.59	6.82	0.47
ENSMUSG00000040570	8.8	12.02	8.13	3.51	4.31	1.88	2.75	4.02	9.81
ENSMUSG00000097571	8.49	9.27	11.24	5.66	4.99	4.24	4.56	5.34	3.04
ENSMUSG00000018168	2.36	3.6	2.54	11.69	6.31	5.44	4.72	2.08	3.72
ENSMUSG00000021190	60.59	61.65	59.96	305.09	243.4	209.45	172.17	231.33	126.43
ENSMUSG00000022057	116.18	123.62	149.15	140.76	124.82	98.06	197.13	759.03	137.11
ENSMUSG00000041132	9.35	4.84	7.55	13.75	13.08	17.25	13.48	9.11	7.22
ENSMUSG00000096727	31.47	20.62	14.87	48.8	45.1	139.29	125.33	88.08	98.69
ENSMUSG00000067149	324.07	269.7	218.62	486.01	304.29	603.06	581.32	630.03	684.98
ENSMUSG00000035493	70.01	60.24	55.79	201.81	156.22	132.03	117.58	133.15	95
ENSMUSG00000027456	107.27	93.59	79.78	118.3	173.89	144.99	125.81	154.91	196.58
ENSMUSG00000078886	4.83	9.37	11.39	13.05	9.81	6.12	2.21	3.94	4.96
ENSMUSG00000033576	9.33	8.43	3.52	15.06	21.25	144.22	55.92	45.32	38.32
ENSMUSG00000025270	2.35	1.45	2.04	4.28	7.55	3.35	0.44	1.79	0.35
ENSMUSG00000044350	8.5	9.41	6.3	20.71	12.69	15.17	15.16	14.08	12.23
ENSMUSG00000066319	1.28	0.68	0.35	1.16	2.07	1.25	0.94	0.98	1.52
ENSMUSG00000030921	7.23	5.52	5.58	20.47	24.65	49.7	21.34	10.83	24.47
ENSMUSG00000033032	14.73	10.7	10.78	6.75	6.89	3.31	5.13	7.12	6.14
ENSMUSG00000021624	1.89	1.48	2.47	6.64	3.55	7.03	5.12	2.57	4.4
ENSMUSG00000003617	8.29	7.33	11.58	82.39	44.12	43.06	33.6	30.21	12.86
ENSMUSG00000056666	48.31	36.23	39.56	28.51	26.5	14.02	24.29	30.12	28.03
ENSMUSG00000051906	1.19	1.96	2.51	9.86	5.26	1.89	3.14	6.02	1.71
ENSMUSG00000033220	3.95	4.25	4.12	46.49	16.35	38.49	16.9	16.81	7.79
ENSMUSG00000121505	2.23	4.8	2.98	8.81	12.79	6.3	7.82	3.26	5.53
ENSMUSG00000030929	5.56	7.31	5.86	5.13	4.03	3.15	3.22	4.02	3.87
ENSMUSG00000029075	2.57	0.94	2.38	4.35	4.99	6.68	6.41	3.04	2.12
ENSMUSG00000137200	5.2	15.56	15.38	3.33	2.71	1.15	3.2	5.2	2.96
ENSMUSG00000031538	10.62	10.29	8.65	50.83	40.65	28.68	19.02	17.08	12.11
ENSMUSG00000035109	0.75	0.69	0.74	2.39	2.17	1.15	0.81	0.99	1.09
ENSMUSG00000032357	19.86	20.69	28.58	6.19	10.09	2.26	7	10.41	11.16
ENSMUSG00000029499	3.75	5.28	4.04	2.78	3.22	1.14	4.71	6.9	3.33
ENSMUSG00000030834	4.48	2	4.85	1.02	1.72	0.38	0.78	2.69	0.87
ENSMUSG00000024778	12.19	9.06	11.63	28.14	25.59	33.27	22.49	20.67	20.01
ENSMUSG00000044162	19.57	15.6	13.77	71.22	128.9	98.66	67.24	15.8	74.95
ENSMUSG00000028965	0.53	0.18	0.4	6.81	5.22	4.95	5.13	2.8	1.45
ENSMUSG00000063882	645.59	719.73	696.56	507.21	517.72	437.39	744.12	1243.97	807.85
ENSMUSG00000002603	22.65	19.12	15.84	52.95	43.22	37.53	33.07	33.88	28.02
ENSMUSG00000040950	12.84	8.48	3.92	7.6	17.67	19.64	18.67	12.57	14.45
ENSMUSG00000086657	0.69	3.5	2.92	0.91	1.07	1.24	1.16	2.13	1.05
ENSMUSG00000026043	448.47	437.75	461.7	2411.62	651.13	780.55	675.35	1138.33	421.88
ENSMUSG00000043259	5.12	5.76	5.62	7.24	12.35	8.33	3.87	2.28	3.98
ENSMUSG00000034362	1.28	1.85	1.8	3.63	5.49	7.62	2.11	0.42	2.76
ENSMUSG00000140893	2.29	1.96	2.41	2.91	11.8	8.64	3.43	2.65	2.83
ENSMUSG00000029445	29.06	23.11	31.87	7.66	21.95	12.72	20.97	40.84	19.64
ENSMUSG00000104046	2.01	2.58	1.97	2.5	6.14	6.16	2.87	1.58	2.41
ENSMUSG00000045573	20.97	19.63	15.03	76.88	46.18	54.81	32.14	38.14	22.96
ENSMUSG00000038059	4.36	4.05	3.51	28.96	11.37	12.46	16.06	16.32	7.38
ENSMUSG00000086189	1.65	1.49	2.55	0.48	0.58	0.48	0.32	0.28	0.57
ENSMUSG00000020889	72.49	94.45	122.49	47.76	102.33	49.37	26.28	18.94	42.08
ENSMUSG00000103711	242.94	295.99	322.64	159.48	136.16	75.57	193.65	316.15	242.71
ENSMUSG00000069917	184.78	154.54	229.56	399.26	624.88	348.42	37.13	212.33	100.37
ENSMUSG00000072109	1.97	1.85	0.87	5.91	3.06	2.99	3.43	2.45	3.58
ENSMUSG00000074892	178.7	134.36	116.6	199.31	382.24	263.23	173.27	107.53	250.53
ENSMUSG00000040189	4.13	5.18	5.05	1.77	2.27	1.14	1.87	2.5	3.3
ENSMUSG00000030247	12.58	13.39	12.98	77.81	38.57	22.04	20.38	21.44	17.79
ENSMUSG00000058099	1.83	1.93	1.46	12.38	9.96	11.53	6.34	5.84	4.72
ENSMUSG00000051498	0.85	1.23	1.25	5.62	3.29	6.47	2.51	1.89	4.43
ENSMUSG00000029380	1.05	1.33	1.16	20.84	24.28	19.31	38.5	10.42	5.5
ENSMUSG00000069830	0.07	0.07	0.07	0.48	0.56	0.66	0.24	0.3	0.44
ENSMUSG00000042851	3.89	2.73	6.53	2.32	3.64	2.55	1.61	1.86	1.99
ENSMUSG00000064147	0.36	0.15	0.29	7.99	1.67	7.81	4.38	3.71	2.88
ENSMUSG00000074653	39.52	29.2	38.68	6.72	11.69	6.82	10.22	5.2	15.01
ENSMUSG00000104344	1.71	2.29	1.8	1.28	1.83	1.05	0.56	0.45	0.86
ENSMUSG00000034936	13.58	19.13	13.57	10.55	31.25	23.8	6.43	8.82	10.26
ENSMUSG00000062515	59.35	56.01	88.95	194.83	135.93	160.87	112.18	209.71	158.77
ENSMUSG00000037185	1.19	1.18	1.46	5.46	3.2	5.3	2.07	4.85	2.89
ENSMUSG00000032020	1.19	1.09	1.32	4.67	3.45	4.32	3.09	1.84	2.13
ENSMUSG00000027239	2.97	2.93	5.43	17.67	9.89	8.06	7.52	26.02	5.48
ENSMUSG00000055114	9.14	8.72	11.72	2.09	5.73	3.91	4	11.22	4.85
ENSMUSG00000120514	2.34	3.34	2.46	2.07	1.25	0.46	1.41	1.91	1.71
ENSMUSG00000075122	0.76	0.71	0.61	4.28	2.5	2.85	3.26	1.22	1.92
ENSMUSG00000054892	0	0.44	0.2	1.64	1.05	2.31	0.8	1.54	0.66
ENSMUSG00000038843	41.34	48.4	51.05	20.44	21.75	20.42	16.18	10.05	27.1
ENSMUSG00000041261	1.9	1.65	1.89	3.13	3.55	4.03	4.37	50.38	2.64
ENSMUSG00000009378	3.61	6.25	4.7	3.83	1.44	1.23	1.9	1.24	2.5
ENSMUSG00000120788	0.34	0.68	0.61	20.77	15.4	17.69	11.26	7.37	8.67
ENSMUSG00000031517	1.12	1.28	1.97	3.67	2.84	3.71	2.95	2.55	2.83
ENSMUSG00000076547	25.19	24.82	33.85	54.86	35.46	436.41	69.34	22.62	62.43
ENSMUSG00000111840	2.58	3.25	2.98	0.96	1.14	1.53	0.82	0.22	1.66
ENSMUSG00000000486	6.39	9.41	9.18	31.82	15.76	15.62	16.17	18.23	8.72
ENSMUSG00000066684	1.52	1.07	0.65	11.83	3.11	3.64	2.55	3.71	1.41
ENSMUSG00000055435	10.79	11.43	9.65	27.7	30.73	23.58	11.24	15.75	13.96
ENSMUSG00000021756	45.58	51.59	47.2	133.95	102.71	85.12	51.38	56.35	61.1
ENSMUSG00000017491	1.72	1.23	1.49	1.84	2.11	1.7	0.66	0.67	1.15
ENSMUSG00000026322	13.65	10.06	11.04	1.76	0.85	0.25	2.26	1.84	4.85
ENSMUSG00000036814	7.78	6.46	9.17	2.84	3.03	1.01	3.19	1.87	1.93
ENSMUSG00000033508	0.52	0.69	1.16	9.14	1.67	1.44	1.62	2.1	0.72
ENSMUSG00000029771	7.07	6.13	4.42	20.18	17.89	26.86	19.74	16.37	12.6
ENSMUSG00000047844	10.53	9.13	4.84	1.95	0.94	2.24	2.26	2.35	2.8
ENSMUSG00000095609	1.35	0.37	0.53	6.31	4.29	6.97	3.13	4.1	3.28
ENSMUSG00000028179	36.85	29.76	31.76	17.13	18.42	11.88	32.72	42.71	26.97
ENSMUSG00000030336	2.29	1.65	2.32	4.01	2.08	2.85	2.62	2	2.38
ENSMUSG00000045664	2.07	1.22	1.85	4.02	2.61	3.56	2.98	6.88	3.05
ENSMUSG00000135723	2.27	4.65	5.05	1.98	2.47	0.71	1.91	3.93	1.86
ENSMUSG00000079560	15.48	10.55	8.51	4.89	8.24	4.7	3.97	5.16	4.84
ENSMUSG00000121655	134.74	168.02	147.04	183.66	175.89	224.01	326.74	399.56	304.6
ENSMUSG00000025207	315.14	261.95	320.16	128.34	217.05	77.07	106.92	83.04	174.83
ENSMUSG00000021687	84.35	69.82	82.63	44.59	44.03	32.22	47.6	41.25	59.4
ENSMUSG00000095028	0.13	0.14	0	6.46	2.11	4.19	1.74	1.84	2.22
ENSMUSG00000028976	2.38	1.25	2.28	1.45	0.75	0.33	0.6	1.15	0.36
ENSMUSG00000026222	28.15	23.82	28.8	54.65	60.34	84.14	52.68	37.01	46.31
ENSMUSG00000022220	8.86	2.99	2.27	7.35	8.27	17.67	2.94	2.82	4.41
ENSMUSG00000060675	23.22	19.04	20.82	27.65	24.01	60.04	55.52	41.5	47.91
ENSMUSG00000113769	6.57	5.88	5.71	3.88	3.31	3.1	3.11	6.66	5.07
ENSMUSG00000120198	0.41	1.12	0.94	7.16	2.9	2.34	2.82	1.22	1.38
ENSMUSG00000026494	0.19	0.2	0.17	0.53	0.22	0.22	0.28	1.02	0.32
ENSMUSG00000048332	25.94	33.52	34.56	95.3	54.86	47.03	42.68	59.26	34
ENSMUSG00000025408	25.56	23.7	32.07	33.58	25.35	23.89	27.57	29.63	151.35
ENSMUSG00000022015	0.46	0.41	0.64	5.91	2.04	2.03	1.33	0.79	0.74
ENSMUSG00000115368	0.26	0.76	0.74	5.01	2.71	3.02	4.98	2.11	3.11
ENSMUSG00000059089	1.59	1.3	1.27	47.16	32.26	70.57	44.11	41.7	15.17
ENSMUSG00000039699	29.66	17.94	17.94	24.41	38.6	74.07	64.88	25.27	66.28
ENSMUSG00000046711	169.8	136.68	115	90.02	61.82	39.69	74.65	99.58	78.95
ENSMUSG00000034947	22.41	19.68	17.54	41.05	50.39	45.34	26.92	26.62	36.48
ENSMUSG00000120992	30.94	34.93	18.74	92.14	24.4	46.64	76.63	64.64	35.58
ENSMUSG00000033857	20.29	19.15	22.43	9.67	7.43	5.41	9.18	20.98	8.52
ENSMUSG00000017311	571.73	474.51	464.08	824.72	1144.1	1029.39	727.81	242.38	715.3
ENSMUSG00000023122	26.87	21.53	36.1	11.47	8.97	4.1	10.57	11.62	19.65
ENSMUSG00000035385	6.19	4.38	1.28	59.54	18.54	59.43	84.98	33.52	22.34
ENSMUSG00000024397	8.55	6.93	11.57	58.34	38.35	70.84	58.25	56.83	30.75
ENSMUSG00000027339	11.76	13.06	12.47	33.52	29.26	25.3	17.33	12.78	15.19
ENSMUSG00000067889	13.09	9.37	14.34	1.68	4.56	4.29	2.69	1.23	4.55
ENSMUSG00000094198	80.11	44.04	29.69	60.12	30.35	46.64	58.3	111.95	147.33
ENSMUSG00000105160	0.71	1.08	0.6	3.42	1.11	2.07	1.26	0.75	1.58
ENSMUSG00000016206	7.91	8.56	9.44	21.55	18.04	26.42	18.78	18.55	17.11
ENSMUSG00000117310	93.44	88.82	74.01	154.77	196.98	183.27	120.09	137.37	146.15
ENSMUSG00000070720	19.17	9.7	13.77	17.44	34.99	17.46	7.62	10.92	8.83
ENSMUSG00000061808	43.64	43.99	51.29	4.45	5.14	3.74	7.8	3.92	8.84
ENSMUSG00000138891	0.79	1.43	0.61	1.39	2.47	2	0.41	0.62	0.26
ENSMUSG00000022032	9.59	15.12	13.13	51.88	28.15	17.72	12.09	16.67	8.12
ENSMUSG00000038717	384.22	456.65	396.39	379.83	351.43	375.34	599.72	831.63	566.85
ENSMUSG00000035352	4.4	4.16	2.52	14.67	12.16	22.77	24.32	20.65	20.4
ENSMUSG00000135122	20.72	19.02	15.91	55.35	52.23	49.46	36.62	21.52	35.99
ENSMUSG00000085133	6.05	7.36	7.5	2.55	2.71	2.41	2.13	2.76	3.93
ENSMUSG00000109715	0.82	1.6	0.8	2	2.96	1.65	0.57	1.49	0.73
ENSMUSG00000008845	7.51	10.06	8.93	50.6	49.76	24.06	17.73	18.85	13.29
ENSMUSG00000032487	7.92	2.85	2.67	7.87	9.37	6.8	26.98	8.35	7.66
ENSMUSG00000036908	50.43	37.54	32.88	104.21	96.56	110.13	81.1	84.28	72.44
ENSMUSG00000110573	251.11	222.47	367.01	59.92	113.96	55.82	102.6	239.37	136.29
ENSMUSG00000029322	1110.92	1133.24	1040.79	2053.44	3470.51	4133.31	2472.25	1444.04	2900.78
ENSMUSG00000029361	5.27	4.09	2.68	8.95	8.68	7.36	3.95	3.28	4.57
ENSMUSG00000086474	4.32	4.31	7.19	18.74	54.97	40.58	23.08	6.21	11.76
ENSMUSG00000042499	26.47	20.74	24.47	8.25	15.15	7.68	1.75	3.22	6.17
ENSMUSG00000003863	15.72	12.35	10.24	4.22	4.73	2.46	7.53	30.48	13.17
ENSMUSG00000075033	0.33	0.36	0.68	1.96	1.01	1.35	1	0.89	0.57
ENSMUSG00000029377	7.63	4.59	1.63	51.56	24.19	25.65	64.28	21.59	32.48
ENSMUSG00000069609	0	0.84	0	9.17	3.47	1.31	2.38	5.1	3.73
ENSMUSG00000057280	2.59	2.34	2.74	6.02	6.8	3.69	1.99	1.18	2.5
ENSMUSG00000079339	122.68	101.76	137.73	148.93	298.86	491.05	281.63	86.66	276.45
ENSMUSG00000037944	1.83	1.97	0.73	9.24	14.74	12.76	15.2	3.35	6.5
ENSMUSG00000040978	1.16	1.2	1.11	0.28	0.58	0.41	0.58	0.37	0.9
ENSMUSG00000052305	143.46	141.31	200.58	364.86	570.25	366.37	48.3	291.97	110.43
ENSMUSG00000039634	0.95	1.16	0.96	2.71	2.35	1.96	1.48	1.33	1.94
ENSMUSG00000073492	0.29	0.45	0.27	1.55	1.51	1.14	0.48	0.68	0.46
ENSMUSG00000079547	15.97	16.03	13.33	47.87	42.44	70.27	90.02	73.7	54.85
ENSMUSG00000029314	3.36	1.75	3.28	6.68	5.52	8.16	5.21	10.44	7.12
ENSMUSG00000129327	3.63	9.09	1.51	154	46.24	58.74	39.51	53.62	18.99
ENSMUSG00000038543	5.65	4.78	5.99	15.32	21.1	17.01	14.08	17.79	12.17
ENSMUSG00000097283	1.09	0.89	0.68	0.7	1.08	0.55	0.32	0.32	0.34
ENSMUSG00000022769	25.25	24.42	21.21	56.1	50.01	46.58	45.55	46.98	87.66
ENSMUSG00000072999	124.74	165.03	119.18	41.27	77.5	10.86	36.28	16.83	87.16
ENSMUSG00000031444	0	0.21	0.52	8.52	3.55	9.44	3.02	1.58	2.34
ENSMUSG00000030787	20.2	24.09	22.91	52.86	58.51	36.13	20.39	12.07	32.62
ENSMUSG00000056737	51.9	47	44.84	185.47	94.47	111.06	97.1	77.27	98.42
ENSMUSG00000043460	1.87	2.25	1.58	0.55	1.46	0.67	0.41	0.62	0.79
ENSMUSG00000020072	18.87	18.96	24.51	3.5	6.3	4.67	7.55	11.42	7.86
ENSMUSG00000038264	6.74	6.03	6.7	20.97	14.24	17.89	11.59	10.61	7.38
ENSMUSG00000015766	86.13	80.45	60.02	98.85	184.84	181.49	91.59	43.14	98.03
ENSMUSG00000032093	1.18	1.96	1.51	8.2	5.06	6.74	5.98	6.98	1.7
ENSMUSG00000043366	7.34	11.7	9.91	5.29	4.99	3.22	2.77	3.03	4.76
ENSMUSG00000020581	1341.38	1517.46	972.39	694.35	1073.9	824.17	1463.36	2105.72	2059.37
ENSMUSG00000027952	22.98	23.13	25.9	40.53	30.71	31.11	40.3	37.64	44.68
ENSMUSG00000132887	6.17	5.11	5.26	4.27	1.55	1.54	2.42	3.84	2.74
ENSMUSG00000026380	116.83	104.75	79.15	51.47	56.7	40.73	42.11	36.56	103.74
ENSMUSG00000031502	140.45	114.94	83.46	342.48	281.01	158.91	125.65	166.77	110.15
ENSMUSG00000034324	3.14	2.76	3.28	0.31	1.15	0.93	0.39	0.35	0.72
ENSMUSG00000066361	0.68	0.45	0.57	4.1	6.73	6.16	1.7	1.93	1.7
ENSMUSG00000015879	1.37	2.31	1.49	0.36	0.59	0.21	0.14	0.12	0.45
ENSMUSG00000021217	3.44	4.01	3.65	7.62	7.86	6.02	3.56	5.35	4.71
ENSMUSG00000028864	6.22	4.94	6.48	47.28	27.76	19.07	16.78	9.12	17.41
ENSMUSG00000034457	1.69	2.13	1.07	1.16	0.98	0.97	0.81	0.96	0.46
ENSMUSG00000013846	6.68	6.91	3.99	35.21	22.21	15.25	12.05	13.68	9.65
ENSMUSG00000141894	3.68	1.78	12.67	7.97	9.77	12.93	41.18	19.1	33.16
ENSMUSG00000010311	8.22	17.51	11.04	1.05	4.17	4.64	3.86	3.83	12.33
ENSMUSG00000044461	47.91	39.36	63.74	5.8	18.38	6.03	9.52	19.31	17.13
ENSMUSG00000001750	40.51	40.57	30.62	72.85	77.2	81.85	47.62	53.31	49.14
ENSMUSG00000046808	1.86	1.67	2.13	4.64	3.73	5.2	1.77	2.27	2.09
ENSMUSG00000123750	18.95	18.54	16.7	72.63	46.83	61.65	52.39	41.07	35.37
ENSMUSG00000031613	136.55	156.77	159.46	52.1	71.5	62.16	78.93	132.73	122.29
ENSMUSG00000044294	2.08	1.57	1.19	15.69	4.36	1.46	4.82	0.43	5.66
ENSMUSG00000058921	16.98	15.21	16.66	6.9	9.34	2.91	5.96	7.79	8.51
ENSMUSG00000026866	0.47	0.62	0.7	2.87	0.56	2.29	2.84	1.06	1.21
ENSMUSG00000028019	3.19	4.98	4.01	9.62	9.04	9.39	6.32	7.85	4.5
ENSMUSG00000025492	144.63	168.86	149.62	835.62	483.44	899.08	604.29	598.89	440.53
ENSMUSG00000063458	1.84	1.81	1.34	3.9	2.33	4.31	4.6	4.32	1.57
ENSMUSG00000021298	2.16	1.41	1.28	9.82	6.85	10.02	8.11	4.78	3.17
ENSMUSG00000030935	196.3	228.32	167.53	117.55	33.16	13.49	68.95	47.9	121.85
ENSMUSG00000104063	0.97	0.89	0.86	2.02	1.68	2.06	1.07	1.1	1.09
ENSMUSG00000053063	1.06	0.96	1.71	7.35	3.47	8.4	5.28	5.35	2.88
ENSMUSG00000018924	1.07	2.58	1.83	12.4	1.21	14.14	3.25	6.06	1.14
ENSMUSG00000048040	0.62	2.09	1.22	6.34	2.57	2.46	3.05	4.71	1.82
ENSMUSG00000060572	5.04	5.93	5.34	22.94	13.1	9.94	13.66	31.11	5.57
ENSMUSG00000030428	5.58	4.62	3.09	13.65	11.49	15.32	11.77	9.26	7.44
ENSMUSG00000021662	22.94	17.6	20.08	8.84	9.54	4.51	6.23	9.96	10.04
ENSMUSG00000027737	0.82	1.05	0.74	4.39	1.55	1.57	1.93	0.92	2.08
ENSMUSG00000058396	1.45	1.7	1.3	3.24	3.77	3.14	1.29	0.94	1.6
ENSMUSG00000020623	14.89	11.03	15.28	9.73	6.85	2.53	7.06	11.04	8.58
ENSMUSG00000022123	7.55	7.22	9.86	2.66	2.31	2.07	2.01	0.79	2.45
ENSMUSG00000016763	8.88	9.14	9.55	41.13	29.46	15.36	16.05	22.95	10.34
ENSMUSG00000022876	1.47	2.03	1.11	15.07	10.93	10.2	10.52	4.19	5.01
ENSMUSG00000049130	5.48	9.84	2.91	31.28	16.38	14.81	11.69	15.08	13.18
ENSMUSG00000045094	7.69	8.75	8.88	5.29	12.96	11.89	4.42	3.82	6.57
ENSMUSG00000026548	2.14	1.69	3.67	4.34	4.34	4.28	7.51	5.55	3.98
ENSMUSG00000067768	1.01	1.74	3.07	5.17	2.94	3.49	3.1	2.67	1.23
ENSMUSG00000052087	2.48	2.46	2.22	6.53	3.36	3.49	2.31	3.81	2.02
ENSMUSG00000047786	3.27	4.68	4.82	2.92	1.55	2.64	1.55	1.2	2.31
ENSMUSG00000042684	2.14	1.75	1.78	16.81	10.32	9.69	7.05	7.86	6.08
ENSMUSG00000033355	14.14	9.01	10.37	24.03	29.21	75.71	59.91	34.04	45.59
ENSMUSG00000061576	1.27	1.75	0.99	2.94	2.43	2.39	1.36	2.01	1.46
ENSMUSG00000039519	1.09	1.65	1.86	15.48	4.55	5.05	4.61	7.76	2.23
ENSMUSG00000030724	4.99	10.89	4.38	22.5	8.3	5.95	7.59	1.36	5.5
ENSMUSG00000017830	7.65	4.11	6.72	10.46	13.58	21.44	15.76	9.16	17.34
ENSMUSG00000035226	5.9	6.11	5.38	1.02	0.57	0.46	1.51	0.38	2.57
ENSMUSG00000109564	0.11	0	0.11	0.68	0.27	0.93	0.81	0.45	0.52
ENSMUSG00000033777	1.56	1.52	1.35	12.23	6.44	9.44	4.37	5.11	4.14
ENSMUSG00000069920	8.47	5.7	6.02	15.46	11.39	13.74	6.85	8.39	7.25
ENSMUSG00000033644	0.18	0.12	0.08	0.59	0.33	0.48	0.5	0.55	0.07
ENSMUSG00000076752	0.64	0.12	0	2.29	2.75	1.48	2.24	3.93	1.33
ENSMUSG00000047945	57.67	44.89	47.79	141.88	150.66	138.08	59.88	58.31	46.22
ENSMUSG00000029798	8.89	5.13	3.53	7.89	10.11	31.78	15.44	6.51	14.04
ENSMUSG00000038530	6.99	9.92	7.76	20.4	16.59	15.19	7.51	9.1	10
ENSMUSG00000061911	0.41	0.29	0.39	0.59	0.53	0.59	0.59	0.23	0.22
ENSMUSG00000050982	3.96	0.7	0.65	5.02	23.83	92.37	133.9	231.71	117.67
ENSMUSG00000034353	28.51	21.45	24.55	9.07	14.68	9.74	15.55	37.66	16.56
ENSMUSG00000090164	0.7	0.43	0.72	2.1	1.8	5.71	1.88	2.36	2.48
ENSMUSG00000041445	8.5	7.94	7.07	15.9	16.83	12.53	5.27	5.68	7.36
ENSMUSG00000015533	9.65	6.12	3.82	8.32	4.21	2.91	7.14	16.19	5.19
ENSMUSG00000086549	22.59	20.92	15.41	8.79	9.13	5.65	7.98	10.33	16.94
ENSMUSG00000010601	8.33	5.23	4.06	8.5	12.32	21.22	11.94	15.62	16.76
ENSMUSG00000079419	8.97	8.58	5.89	61.23	52.6	83.6	44.02	37.2	31.4
ENSMUSG00000027225	15	7.22	8.1	135.44	159.95	174.06	101.33	60.17	54.97
ENSMUSG00000020399	1.64	1.76	1.35	5.96	4.33	4.69	3.74	2.83	3.07
ENSMUSG00000068606	0.26	0.06	0.12	0.73	0.42	6.93	5.82	3.42	2.47
ENSMUSG00000055421	0.94	1.28	0.63	3.11	1.62	1.54	0.76	0.77	1.27
ENSMUSG00000074355	1.31	1.44	1.67	1.01	0.79	0.21	0.51	0.79	0.86
ENSMUSG00000109243	0.32	0.27	0.19	0.98	1.04	0.97	0.57	0.38	0.74
ENSMUSG00000027797	4.92	5.26	5.44	15.02	8.89	9.92	5.06	8.98	5.27
ENSMUSG00000024053	9.35	4.63	6.02	23.56	11.58	15.61	6.91	5.13	6.14
ENSMUSG00000020654	3.26	3.11	2.65	7.95	8.25	4.68	3.67	5.22	2.88
ENSMUSG00000018899	140.62	82.68	69.85	110.35	156.31	371.94	263.71	142.38	241.14
ENSMUSG00000019278	34.69	31.03	20.01	34.83	35.49	23.31	51.54	184.07	39.08
ENSMUSG00000069516	154.56	181.27	208.54	1046.09	804.19	1165.94	815.07	704.76	589.89
ENSMUSG00000074607	2.47	1.8	1.06	2.81	5	3.76	2.06	0.82	2.38
ENSMUSG00000029816	5.01	4.59	4.83	37.34	22.19	22.62	11.99	8.89	12.09
ENSMUSG00000037921	6.21	3.76	4	5.91	7.05	14.88	16.11	6.94	14.07
ENSMUSG00000028957	15.92	15.94	19.78	5.95	12.55	4.41	2.67	4.04	4.22
ENSMUSG00000021340	6.51	5.03	7.03	1.65	1.32	0.96	1.82	3.08	1.46
ENSMUSG00000027400	0.62	0.42	0.15	2.99	0.46	0.87	1.2	1.81	0.87
ENSMUSG00000039316	7.85	6.53	5.85	19.75	14.28	13.86	8.96	10.88	9.59
ENSMUSG00000081884	4.24	3.83	5.27	1.18	0.5	0.45	0.58	3.47	2.06
ENSMUSG00000028133	5.7	4.75	7.96	3.75	1.54	1.71	2.02	4.13	1.97
ENSMUSG00000061780	55.41	33.05	32.34	64.85	90.63	305.58	56.48	92.99	108.9
ENSMUSG00000040829	3.1	2.23	2.21	9.49	10.02	7.02	7.32	6.29	4.08
ENSMUSG00000024529	5.75	6.25	5.23	50.02	13.43	26.68	15.26	33.32	5.74
ENSMUSG00000100680	6.1	5.95	7.4	3.67	1.1	2.21	2.59	3.99	2.58
ENSMUSG00000022629	35.04	31.7	24.75	16.24	17.22	12.82	13.44	11.08	24.98
ENSMUSG00000001095	44.84	27.25	28.4	80.65	184.42	77.18	69.72	77.62	58.06
ENSMUSG00000076937	20.37	29.89	23.97	48.99	24.11	31.41	58.17	50.42	34.91
ENSMUSG00000025026	82.77	92.15	110.33	57.11	37.76	33.96	33.22	39.58	44.52
ENSMUSG00000047205	6.93	6.26	4.26	3.22	2.63	1.83	2.85	3.25	4.46
ENSMUSG00000121353	1.07	1.59	0.63	38.78	12.91	13.22	12.55	9.69	1.92
ENSMUSG00000021123	0.67	0.95	0.35	5.07	1.74	1.21	1.06	1.65	0.66
ENSMUSG00000035692	14.74	11.41	7.83	45.87	46.78	172.21	156.96	94.76	116.78
ENSMUSG00000029851	14.2	12.79	19.62	10.77	4.8	3.54	5.33	6.04	6.04
ENSMUSG00000060509	0.58	0.27	0.45	0.56	0.93	1.49	1.56	1.26	0.82
ENSMUSG00000009628	1.51	2.52	2.16	0.67	2.18	0.89	0.3	0.08	0.63
ENSMUSG00000076501	10.56	16.02	17.38	41.42	30.8	71.05	9.03	8.35	45.03
ENSMUSG00000026875	5.91	8.36	6.29	16.81	17.93	14.4	14.01	12.2	7.77
ENSMUSG00000026211	5.78	4.28	3.68	12.01	11.58	8.65	5.15	6.8	4.6
ENSMUSG00000001739	17.44	18.14	11.06	14.51	6.14	2.74	25.35	108.78	6.14
ENSMUSG00000120903	2.6	3.9	4.72	1.68	1.85	0.5	1.64	1.3	2.12
ENSMUSG00000056648	1	0.9	0.76	1.34	1.28	0.88	0.87	13.24	0.64
ENSMUSG00000037025	48.13	28.06	29.2	11.73	16.73	5.89	14.48	8.57	17.01
ENSMUSG00000047562	2.1	0.72	1.24	91.23	11.45	10.05	49.95	30.91	3.91
ENSMUSG00000024087	0.15	0.2	0.03	0.86	0.17	1.06	0.4	2.54	0.11
ENSMUSG00000058163	2.59	0.52	0.99	4.16	12.78	29.49	15.74	7.08	11.83
ENSMUSG00000064246	0.35	0.26	0.33	58.12	20.77	12.28	6.56	4.31	3.94
ENSMUSG00000091845	51.26	47.94	48.66	37.98	26.64	36.8	64.91	94.07	43.5
ENSMUSG00000087088	6.19	3.75	6.11	5.4	2.14	2.51	2.17	2.96	2.7
ENSMUSG00000056501	35.08	16.92	9.89	60.63	106.04	94.62	39.12	31.42	35.71
ENSMUSG00000025902	2.73	3.58	3.01	7.62	15.3	6.61	2.26	2.96	2.81
ENSMUSG00000005124	1.42	1.89	1.55	5.52	2.5	3.04	2.21	2.09	2.19
ENSMUSG00000091756	1.94	2.1	1.94	1.1	1.34	1.21	0.57	0.62	0.89
ENSMUSG00000084796	2.79	4.84	2.97	13.75	6.44	9.06	6.23	5.02	2.23
ENSMUSG00000044716	9.02	4.22	5.22	0.81	0.37	0.22	1.37	1.1	1.99
ENSMUSG00000040703	61.2	58.28	66.33	19.23	35.33	11.64	17.01	37.01	28.23
ENSMUSG00000063286	1.91	2.45	1.64	6.24	4.94	11.05	3.9	1.51	3.38
ENSMUSG00000026358	29.91	23.3	21.1	26.92	49.9	60.96	19.46	27.53	19.61
ENSMUSG00000068246	1.45	1.97	0.69	1.31	3.24	8.39	5.36	6.16	4.13
ENSMUSG00000000682	58.19	56.18	49.51	278.06	154.94	277.74	246.14	221.26	125.73
ENSMUSG00000091649	0.9	0.44	1.2	5.03	5.83	13.78	9.62	12.88	9.01
ENSMUSG00000132193	1.46	0.46	0.5	0.33	1.54	7.38	5.98	2.15	3.09
ENSMUSG00000085773	3.46	2.66	1.72	2.4	6.74	5.69	1.37	0.52	1.15
ENSMUSG00000034028	1.57	0.97	0.22	0.7	1.82	3.92	2.69	2.14	0.83
ENSMUSG00000110393	1.74	2.88	3.17	2.85	1.59	1.27	0.81	1.36	0.96
ENSMUSG00000047880	0.91	2.32	1.71	8.1	2.32	2.69	1.62	1.03	1.89
ENSMUSG00000052819	85.9	43.41	51.07	11.19	18.06	7.55	14.55	1.56	16.2
ENSMUSG00000020357	7.03	5.45	6.13	12.1	12.98	8.7	4.58	2.64	6.53
ENSMUSG00000057863	1363.48	1563.06	1667.42	1057.98	881.76	954.61	1694.65	2544.84	1316.47
ENSMUSG00000020424	3.29	2.52	3.12	5.98	7.09	5.14	2.85	4.5	1.97
ENSMUSG00000019055	18.17	16.08	15.7	37.02	33.55	25.95	18.61	23.09	15.37
ENSMUSG00000078876	0.58	0.51	0.67	0.29	0.54	0.41	0.12	0.17	0.08
ENSMUSG00000063060	0.76	0.58	1.06	2.46	1.82	1.4	1.11	0.7	0.92
ENSMUSG00000037217	2.34	1.73	1.11	3.33	3.78	3.13	1.56	1.16	2
ENSMUSG00000037922	1.83	2.8	3.27	12.28	4.42	3.9	2.68	1.97	3.12
ENSMUSG00000050640	0.66	0.9	0.65	2.02	3.61	2.64	3.01	0.46	0.64
ENSMUSG00000038415	9.9	6.36	6.37	3.77	6.06	1.12	2.2	1.09	3.36
ENSMUSG00000000693	3.1	3.74	2.14	9.75	10.64	6.3	3.68	5.66	5.25
ENSMUSG00000031278	11.7	11.56	8.55	35.24	18.27	17.89	19.61	13.81	20.82
ENSMUSG00000040447	5.05	3.96	5.47	14.46	12.65	8	6.61	6.07	7
ENSMUSG00000021281	23.06	11.66	6.53	38.21	61.21	113.33	43.8	23.47	37.12
ENSMUSG00000040061	2.83	2.58	1.39	6.64	6.59	5.18	5.23	4.08	3.05
ENSMUSG00000043931	1.02	1.87	1.98	9.26	2.76	3.7	6.42	6.14	2.07
ENSMUSG00000087327	9.99	7.76	9.7	3.28	4.35	4.13	4.84	7.7	8.23
ENSMUSG00000025854	4.25	3.43	3.33	14.02	6.44	8.68	1.71	5.83	4.95
ENSMUSG00000128093	1.79	2.24	2.46	6.3	3.98	7.64	7.49	6.61	2.67
ENSMUSG00000031112	8.14	8.79	8.21	4.36	2.43	3.38	2.05	2.08	4.17
ENSMUSG00000035042	9.92	4.24	5.52	33.38	64.53	61.85	56.93	45.85	14.6
ENSMUSG00000009292	2.55	1.72	3.27	8.53	9.77	8.19	4.66	3.41	3.62
ENSMUSG00000021236	66.92	73.47	71.16	41.93	45.14	26.85	48.08	72.39	70.78
ENSMUSG00000014850	13.31	13.57	13.31	10.69	5.39	4.14	6.48	9.69	6.5
ENSMUSG00000043263	1.43	1.67	1.49	12.21	6.95	18.49	8.24	5.34	4.66
ENSMUSG00000020598	0.42	1.31	1.46	1.54	0.88	1.21	0.77	0.87	0.94
ENSMUSG00000073902	0.81	0.93	0.59	6.41	4.68	11.33	4.06	2.14	3.09
ENSMUSG00000050989	8.79	8.55	7.08	21.3	18.17	13.89	9.86	13.66	9.83
ENSMUSG00000069972	154.64	170.5	181.73	127.88	100.48	137.3	280.33	305.8	160.54
ENSMUSG00000024042	7.01	4.2	3.65	11.48	16	11.84	5.03	4.87	5.4
ENSMUSG00000025165	4.55	3.55	6.79	5.99	14.11	24.37	14.4	6.9	15.68
ENSMUSG00000094433	95.38	75.14	65.43	62.14	232.38	134.1	95.62	169.53	202.25
ENSMUSG00000101036	5.46	4.5	3.93	3.46	4.83	4.78	5.92	14.63	8.01
ENSMUSG00000034066	17	14.1	11.76	6.78	8.15	4.01	5.77	7	8.32
ENSMUSG00000041679	2.83	2	3.05	1.08	1.26	0.66	1.75	1.33	1.03
ENSMUSG00000073530	3.13	2.34	2.5	14.99	5.02	3.84	3.97	5.23	3.9
ENSMUSG00000121828	1.51	4.68	4.75	1.86	4.54	1.33	2.79	1.72	3.1
ENSMUSG00000028268	17.69	6.72	7.01	24.02	28.99	141.21	63.1	30.39	47.88
ENSMUSG00000031616	10.56	9.77	8.8	44.29	27.53	17.05	18.72	18.78	17.33
ENSMUSG00000071715	5.96	8.2	9.08	37.21	19.01	30.66	16.33	16.71	13.98
ENSMUSG00000121767	1.85	1.32	1.56	0.51	0.18	0.21	0.59	1.43	0.1
ENSMUSG00000030148	3.45	2.96	8.16	31.87	22.27	15.95	23.74	30.93	10.54
ENSMUSG00000048373	40.43	48.06	33.24	41.43	30.25	13.51	40.93	58.86	53.83
ENSMUSG00000039676	6.1	6.94	4.47	1.31	2.48	0.94	1.01	1.09	3.85
ENSMUSG00000117964	1.19	0.46	0.32	2.04	1.31	6.94	2.62	0.65	1.46
ENSMUSG00000076613	7.04	6.21	5.5	59.6	25.25	23.94	29.46	1.86	10.67
ENSMUSG00000019990	4.08	3.71	4.02	12.14	8.93	6.19	4.51	4.3	4.2
ENSMUSG00000022126	0	0.2	0.07	12.45	2.88	8.45	6	0.96	0.76
ENSMUSG00000039252	1.09	2.01	0.9	41.54	9.58	8.64	9.53	20.45	3.55
ENSMUSG00000027074	38.2	34.54	25.97	84.08	81.1	78.2	46.15	43.77	37
ENSMUSG00000000244	0.65	1.44	1.92	8.29	3.44	4.4	4.82	2.53	2.68
ENSMUSG00000032373	3.34	3.61	2.07	9.67	4.99	4.26	5.06	27.89	3.26
ENSMUSG00000047842	0.86	1.4	1.18	0.48	0.65	0.8	1.18	2.68	1.63
ENSMUSG00000060716	47.2	37.74	33.82	19.51	23.19	11.05	17.51	15.58	34.89
ENSMUSG00000024842	0.19	0.93	0.4	1.87	1.31	1.61	0.98	1.01	0.68
ENSMUSG00000030711	165.37	166.65	135.25	38.88	60.65	27.88	84.55	170.39	120.09
ENSMUSG00000121486	8.9	6.11	6.08	7.37	3.32	3.17	3.38	2.99	2.24
ENSMUSG00000035561	133.95	122.2	125.84	41.66	47.26	29.58	65.44	165.05	55.68
ENSMUSG00000026784	24.87	22.3	17.99	23.47	9.39	7.13	18.44	28.05	20.68
ENSMUSG00000090124	111.8	102.37	79.51	56.79	56.09	32.08	57.95	87.14	91.54
ENSMUSG00000015968	4.93	4.51	4.06	12.24	9.41	6.9	6.1	6.14	4.52
ENSMUSG00000097705	2.73	4.31	3.77	18.24	11.41	11.46	6.82	6.11	5.88
ENSMUSG00000066682	0.45	1.99	1.09	6.9	2.98	5.12	3.93	2.72	2.67
ENSMUSG00000039109	11.52	10.52	12.21	36.44	40.87	31	17.97	21.24	19.43
ENSMUSG00000008398	8.56	9.7	8.77	28.45	17.67	17.6	13.29	14.3	12.4
ENSMUSG00000030468	1.33	2.37	4.33	9.81	3.93	3.4	2.44	0.89	1.93
ENSMUSG00000097084	3.95	3.82	2.68	0.73	1.28	0.56	1.75	2.91	1.36
ENSMUSG00000139288	16.29	15.57	22.98	1.83	0.76	0	3.42	8.69	3.72
ENSMUSG00000044156	81.34	71.85	76.49	29.88	50.64	31.49	52.62	79.95	67.64
ENSMUSG00000002992	3.22	6.39	3.19	18.4	14.43	10.54	15.1	10.04	3.07
ENSMUSG00000026395	14.75	15.26	11.95	78.22	44.67	70.84	38.3	27.86	28.4
ENSMUSG00000121920	3.47	7.31	8.24	5.41	4.88	4.47	1.18	2.19	2.66
ENSMUSG00000028931	4.77	4.05	3.47	10.43	9.95	10.84	5.73	4.69	5.72
ENSMUSG00000071856	11.5	9.81	11.38	5.49	5.4	4.59	3.01	3.6	3.35
ENSMUSG00000002228	27.97	31.63	26.08	29.14	64.17	32.62	8.37	10.84	19.09
ENSMUSG00000055373	10	10.19	12.52	0.45	0.43	0.17	0.79	0.08	0.71
ENSMUSG00000139315	0.41	4.3	0.42	46.27	24.65	21.04	12.58	10.53	5.2
ENSMUSG00000074622	17.23	13.18	11.03	51.85	58.01	33.8	24.6	26.18	19.78
ENSMUSG00000021614	9.86	12.21	8.72	52.48	24.51	23.66	13.52	15.54	17.76
ENSMUSG00000002699	2.75	2.61	1.91	19.88	14.79	15.82	12.58	8.61	5.5
ENSMUSG00000012519	12	11.96	8.68	18.84	18.6	31.92	22.87	16.2	30.68
ENSMUSG00000041134	5.02	4.68	4.8	11.59	12.5	9.46	4.54	2.38	6.82
ENSMUSG00000074677	0.18	0.18	1.01	21.19	11.39	21.49	11.57	9.72	6.91
ENSMUSG00000042784	13.29	9.48	13.16	22.92	42.64	46.71	26.78	3.26	13.08
ENSMUSG00000021806	5.45	4.47	9.04	18.79	10.48	7.34	5.91	9.18	5.81
ENSMUSG00000066362	52.78	67.83	28.68	13.57	16.77	26.56	37.14	48.14	54.36
ENSMUSG00000030742	0.87	1.69	1.22	11.08	4.64	9.46	7.31	9.12	2.51
ENSMUSG00000058914	16.13	17.13	11.95	2.51	3.43	4.26	7.26	13.08	6.12
ENSMUSG00000007805	1.5	2.08	1.57	5.74	3.51	3.84	3.9	3.73	2.59
ENSMUSG00000142008	2.02	2.39	2.41	0.67	1.69	0.58	1.49	1.28	1.31
ENSMUSG00000016458	0.25	0.26	0.04	2.16	0.55	2.23	0.94	1.97	0.36
ENSMUSG00000097391	1.62	0.75	1.25	2.67	2.27	3.53	2.25	2.93	1.52
ENSMUSG00000045761	0.03	0.19	0.06	2.27	1.54	0.86	0.2	0.76	0.19
ENSMUSG00000004707	1.23	1.34	1.59	9.85	4.65	6.66	5.49	4.98	3.13
ENSMUSG00000078670	41.06	49.45	39.62	18.6	24.23	16.29	25.94	40.69	38.33
ENSMUSG00000050370	2.98	1.86	2.26	7.18	17.28	8.52	9.66	5.55	7.02
ENSMUSG00000075010	177.64	139.46	149.59	256.22	415.9	970.07	900.29	477.96	765.09
ENSMUSG00000026826	3.2	2.26	1.08	3.82	2.96	2.63	4.36	2.44	3.6
ENSMUSG00000027840	9.2	7.65	7.48	20.35	22.68	13.56	8.3	9	11.5
ENSMUSG00000025491	43.27	43.46	34.04	817.83	381.09	420.5	281.04	260.61	145.84
ENSMUSG00000032690	1.6	0.95	0.38	5.92	8.85	14.08	6.43	5.03	4.57
ENSMUSG00000022586	1.68	0.36	0.53	4.92	5.48	22.99	8.32	2.89	6.54
ENSMUSG00000045382	3.81	6.25	4.24	25.15	15.16	20.6	10.55	7.98	11.57
ENSMUSG00000000037	2.26	0.98	1.61	0.69	2.77	1.95	1.13	0.51	0.69
ENSMUSG00000030220	21.4	20.93	23.13	122.29	67.25	111.96	74.15	67.75	44.7
ENSMUSG00000025967	631.47	712.99	913.58	595.01	344.71	333.22	680.75	1083.33	509.95
ENSMUSG00000086564	0.22	0.16	0.21	0.99	0.79	0.54	0.73	0.58	0.11
ENSMUSG00000110317	2.43	2.6	3.41	2.02	1.9	1.27	0.5	1.28	1.33
ENSMUSG00000004296	0.26	0.35	0.1	0.75	1.4	1.35	2.9	0.53	2.86
ENSMUSG00000023913	13.93	17.25	15.33	90.76	57.51	75.65	46.25	46.92	26.34
ENSMUSG00000019817	3.38	4.37	3.79	5.94	7.55	8.17	6.07	6.72	5.32
ENSMUSG00000039934	2.47	2.82	2.39	9.8	5.83	10.61	7.09	5.58	5.23
ENSMUSG00000022894	1.18	1.95	1.68	4.19	3.47	2.49	1.6	2.14	1.55
ENSMUSG00000043110	0.07	0.09	0	1.19	0.21	1.41	0.88	0.74	0.27
ENSMUSG00000001819	120.64	108.31	133.59	59.08	82.85	38.13	21.14	2.59	45.52
ENSMUSG00000032089	4.13	2.98	3.21	17.96	13.73	25.13	15.44	12.27	7.87
ENSMUSG00000002266	0.24	0.27	0.12	0.63	0.86	0.44	0.28	0.31	0.16
ENSMUSG00000104445	2.04	0.75	1.18	0.54	1.11	0.75	1.73	2.38	2.61
ENSMUSG00000050747	8.35	3.35	2.43	51.04	119.21	200.16	56.62	22.55	51.17
ENSMUSG00000046006	0.14	0.32	0.4	4.25	1.26	1.78	2.33	2.34	0.79
ENSMUSG00000005373	27.76	15.54	10.14	4.47	2.84	1.65	3.11	4.88	2.85
ENSMUSG00000038178	8.93	7.66	10.98	18.01	20.83	13.63	10.3	13.06	10.75
ENSMUSG00000040694	5.09	4.8	6.6	1.61	5.1	3.26	1.08	0.74	2.24
ENSMUSG00000022878	2.34	3.36	4.74	9.36	5.74	20.75	7.4	17.53	12.96
ENSMUSG00000053219	11.99	12	17.42	10.46	3.09	2.8	6.78	4.29	9.77
ENSMUSG00000035811	13.79	12.73	11.4	0.75	1.04	0.54	2.32	6.08	2.55
ENSMUSG00000026068	0.52	0.43	0.48	4.2	3.9	4.84	3.39	2.15	1.17
ENSMUSG00000054545	36.32	29.02	26.86	23.75	27.31	16.96	34.33	108.86	29.8
ENSMUSG00000085184	4.64	5.77	5.12	1.09	3	0.91	2.11	1.76	3.61
ENSMUSG00000013974	0.54	0.39	0.58	10.44	2.25	6.78	2.42	2.65	2.05
ENSMUSG00000118370	4.99	5.04	7.23	1.13	3.39	1.7	0.85	0.33	1.61
ENSMUSG00000039313	1.56	1.09	3.04	0.09	0.34	0.24	0.05	0.03	0.56
ENSMUSG00000052117	74.53	66.27	73.21	20.63	24.17	10.48	28.93	18.73	43.03
ENSMUSG00000017344	2.81	2.17	1.75	5.14	6.32	11.47	10.69	5.85	2.15
ENSMUSG00000028544	5.09	2.95	5.64	36.21	91.4	43.2	14.77	8.52	17.2
ENSMUSG00000029321	1.2	2.12	1.78	7.15	10.99	6.5	3.08	2.79	2.71
ENSMUSG00000026249	10.91	16.06	14.32	68.22	23.21	19.61	35.78	65.43	13.04
ENSMUSG00000022389	44.57	48.5	57.38	28.89	47.81	26.85	9.73	12.09	15.24
ENSMUSG00000050505	0.4	0.34	0.32	0.96	0.79	0.63	0.49	0.64	0.36
ENSMUSG00000036887	63.15	50.02	65.05	276.93	254.16	282.99	239.19	234.27	133.19
ENSMUSG00000005718	14.2	15.59	17.01	8.59	6.3	3.32	5.43	13.42	4.21
ENSMUSG00000021416	13.43	8.98	6.56	1.96	4.37	4.96	3.25	7.53	6.81
ENSMUSG00000038552	2.24	2.46	2.2	6.01	6.65	5.17	2.87	3.41	4.18
ENSMUSG00000032643	4.14	3.4	2.64	8.03	5.23	5.55	6.69	6.89	7.65
ENSMUSG00000032527	117.38	107.84	133.61	52.4	53.76	30.02	54.59	76.68	69.78
ENSMUSG00000024401	1.45	0.94	1.03	11.35	17.47	17.54	12.76	3.92	4.87
ENSMUSG00000023206	13.86	12.38	12.71	17.98	23.45	22.86	15.18	10.59	12.88
ENSMUSG00000073491	0.93	0.5	0.93	3.85	3.37	14.29	3.93	3	2.41
ENSMUSG00000016283	2.75	1.89	2.82	6.03	11.87	11.2	6.07	4.72	7.23
ENSMUSG00000006567	1.86	1.45	1.68	0.38	0.49	0.15	0.35	0.08	0.75
ENSMUSG00000022656	45.92	54.18	51.07	30.01	24.98	16.66	24.9	36.17	32.33
ENSMUSG00000031596	1.77	2.19	2.53	5.66	4.16	5.71	2.25	2.24	1.71
ENSMUSG00000035171	32.73	34.37	37.66	52.7	51.79	44.5	50	72.6	55.4
ENSMUSG00000135464	0.71	1.36	0.99	3.93	2.57	3.8	2.4	1.46	1.86
ENSMUSG00000074284	1.34	1.38	1.19	0.96	1.18	0.59	0.35	0.61	0.83
ENSMUSG00000111713	0.92	1.27	0.83	0.79	1.85	2.32	1.76	0.65	1.64
ENSMUSG00000067276	0.37	0.51	0.87	2.42	1	2.82	0.96	1.06	0.64
ENSMUSG00000022912	23.97	26.04	24.81	62.3	51.41	45.45	28.52	39.59	32.37
ENSMUSG00000003955	114.35	124.86	127.6	161.43	123.27	83.77	120.52	412.43	145.67
ENSMUSG00000022227	0.33	0.32	1.26	9.44	3.58	7.6	14.94	10.59	4.51
ENSMUSG00000056071	0	0.65	1.88	896.16	108.84	207.9	134.02	111.68	10.14
ENSMUSG00000030515	6.81	6.89	10.23	4.72	3.11	2.97	3.8	3.28	3.34
ENSMUSG00000068263	2.91	2.25	3.63	2.41	2.04	1.6	0.7	0.74	1.34
ENSMUSG00000043587	47.38	48.33	54.21	22.91	21.97	13.25	22.63	23.45	29.94
ENSMUSG00000030413	261.08	245.32	213.31	777.13	779.4	568.78	575.61	413.42	438.46
ENSMUSG00000055809	1.39	1.43	0.8	2.97	2.78	3.68	2.89	2.64	1.52
ENSMUSG00000014907	17.96	16.37	10.77	11.96	6.55	5.11	5.73	6.61	5.25
ENSMUSG00000093916	4.23	3.11	2.37	3.72	9.1	7.21	5.28	4.07	4.81
ENSMUSG00000081303	3.51	2.75	2.36	1.03	1.34	0.97	0.78	1.36	0.64
ENSMUSG00000034115	1.11	0.79	0.65	1.26	2.02	2.21	0.59	0.25	0.89
ENSMUSG00000006538	71.74	47.1	52.45	18.84	40.02	14.45	19.46	30.24	37.88
ENSMUSG00000085887	1.31	0.78	0.29	3.81	2.11	2.2	1.14	0.73	1.19
ENSMUSG00000090084	3.39	6.91	5.23	17.87	8.49	8.38	7.79	17.38	5.84
ENSMUSG00000111394	25.19	28.01	25.09	16.03	25.24	20.45	8.65	7.54	15.85
ENSMUSG00000031129	3.63	2.98	2.63	8.27	8.19	4.79	5.71	5.12	4.49
ENSMUSG00000039683	4.14	3.2	3.26	11	11.43	6.06	4.77	3.89	5.04
ENSMUSG00000060441	2.42	2.35	3.87	7.14	7.02	11.54	5.16	3.87	5.07
ENSMUSG00000021423	5.93	6.2	8.03	40.12	27.48	46.73	33.3	39.46	18.14
ENSMUSG00000055926	2.41	1.46	1.77	5.52	10.06	5.51	5.05	2.94	3.71
ENSMUSG00000033987	0.28	0.1	0.12	0.36	0.57	0.48	0.19	0.38	0.26
ENSMUSG00000047496	7.68	7.76	11.69	5.28	3.64	2.15	3.91	3.41	5.68
ENSMUSG00000073940	21.92	16.78	33.41	65.13	114.01	66.78	6.51	39.5	16
ENSMUSG00000022831	9.48	9.01	9.24	73.58	35.47	48.52	35.52	33.51	18.79
ENSMUSG00000120849	77.32	68.16	61.32	240.96	109.86	97.12	99.28	156.12	74.5
ENSMUSG00000041046	2.49	2.12	3	3.7	5.03	5.29	5.81	3.88	3.72
ENSMUSG00000028524	1.65	3.74	2.44	8.15	9.53	5.56	3.02	3.16	3.7
ENSMUSG00000037624	0.89	1.97	0.74	1.64	1.15	1.18	1.44	6.85	0.77
ENSMUSG00000058057	6	9.53	12.17	0.89	1.56	0.7	4.24	0.5	6.31
ENSMUSG00000053647	2.07	1.2	1.18	0.85	1.49	0.88	0.36	0.34	0.41
ENSMUSG00000029287	22.01	23.56	22.57	72.87	70.25	41.95	27.93	24.86	29.36
ENSMUSG00000041476	16.58	16.82	16.32	0.95	1.36	0.78	0.87	3.06	2.17
ENSMUSG00000027540	35.65	27.02	21.94	88.6	61.01	61.37	43.93	20.53	36.23
ENSMUSG00000041329	14.95	12.4	11.22	31.94	31.46	16.71	12.33	15.22	13.8
ENSMUSG00000029005	0.1	0.31	0.45	3.76	0.99	0.32	0.45	0.73	0.28
ENSMUSG00000094420	127.69	319.57	133.43	549.27	232.62	331.48	834.62	268.89	1167.74
ENSMUSG00000025473	3.56	4.03	1.75	30.89	11.48	8.42	11.34	9.82	6.16
ENSMUSG00000052248	1.17	2.29	2.31	9.03	5.08	5.78	7.35	7	3.13
ENSMUSG00000021091	30.16	27.09	22.12	1142.22	618.1	439.48	335.66	413.73	178.32
ENSMUSG00000126371	3.06	4.81	4.84	2.14	1.19	0.56	1.81	4.4	2.04
ENSMUSG00000102504	0.26	0.83	0.87	2.54	1.87	0.92	0.61	0.62	0.88
ENSMUSG00000052102	33.84	19.71	20.33	48.2	74.58	36.13	30.66	21.04	26.47
ENSMUSG00000027820	0.57	1.38	5.25	1.04	0.78	0.63	0.29	0.18	0.32
ENSMUSG00000054091	54.11	72.84	63.99	100.63	74.54	73.68	94.91	128.42	105.73
ENSMUSG00000020303	5.54	4.34	3.98	12.26	6.97	3.57	8.02	16.38	5.37
ENSMUSG00000037405	10.88	7.04	7.91	41.81	32.49	43.57	34.89	21.85	19.66
ENSMUSG00000048442	11.83	7.9	4.8	2.2	4.9	2.61	3.58	4.02	6.53
ENSMUSG00000024678	15.39	17.57	13.6	36.76	31.83	41.83	26	36.59	26.06
ENSMUSG00000085786	49.66	39.9	45.29	32.68	14.18	12.85	14.59	11.94	11.55
ENSMUSG00000037379	46.53	37.82	27.61	122.72	57.66	44.56	64.03	100.99	52.79
ENSMUSG00000038085	4.54	1.05	3.39	6.38	4.69	6.76	10.37	5.06	4.6
ENSMUSG00000034473	13.02	15.77	13.76	10.2	8.14	6.58	15.24	14.45	12.51
ENSMUSG00000076538	3.28	0.97	4.46	16.92	0	21.25	45.99	6.12	22.96
ENSMUSG00000114828	3.51	6.31	3.38	0.49	1.28	0.37	1.39	3.75	1.09
ENSMUSG00000078695	158.93	155.37	146.99	124.01	75.34	41.38	99.37	184.27	134.02
ENSMUSG00000087006	65.67	41.66	38.62	128.41	156.8	97.96	67.83	68.23	60.21
ENSMUSG00000056487	10.96	12.21	13.16	0.07	0.88	0.2	4.9	0.14	6.05
ENSMUSG00000025938	0.19	0.33	0.17	0.55	0.6	0.65	0.17	0.16	0.62
ENSMUSG00000052776	40.67	32.54	28.11	41.64	65.13	81.71	58.28	41.5	73.1
ENSMUSG00000032827	12.55	10.74	11.66	5.8	7.13	4.32	4.67	5.79	6.51
ENSMUSG00000108207	4.57	8.22	9.28	5.36	1.42	2.18	5.05	7.02	2.33
ENSMUSG00000021384	0.5	0.99	1.8	3.84	4.91	5.22	2.78	3.15	1.55
ENSMUSG00000085683	46.79	31.36	27.3	36.4	45.64	42.14	49.12	81.97	55.82
ENSMUSG00000073043	53.38	55.84	43.73	17.78	26.44	14.23	29.61	60.35	34.44
ENSMUSG00000128928	9.76	7.94	4.62	241.24	40.84	58.86	37.27	19.36	14.28
ENSMUSG00000019122	11.54	13.16	11.83	60.31	70.72	43.73	31.47	62.62	31.79
ENSMUSG00000049744	1.02	1.99	1.55	6.92	3.65	6.79	5.84	4.49	3.55
ENSMUSG00000031391	39.57	40.22	39	26.78	19.35	13.61	18.68	30.2	27.72
ENSMUSG00000057191	1.97	2.71	2.21	22.99	9.57	18.12	10.65	9.54	5.26
ENSMUSG00000020916	1.12	0.74	0.56	8.49	4.13	0.46	2.41	0.35	2.54
ENSMUSG00000022372	3.34	5.54	3.06	28.15	18.36	20.52	12.17	11.15	8.07
ENSMUSG00000023009	3.05	1.47	1.78	7.63	8.18	3.71	2.88	3.59	5.22
ENSMUSG00000022454	1.06	0.68	0.91	2.93	1.43	1.17	1.11	1.83	0.99
ENSMUSG00000125995	0.16	0	0.55	2.16	3.58	12.73	7.46	2.26	3.1
ENSMUSG00000023905	35.88	26.71	10.23	23.66	12.91	12.76	30.96	20.93	57.76
ENSMUSG00000095026	54.71	50.17	46.2	87.19	107.08	62.14	78.64	63.61	117.84
ENSMUSG00000028978	2.83	1.97	2.1	5.41	7.01	3.58	2.29	1.69	4.3
ENSMUSG00000034059	5.14	4.41	4.2	9.43	12.18	8.31	5.18	3.42	3.35
ENSMUSG00000079470	16.18	19.01	13.59	5	3.91	2.81	4.24	4.96	10.33
ENSMUSG00000032589	2.9	2.2	2.14	1.25	0.98	0.74	0.83	1.35	0.91
ENSMUSG00000066026	30.2	29.41	26.39	79.75	67.89	48.14	36.48	57.14	30.99
ENSMUSG00000005763	0.77	1.06	1.05	4.51	3.63	4.17	3.85	3.32	1.3
ENSMUSG00000021573	37.85	42.5	12.41	5.53	8.39	5.24	4.48	6.41	19.75
ENSMUSG00000039521	0.43	0.08	0.32	3.69	2.89	2.71	2.11	0.9	0.58
ENSMUSG00000044867	0.89	1.08	0.49	2.82	1.38	1.51	0.77	0.97	0.66
ENSMUSG00000060487	1.53	1.27	0.75	4.7	1.24	2	1.12	2.16	0.82
ENSMUSG00000040522	1.12	0.61	0.57	8.75	7.08	4.84	3.47	2.34	3.41
ENSMUSG00000103749	0.62	0.92	0.57	1.18	1.86	1.64	0.75	0.44	0.54
ENSMUSG00000034157	61.73	61.47	50.29	23.24	30.11	17.64	15.68	27.25	40.33
ENSMUSG00000032968	2.05	1.66	1.43	3.7	3.69	3.38	1.14	2.58	1.42
ENSMUSG00000066258	31.35	24.03	30.14	39.83	60.89	81.38	42.52	29.95	49.09
ENSMUSG00000024965	5.58	4.52	5.17	29.96	19.93	22.93	15.99	15.33	10.31
ENSMUSG00000021749	892.6	908.77	860.62	463.22	474.4	329.85	623.53	579.62	761.2
ENSMUSG00000050335	1859.53	1795.25	1542.1	629.6	926.5	610.35	596.62	838.78	1536.85
ENSMUSG00000007989	0.42	1.1	0.35	0.68	0.6	0.78	0.75	1.5	0.48
ENSMUSG00000118671	29.43	15.74	14.57	5.65	9.26	7.17	6.69	5.75	15.07
ENSMUSG00000032596	39.28	31.75	31.57	44.93	61.22	95.26	40.85	38.53	43.52
ENSMUSG00000130235	2.64	4.28	4.74	10.77	10.75	9.41	13.58	11.81	9.61
ENSMUSG00000035673	46	26.85	25.23	74.95	130.6	97.21	47.47	26.65	52.96
ENSMUSG00000118667	33.06	29.47	29.69	8.69	16.22	10.72	3.59	3.53	11.01
ENSMUSG00000028862	10.87	9.02	6.21	16	29.24	16.98	7.46	4.05	7.14
ENSMUSG00000034361	16.91	14.94	9.63	36.72	50.16	22.72	21.95	21.21	24.54
ENSMUSG00000054428	339.63	383.11	372.41	407.45	231.55	208.56	422.35	759.45	392.19
ENSMUSG00000039058	0.53	0.54	0.65	1.6	2.47	1.26	0.99	1.76	2.14
ENSMUSG00000022534	0.65	0.78	0.77	9.87	4.13	6.58	4.31	2.75	1.87
ENSMUSG00000022146	8.2	6.67	4.49	31.98	31.7	27.1	13.37	10.92	15.24
ENSMUSG00000057465	66.13	59.02	42.23	85.82	273.27	192.4	66.17	28.63	80.68
ENSMUSG00000079017	31.07	43.75	42.43	178.2	136.59	403.46	378.78	340.7	232.38
ENSMUSG00000007682	0.12	0.09	0.04	4.39	1	0.86	4.79	2.05	0.1
ENSMUSG00000090231	66.32	58.26	66.9	155.56	185.77	154.28	103.46	86.14	83.52
ENSMUSG00000020407	64.03	82.11	35.51	56.31	132.64	748.39	453.04	107.57	565.66
ENSMUSG00000055827	185.51	175.52	221.7	19.96	45.5	14.98	47.11	35.39	139.71
ENSMUSG00000120104	1.81	1.95	3.44	0.6	1.5	0.88	0.82	0.94	0.6
ENSMUSG00000095457	1.82	1.66	1.49	0.87	0.83	0.16	0.8	5.95	1.29
ENSMUSG00000057897	5.52	4.01	9.49	6.46	10.15	9.38	12.52	8.58	22.35
ENSMUSG00000045092	7.29	10.01	9.37	25.53	21.07	17.6	11.47	8.52	11.82
ENSMUSG00000078956	0.64	0.62	1.05	2.67	1.9	1.07	2.35	1.68	0.73
ENSMUSG00000021260	1.94	2.17	2.04	9.38	5.29	3.32	2.47	2.81	1.75
ENSMUSG00000062545	1.78	1.3	1.38	3.8	4.84	10.15	5.78	8.53	4.23
ENSMUSG00000097804	2.41	0.24	2.43	8.47	7.58	12.33	8.32	3.81	5.86
ENSMUSG00000047022	4.19	3.38	2.98	2.05	1.6	1	1.2	2.19	3.33
ENSMUSG00000017868	20.27	15.97	11.52	20.32	49.73	54.59	31.57	14.52	39.51
ENSMUSG00000037463	1.09	0.52	1.53	1.55	1.17	1.52	0.62	0.89	0.81
ENSMUSG00000024014	19.2	14.81	14.86	49.37	52.56	64.44	48.35	31.95	30.3
ENSMUSG00000058624	31.8	25.42	22.26	116.56	135.79	96.22	60.12	38.14	88.33
ENSMUSG00000078612	0.56	0.54	0.51	1.04	0.95	0.57	0.54	1.9	1.34
ENSMUSG00000063889	8.77	11.23	7.9	22.04	16.87	23.81	26.12	15.16	25.46
ENSMUSG00000040133	0.68	0.64	0.89	2.14	1.25	1.19	0.72	1.53	0.8
ENSMUSG00000049721	31.72	20.06	28.31	7.72	13.71	6.4	11.74	20.76	19.38
ENSMUSG00000074039	7.8	4.88	5.8	3.94	2.7	1.69	3.26	2.73	2.03
ENSMUSG00000061878	3.41	7.66	4.7	31.38	24.11	14.25	13.16	8.9	8.77
ENSMUSG00000031480	1.49	1.56	1.37	2.99	2.67	2.47	1.07	0.97	1.22
ENSMUSG00000027435	7.93	7.73	8.06	23.12	15.53	16.72	9.83	8.86	14.32
ENSMUSG00000021886	1.19	1.34	2.14	12.09	6.73	11.18	7.65	7.94	3.53
ENSMUSG00000001436	14.26	11.73	11.38	14.26	6.99	4.31	5.74	8.7	5.46
ENSMUSG00000018217	463.8	476.44	375.29	140.09	157.34	164.86	164.51	145.8	361.48
ENSMUSG00000031963	0.72	0.86	0.8	5.19	3.28	2.09	2.35	6.85	1.41
ENSMUSG00000061762	20.3	22.5	15.36	171.77	434.9	626.21	132.64	35.65	107.52
ENSMUSG00000027533	9.66	11.97	12.26	125.8	48.09	49.25	46.48	30.32	28.05
ENSMUSG00000060802	675.24	579.8	586.05	1775.62	1589.43	2740.94	2752.54	2178.73	1845.48
ENSMUSG00000024869	2.35	2.24	1.44	1.92	1.39	1.02	0.6	1.17	0.64
ENSMUSG00000052496	0.82	0.55	0.81	0.41	0.28	0.21	0.42	0.32	0.53
ENSMUSG00000097081	0.19	0.08	0.23	0.66	0.52	0.67	0.69	0.83	0.2
ENSMUSG00000026638	67.42	63.46	60.14	31.19	25.16	25.46	31.52	35	54.74
ENSMUSG00000133755	3.64	6.3	6.93	1.97	2.34	2.03	2.51	3.23	2.07
ENSMUSG00000078780	0.09	0.12	0	7.04	5.38	2.45	3.84	2.25	0.7
ENSMUSG00000030317	2.46	1.98	3.64	1.41	0.82	0.47	0.95	0.42	1.85
ENSMUSG00000040699	6.82	8.4	6.21	31.93	20.09	22.59	25.01	23.83	9.67
ENSMUSG00000099974	2.57	1.52	1.72	16.19	9.97	17.99	30.8	13.73	11.98
ENSMUSG00000064080	24.18	24.87	19.64	76.94	45.36	43.52	27.99	49.63	21.39
ENSMUSG00000037649	25.58	14.16	14.93	49.59	43.58	88.37	94.72	76.79	54.67
ENSMUSG00000116692	16.1	27.08	27.88	12.96	11.05	5.66	17.59	6.08	16.44
ENSMUSG00000014599	18.33	14.13	14.41	29.41	36.93	30.19	21.63	18.01	18.89
ENSMUSG00000086427	177.13	167.31	181.67	57.94	91.29	38.6	58.42	43.14	65.41
ENSMUSG00000018008	10.22	8.15	9.23	49.58	40.09	33.56	21.13	24.08	16.32
ENSMUSG00000059743	61.69	69.59	50.7	105.46	69.99	58.12	115.21	95.81	135.41
ENSMUSG00000143161	3.61	3.75	4.37	24.48	12.41	12.99	11.73	8.59	6.16
ENSMUSG00000022941	1.44	1.71	1.18	3.77	3.17	1.96	2.02	3.75	2.25
ENSMUSG00000076928	1.12	3.95	0.94	13.77	4.53	18.12	7.42	11.1	3.07
ENSMUSG00000038037	2.38	0.82	0.51	5.11	8.8	26.46	17.55	6.24	7.26
ENSMUSG00000047330	3.96	4.5	4.64	21.8	14.06	9.37	7.16	10.83	3.88
ENSMUSG00000116895	4.55	1.33	2.16	2.13	1.73	1.62	0.71	1.17	0.59
ENSMUSG00000087281	8.22	8.89	9.71	20.56	31.92	27.15	10.07	6.48	10.01
ENSMUSG00000107756	3.66	3.11	2.33	2.9	2.76	1.95	0.78	0.68	1.88
ENSMUSG00000062006	783.01	1007.71	1233.76	952.48	624.74	717.77	1374.9	2110.97	1086.69
ENSMUSG00000033578	2.8	3.21	3.14	1.35	1.24	0.77	0.63	3.13	1.44
ENSMUSG00000106535	2.39	4.6	4.07	1.93	1.6	1.04	1.4	1.01	3.27
ENSMUSG00000076435	46.64	38.94	28.84	26.6	24.63	10.74	27.31	66.15	24.64
ENSMUSG00000113669	1.47	0.86	0.39	2.67	3.72	2.73	2.65	2.6	0.95
ENSMUSG00000020098	52.77	57.94	65.81	31.46	18.6	26.35	51.68	83	31.7
ENSMUSG00000022309	2.19	1.91	1.85	5.63	2.88	3.93	2.44	2.7	1.77
ENSMUSG00000136383	1.87	1.69	4.78	1.15	1.97	1.33	0.52	0.28	0.47
ENSMUSG00000027605	90.45	79.86	91.33	33.62	31.93	15.18	35.29	34.3	57.17
ENSMUSG00000031239	4.92	6.24	7.39	44.61	7.84	10.93	13.91	26.76	6.72
ENSMUSG00000076668	1.02	3.77	5.36	13.14	16.21	14.55	30.09	30.17	30.61
ENSMUSG00000024481	0.12	0.2	0.05	1.05	0.6	1.08	0.48	0.64	0.36
ENSMUSG00000024673	2.89	4.6	3.24	19.9	4.98	4.39	3.38	1.34	3.84
